timestamp,mom_ret_5,vol_std_5,trend_ema_dist_5,mom_ret_20,vol_std_20,trend_ema_dist_20,mom_ret_50,vol_std_50,trend_ema_dist_50,osc_rsi_14,vol_atr_14,osc_rsi_28,vol_atr_28,osc_macd,osc_macd_signal,osc_macd_hist,vol_bb_width,vol_bb_pctb,flow_vol_zscore,flow_vwap_dist,flow_obv,ctx_minute_of_day,ctx_session_progress,ctx_day_of_week,noise_random_walk
2024-04-01 09:15:00,,,0.0,,,0.0,,,0.0,50.0,,50.0,,0.0,0.0,0.0,,,,,0.0,555,0.0,0.0,0.034193
2024-04-01 09:20:00,,,0.011623,,,0.013803,,,0.014238,50.0,,50.0,,0.146058,0.081143,0.064915,,,,,0.026901,560,0.013514,0.0,1.39394
2024-04-01 09:25:00,,,-0.006874,,,-0.006886,,,-0.006824,93.86646,,96.949807,,0.014622,0.05388,-0.039259,,,,,0.00583,565,0.027027,0.0,2.618661
2024-04-01 09:30:00,,,-0.05229,,,-0.063623,,,-0.065677,76.885823,,87.676849,,-0.713091,-0.205934,-0.507157,,,,,-0.162818,570,0.040541,0.0,2.108354
2024-04-01 09:35:00,,,-0.057163,,,-0.07892,,,-0.08319,70.185907,,83.613061,,-1.454025,-0.577213,-0.876812,,,,,-0.283142,575,0.054054,0.0,1.810385
2024-04-01 09:40:00,-0.209285,0.048412,-0.093898,,,-0.13389,,,-0.141982,57.987017,,75.480001,,-2.740563,-1.163601,-1.576962,,,,,-0.394909,580,0.067568,0.0,1.283001
2024-04-01 09:45:00,-0.228505,0.041648,-0.054347,,,-0.100664,,,-0.110996,58.818196,,75.743834,,-3.419217,-1.734437,-1.68478,,,,,-0.295543,585,0.081081,0.0,1.852727
2024-04-01 09:50:00,-0.072006,0.091126,0.050748,,,0.025922,,,0.017989,68.011244,,78.917066,,-2.414382,-1.897841,-0.516541,,,,,-0.168603,590,0.094595,0.0,1.796663
2024-04-01 09:55:00,-0.030783,0.085081,0.006186,,,-0.012939,,,-0.020314,63.249896,,75.701129,,-2.140743,-1.953952,-0.186791,,,,,-0.323289,595,0.108108,0.0,2.543548
2024-04-01 10:00:00,-0.043176,0.086501,-0.030855,,,-0.055899,,,-0.064476,57.687539,,71.819482,,-2.524841,-2.081865,-0.442976,,,,,-0.385301,600,0.121622,0.0,0.696223
2024-04-01 10:05:00,0.101015,0.0756,0.014893,,,-0.002215,,,-0.009936,61.376399,,73.253738,,-2.13141,-2.092705,-0.038705,,,,,-0.136945,605,0.135135,0.0,2.262772
2024-04-01 10:10:00,0.132586,0.075828,0.03734,,,0.033792,,,0.028169,63.997268,,74.305259,,-1.305857,-1.923723,0.617866,,,,,0.018624,610,0.148649,0.0,2.16634
2024-04-01 10:15:00,0.018539,0.048259,0.036857,,,0.045097,,,0.041791,65.113484,,74.755891,,-0.447505,-1.611304,1.163799,,,,,0.076201,615,0.162162,0.0,2.846718
2024-04-01 10:20:00,-0.019754,0.059023,-0.028465,,,-0.030169,,,-0.034376,56.772989,44.997143,69.216825,,-0.831984,-1.44827,0.616286,,,,,-0.10329,620,0.175676,0.0,2.710152
2024-04-01 10:25:00,0.039796,0.052306,-0.014522,,,-0.02063,,,-0.02531,57.265889,44.227857,69.41334,,-1.022904,-1.360094,0.33719,,,,,0.002084,625,0.189189,0.0,2.331054
2024-04-01 10:30:00,0.062657,0.057959,0.041077,,,0.048932,,,0.046657,62.530904,44.280714,71.567279,,-0.12084,-1.105065,0.984225,,,,,0.232916,630,0.202703,0.0,2.794164
2024-04-01 10:35:00,-0.0956,0.078025,-0.050557,,,-0.060092,,,-0.064699,51.950977,45.706429,64.353736,,-1.050909,-1.093984,0.043075,,,,,-0.017029,635,0.216216,0.0,3.618677
2024-04-01 10:40:00,-0.145696,0.075221,-0.055064,,,-0.081633,,,-0.089355,49.480817,45.367143,62.562078,,-2.202358,-1.319725,-0.882633,,,,,-0.22782,640,0.22973,0.0,3.416147
2024-04-01 10:45:00,-0.234453,0.097348,-0.148997,,,-0.221987,,,-0.238682,38.995601,47.715714,54.325858,,-5.475673,-2.163069,-3.312604,,,,,-0.43347,645,0.243243,0.0,3.263361
2024-04-01 10:50:00,-0.350561,0.095232,-0.172497,,,-0.29508,,,-0.323438,33.955299,48.348571,49.894962,,-9.528859,-3.653409,-5.87545,0.481086,-0.209604,,,-0.69235,650,0.256757,0.0,3.94906
2024-04-01 10:55:00,-0.587188,0.054502,-0.222659,-0.632812,0.078914,-0.406756,,,-0.451078,28.188987,52.054286,44.378678,,-14.927326,-5.929183,-8.998143,0.642416,-0.232746,,,-0.815499,655,0.27027,0.0,3.078719
2024-04-01 11:00:00,-0.479127,0.073298,-0.154076,-0.669938,0.077834,-0.370756,,,-0.428705,27.926456,46.142857,44.118664,,-19.053104,-8.573479,-10.479625,0.745787,-0.097474,,,-1.051885,660,0.283784,0.0,1.564336
2024-04-01 11:05:00,-0.552459,0.064057,-0.173233,-0.750457,0.079439,-0.425917,,,-0.499336,24.767016,47.003571,40.953761,,-23.625542,-11.601767,-12.023775,0.868567,-0.091129,,,-1.132845,665,0.297297,0.0,1.959317
2024-04-01 11:10:00,-0.343747,0.082701,-0.088165,-0.627633,0.080564,-0.344806,,,-0.429426,28.166629,47.576429,42.612113,,-26.26965,-14.549263,-11.720387,0.951766,0.036395,,,-0.952905,670,0.310811,0.0,1.288752
2024-04-01 11:15:00,-0.203505,0.088972,-0.03824,-0.556731,0.081713,-0.281582,,,-0.374075,30.697852,49.629286,43.839794,,-27.54011,-17.157285,-10.382824,1.008497,0.120459,,,-0.736115,675,0.324324,0.0,-0.631589
2024-04-01 11:20:00,-0.043355,0.058125,-0.026305,-0.467585,0.08053,-0.253777,,,-0.352604,30.652071,47.007857,43.801548,,-28.225308,-19.3776,-8.847708,1.061408,0.160205,,,-0.816523,680,0.337838,0.0,-1.445643
2024-04-01 11:25:00,-0.2566,0.111546,-0.165387,-0.697909,0.091402,-0.426579,,,-0.539588,23.700366,49.572143,37.590515,,-31.924552,-21.893073,-10.031479,1.174804,0.034605,,,-1.008556,685,0.351351,0.0,-1.91324
2024-04-01 11:30:00,-0.184321,0.107339,-0.132531,-0.86201,0.082539,-0.413348,,,-0.539586,22.862384,51.489286,36.778874,48.243214,-34.966004,-24.512726,-10.453278,1.251019,0.070823,,,-1.150609,690,0.364865,0.0,-3.106443
2024-04-01 11:35:00,-0.211536,0.102992,-0.079175,-0.807307,0.083522,-0.359452,,,-0.495941,24.061966,51.495714,37.360754,47.861786,-36.711108,-26.956184,-9.754924,1.303913,0.129681,,,-0.94447,695,0.378378,0.0,-4.598907
2024-04-01 11:40:00,-0.21255,0.102812,-0.03292,-0.725235,0.084912,-0.296786,,,-0.440214,26.708761,49.365714,38.623986,46.823214,-37.166551,-29.000788,-8.165763,1.337508,0.188247,,-0.518301,-0.906953,700,0.391892,0.0,-4.562269
2024-04-01 11:45:00,-0.33665,0.105338,-0.105692,-0.902764,0.084388,-0.38007,,,-0.534213,23.062942,51.485714,35.497453,48.596071,-39.130716,-31.028782,-8.101934,1.375459,0.138705,,-0.615186,-1.055882,705,0.405405,0.0,-3.665019
2024-04-01 11:50:00,-0.140365,0.060522,-0.087228,-0.968596,0.082074,-0.365026,,,-0.528987,22.404933,49.419286,34.91194,47.393214,-40.622746,-32.949096,-7.673649,1.382749,0.157549,,-0.617131,-1.202833,710,0.418919,0.0,-3.898152
2024-04-01 11:55:00,-0.179029,0.063753,-0.106193,-1.057839,0.080681,-0.393784,,,-0.56869,20.590969,44.255,33.279776,45.985357,-42.502254,-34.86094,-7.641314,1.375022,0.141956,,-0.669661,-1.319482,715,0.432432,0.0,-4.641748
2024-04-01 12:00:00,-0.248029,0.057481,-0.107681,-1.033784,0.080444,-0.404824,,,-0.590969,19.300161,43.875,32.086509,46.111786,-44.39351,-36.768421,-7.625089,1.376972,0.140036,,-0.697127,-1.4096,720,0.445946,0.0,-4.256754
2024-04-01 12:05:00,-0.155169,0.093479,0.010088,-0.918709,0.088681,-0.254719,,,-0.444461,29.826867,41.025,37.269521,46.539643,-43.323647,-38.079998,-5.243649,1.312987,0.250731,,-0.541268,-1.207909,725,0.459459,0.0,-3.539518
2024-04-01 12:10:00,-0.083658,0.079873,-0.029312,-1.047667,0.083879,-0.278494,,,-0.472781,28.090157,41.317857,36.015015,43.730357,-42.888849,-39.04208,-3.846768,1.191164,0.224143,,-0.56993,-1.351671,730,0.472973,0.0,-3.839529
2024-04-01 12:15:00,-0.038388,0.081238,-0.006095,-0.911884,0.08395,-0.233204,,,-0.429815,29.734148,41.538571,36.837678,44.271071,-41.717666,-39.577337,-2.140329,1.073475,0.255252,,-0.519356,-1.143372,735,0.486486,0.0,-3.294861
2024-04-01 12:20:00,0.141611,0.085336,0.067842,-0.773156,0.090713,-0.11334,,,-0.306249,37.910939,41.653571,41.042515,44.615,-38.508374,-39.3635,0.855126,0.906129,0.371694,,-0.382208,-0.940945,740,0.5,0.0,-2.251985
2024-04-01 12:25:00,0.165944,0.079904,0.024535,-0.636595,0.085427,-0.130309,,,-0.320483,36.591433,42.159286,40.243076,45.894286,-36.078164,-38.706323,2.628159,0.786282,0.353373,,-0.380579,-1.150594,745,0.513514,0.0,-2.458942
2024-04-01 12:30:00,0.057292,0.062208,0.025915,-0.513181,0.083969,-0.104749,,,-0.291189,37.671271,40.825,40.795836,43.916429,-33.518957,-37.668712,4.149755,0.686524,0.390432,,-0.358117,-1.118728,750,0.527027,0.0,-3.272457
2024-04-01 12:35:00,0.147505,0.050419,0.04132,-0.316377,0.078607,-0.062067,,,-0.242838,40.420162,41.161429,42.190924,45.366786,-30.517989,-36.238415,5.720427,0.635123,0.463282,,-0.283392,-0.937763,755,0.540541,0.0,-2.924807
2024-04-01 12:40:00,0.159479,0.050149,0.048967,-0.276055,0.079327,-0.027057,,,-0.200643,42.839784,36.431429,43.423126,43.960357,-27.270646,-34.444709,7.174063,0.575846,0.539337,,-0.221033,-0.71913,760,0.554054,0.0,-2.677261
2024-04-01 12:45:00,-0.038227,0.053048,-0.027192,-0.260065,0.078426,-0.10548,,,-0.276346,38.177277,37.152143,40.898652,44.323929,-25.950315,-32.745715,6.795399,0.548706,0.401492,,-0.290306,-0.928074,765,0.567568,0.0,-1.578448
2024-04-01 12:50:00,0.027236,0.053908,0.004835,-0.266702,0.078198,-0.064216,,,-0.230553,40.83813,38.95,42.235034,44.157857,-24.028845,-31.002246,6.9734,0.496761,0.487419,,-0.23288,-0.900843,770,0.581081,0.0,-2.863029
2024-04-01 12:55:00,0.169839,0.087208,0.107786,-0.140996,0.086579,0.083682,,,-0.070518,51.153828,37.544286,47.810968,44.515,-19.552725,-28.712242,9.159517,0.439586,0.85885,,-0.062376,-0.879775,775,0.594595,0.0,-3.524642
2024-04-01 13:00:00,0.014918,0.110592,-0.007325,-0.258263,0.090076,-0.031691,,,-0.180281,44.785567,41.590714,44.442105,45.505,-17.870062,-26.54373,8.673669,0.341996,0.651674,,-0.140774,-1.02008,780,0.608108,0.0,-4.362809
2024-04-01 13:05:00,0.093264,0.120826,0.068751,0.073741,0.07957,0.071193,,,-0.066749,50.907864,44.247857,47.978098,44.251429,-14.440501,-24.123017,9.682516,0.363765,0.936346,,0.004853,-0.800626,785,0.621622,0.0,-6.096824
2024-04-01 13:10:00,0.223855,0.104554,0.072924,0.147802,0.079476,0.101116,,,-0.024929,52.975791,43.147857,49.212575,43.511429,-10.885687,-21.475492,10.589805,0.403282,0.976169,,0.074433,-0.731702,790,0.635135,0.0,-5.970389
2024-04-01 13:15:00,0.158141,0.110138,0.027839,0.102771,0.07992,0.063232,,,-0.0535,51.196026,42.245714,48.301673,41.635357,-8.51735,-18.883817,10.366468,0.425585,0.865814,,0.064964,-0.859636,795,0.648649,0.0,-5.442585
2024-04-01 13:20:00,0.221852,0.130125,0.165552,0.293717,0.093289,0.256705,,,0.159429,61.152401,47.663571,54.489885,44.490714,-2.731954,-15.653399,12.921444,0.539548,1.170767,-1.569363,0.308647,-0.827686,800,0.662162,0.0,-6.181375
2024-04-01 13:25:00,0.444546,0.093226,0.179183,0.523547,0.08912,0.32563,-0.492008,0.087965,0.251007,64.782692,49.337143,56.994612,45.437857,3.63178,-11.796319,15.428098,0.677555,1.148361,-0.222522,0.407673,-0.699948,805,0.675676,0.0,-4.795728
2024-04-01 13:30:00,0.250814,0.118541,0.064274,0.465758,0.091748,0.219468,-0.603083,0.088373,0.160656,59.953212,48.348571,54.504576,45.001071,7.131061,-8.010808,15.141869,0.739362,0.950394,-0.171935,0.328951,-0.833701,810,0.689189,0.0,-3.973803
2024-04-01 13:35:00,0.249047,0.118579,0.068765,0.577279,0.088994,0.233643,-0.539886,0.088645,0.190691,61.410545,47.05,55.453954,44.604643,10.470484,-4.314523,14.785007,0.783453,0.93795,-0.559471,0.361208,-0.723172,815,0.702703,0.0,-3.346427
2024-04-01 13:40:00,0.367588,0.109868,0.103878,0.720553,0.087594,0.290129,-0.371048,0.089087,0.265578,64.525,47.946429,57.513632,44.385714,14.491709,-0.553255,15.044963,0.82328,0.979084,-0.958314,0.447937,-0.641045,820,0.716216,0.0,-2.94472
2024-04-01 13:45:00,0.161451,0.073468,0.079097,0.611761,0.085247,0.275727,-0.315955,0.089011,0.268016,65.041843,46.494286,57.857363,43.827857,17.735787,3.104571,14.631216,0.876685,0.931894,0.390495,0.454822,-0.468741,825,0.72973,0.0,-1.98905
2024-04-01 13:50:00,0.156305,0.072251,0.118146,0.764968,0.084085,0.338261,-0.127454,0.089361,0.350291,68.337198,49.294286,60.079112,42.862857,21.798863,6.843443,14.95542,0.93083,0.97146,-1.568566,0.552265,-0.429824,830,0.743243,0.0,-3.32103
2024-04-01 13:55:00,0.266485,0.037138,0.096954,0.772169,0.084019,0.330619,-0.109951,0.089445,0.361152,69.208275,47.124286,60.678193,42.138214,25.213743,10.517514,14.696229,0.972767,0.939609,0.734855,0.550427,-0.233076,835,0.756757,0.0,-2.707101
2024-04-01 14:00:00,0.325268,0.040572,0.129638,0.761735,0.0836,0.387386,-0.144473,0.088513,0.438987,72.153941,46.756429,62.748122,42.853214,29.319811,14.277983,15.041828,1.052374,0.963148,1.02103,0.610822,-0.014416,840,0.77027,0.0,-2.104324
2024-04-01 14:05:00,0.409741,0.063226,0.200602,0.965699,0.086987,0.505704,0.067976,0.09168,0.584468,76.424928,45.622857,66.010963,41.583571,35.226686,18.467731,16.758955,1.164521,1.024811,-1.371645,0.767708,0.036625,845,0.783784,0.0,-3.872042
2024-04-01 14:10:00,0.36556,0.076549,0.114158,0.921737,0.08841,0.430673,0.091666,0.091455,0.531023,74.328483,44.06,65.002749,42.825357,38.935012,22.561194,16.373818,1.228267,0.936052,-1.044492,0.723471,-0.03779,850,0.797297,0.0,-3.525012
2024-04-01 14:15:00,0.322021,0.075442,0.112568,0.940559,0.088399,0.439077,0.093047,0.091471,0.560722,75.674508,42.586429,66.011133,43.417143,42.364639,26.521888,15.842751,1.289424,0.921496,-0.068908,0.742189,0.102361,855,0.810811,0.0,-3.775434
2024-04-01 14:20:00,0.286376,0.081252,0.069538,0.899843,0.089209,0.389551,0.043467,0.091303,0.528691,75.038079,44.071429,65.716189,43.609643,44.422346,30.101983,14.320363,1.32607,0.869647,1.184808,0.681574,-0.125592,860,0.824324,0.0,-2.993911
2024-04-01 14:25:00,0.237065,0.078069,0.07856,1.03923,0.083403,0.396093,0.073697,0.091519,0.552508,76.300305,43.913571,66.625559,43.079643,46.384361,33.358461,13.0259,1.32265,0.868029,1.170526,0.677721,0.104581,865,0.837838,0.0,-3.432973
2024-04-01 14:30:00,-0.010585,0.05483,0.001572,0.927524,0.088141,0.289068,0.077153,0.091458,0.455625,70.267109,40.405,63.856068,44.034286,46.040508,35.894872,10.145636,1.277728,0.784845,0.206993,0.56648,-0.059037,870,0.851351,0.0,-3.451214
2024-04-01 14:35:00,0.000625,0.053662,-0.010953,0.751254,0.085207,0.245103,0.052475,0.091497,0.418931,68.88152,39.658571,63.212371,44.497857,44.926451,37.701189,7.225263,1.253902,0.745922,-1.677073,0.522846,-0.088846,875,0.864865,0.0,-3.108362
2024-04-01 14:40:00,-0.035318,0.04644,0.005205,0.889858,0.077112,0.238683,-0.004958,0.090893,0.419209,69.555307,40.844286,63.608844,44.596429,43.874332,38.935818,4.938514,1.168891,0.74195,-0.670858,0.509951,0.009638,880,0.878378,0.0,-3.984624
2024-04-01 14:45:00,0.096049,0.07439,0.085563,0.90265,0.077735,0.327517,0.235383,0.090936,0.519936,73.598003,44.372143,66.097062,45.711071,44.73799,40.096253,4.641737,1.125397,0.821021,0.07906,0.582101,0.158249,885,0.891892,0.0,-3.386027
2024-04-01 14:50:00,0.194818,0.09444,0.15503,1.009956,0.080995,0.429549,0.414959,0.092962,0.639526,77.451498,46.407143,68.745515,47.176786,47.520609,41.581124,5.939484,1.110648,0.912702,-1.508517,0.698058,0.193855,890,0.905405,0.0,-3.490991
2024-04-01 14:55:00,0.183711,0.097883,0.045107,0.95329,0.084842,0.309255,0.496623,0.090488,0.528528,70.837119,47.018571,65.589015,46.756429,47.603876,42.785675,4.818201,1.014933,0.81845,-0.237518,0.559881,0.072053,895,0.918919,0.0,-2.998508
2024-04-01 15:00:00,0.165025,0.100802,0.005628,0.694127,0.07628,0.246454,0.570146,0.089095,0.47106,68.203752,46.849286,64.303581,48.071786,46.473305,43.523201,2.950104,0.969724,0.759647,1.156817,0.489163,-0.142718,900,0.932432,0.0,-3.520345
2024-04-01 15:05:00,0.24709,0.104498,0.070869,0.691526,0.076159,0.314192,0.834206,0.086388,0.548279,71.354043,51.17,66.19112,49.147143,46.851794,44.18892,2.662875,0.96394,0.83008,-1.539755,0.558325,-0.11332,905,0.945946,0.0,-2.434144
2024-04-01 15:10:00,-0.026142,0.12549,-0.052643,0.623894,0.08278,0.14836,0.69162,0.089481,0.381163,61.577277,51.918571,61.197509,49.3375,43.943507,44.139837,-0.19633,0.873709,0.656687,-1.225562,0.367718,-0.161154,910,0.959459,0.0,-1.828942
2024-04-01 15:15:00,-0.177067,0.093881,-0.037867,0.580609,0.083127,0.130443,0.794003,0.08785,0.361314,61.326807,50.127857,61.065274,47.875357,41.090046,43.529879,-2.439833,0.772544,0.634376,0.811587,0.30312,-0.350322,915,0.972973,0.0,-2.006967
2024-04-01 15:20:00,-0.059074,0.09243,-0.004666,0.524138,0.082002,0.145963,0.783696,0.087802,0.37602,62.547547,48.756429,61.703812,46.408214,38.936321,42.611167,-3.674846,0.688486,0.657723,0.898067,0.311052,-0.154702,920,0.986486,0.0,-1.37501
2024-04-01 15:25:00,0.137503,0.117605,0.103479,0.670051,0.087203,0.276914,0.913798,0.090126,0.514335,68.156948,51.960714,64.80566,47.273571,39.657419,42.020418,-2.362998,0.618058,0.88069,1.847093,0.43656,0.109738,925,1.0,0.0,-0.115255
2024-04-02 09:15:00,0.143112,0.1185,0.139838,0.678263,0.08754,0.346852,1.02231,0.090932,0.59546,71.244305,53.812143,66.669235,48.941786,41.66929,41.950192,-0.280902,0.605719,1.008403,0.171783,0.496626,0.258017,555,0.0,1.0,1.675921
2024-04-02 09:20:00,0.303208,0.070016,0.099799,0.660748,0.087695,0.322701,1.25675,0.083985,0.580411,71.522095,52.920714,66.83935,48.417143,42.947886,42.149731,0.798156,0.57951,0.991593,-0.608347,0.455709,0.350055,560,0.013514,1.0,0.102344
2024-04-02 09:25:00,0.313663,0.067724,0.070694,0.568973,0.086525,0.297555,1.296868,0.08361,0.562513,71.708198,52.267857,66.949956,46.336429,43.57221,42.434227,1.137983,0.573787,0.957886,-0.2022,0.435481,0.469865,565,0.027027,1.0,0.985476
2024-04-02 09:30:00,0.30054,0.06949,0.058983,0.414812,0.079719,0.285267,1.300879,0.0836,0.556506,72.261989,52.649286,67.271117,46.153929,43.883028,42.723987,1.159041,0.610811,0.925341,-0.508446,0.417243,0.566505,570,0.040541,1.0,1.450545
2024-04-02 09:35:00,0.327317,0.079421,0.163736,0.631693,0.086898,0.427304,1.459759,0.08664,0.713614,77.286904,53.787143,70.401494,47.315714,46.968528,43.572895,3.395633,0.704225,1.089788,-1.306229,0.593486,0.608419,575,0.054054,1.0,1.356684
2024-04-02 09:40:00,0.222147,0.079772,0.110016,0.578035,0.086967,0.387688,1.588727,0.083831,0.685619,77.319579,49.165714,70.423157,46.768929,48.875158,44.633348,4.24181,0.778549,0.998052,1.213711,0.546712,0.8263,580,0.067568,1.0,0.350019
2024-04-02 09:45:00,0.225684,0.079405,0.082287,0.599829,0.086615,0.362834,1.62792,0.083476,0.670481,77.657894,47.717857,70.640968,47.0625,50.05309,45.717296,4.335794,0.832714,0.945793,-0.283597,0.523746,0.938946,585,0.081081,1.0,1.607208
2024-04-02 09:50:00,0.2956,0.076964,0.105534,0.627702,0.087144,0.397145,1.778515,0.082316,0.716415,79.518019,44.972143,71.856089,45.995357,51.769763,46.927789,4.841973,0.904455,0.96003,-0.3251,0.566574,1.048539,590,0.094595,1.0,0.34547
2024-04-02 09:55:00,0.309113,0.075377,0.091183,0.73587,0.083402,0.387558,1.866672,0.081275,0.717306,80.246922,45.485,72.34461,46.167143,53.086181,48.159468,4.926713,0.94568,0.934223,-1.522966,0.58309,1.070805,595,0.108108,1.0,0.912415
2024-04-02 10:00:00,0.146411,0.028482,0.076913,0.778398,0.082474,0.372482,1.766216,0.080339,0.711385,80.816321,41.104286,72.724856,46.137143,53.947415,49.317057,4.630358,0.964237,0.910692,-0.486276,0.567637,1.165183,600,0.121622,1.0,2.214283
2024-04-02 10:05:00,0.08226,0.050252,0.009456,0.696335,0.085472,0.279997,1.757422,0.080544,0.621831,74.802633,42.323571,70.135031,47.121071,52.880673,50.02978,2.850892,0.944826,0.815699,0.953062,0.474339,0.967187,605,0.135135,1.0,0.614614
2024-04-02 10:10:00,0.111057,0.051455,0.034452,0.614912,0.082942,0.291549,1.779857,0.080522,0.63727,76.092509,43.237857,70.859576,46.682857,52.200735,50.463971,1.736764,0.954691,0.824584,-1.435506,0.488463,0.989844,610,0.148649,1.0,0.312096
2024-04-02 10:15:00,0.03637,0.041871,0.023882,0.468569,0.078462,0.264951,1.671553,0.07997,0.612687,76.13535,41.909286,70.88343,45.332857,51.097749,50.590727,0.507022,0.981176,0.793318,0.692001,0.442427,1.165051,615,0.162162,1.0,-0.997121
2024-04-02 10:20:00,0.159711,0.079214,0.118945,0.711738,0.079147,0.379811,1.860333,0.081227,0.737001,80.391708,42.197857,73.421382,47.079286,52.430107,50.958603,1.471504,1.022676,0.89818,-0.260127,0.577043,1.270222,620,0.175676,1.0,-0.753067
2024-04-02 10:25:00,0.241548,0.085408,0.149892,0.855389,0.078727,0.43964,1.953619,0.081739,0.809426,82.675326,39.748571,74.973848,46.780357,54.783587,51.7236,3.059988,1.067559,0.94096,-1.014758,0.66719,1.322999,625,0.189189,1.0,0.761308
2024-04-02 10:30:00,0.346248,0.060678,0.127689,0.795938,0.077533,0.43546,1.95936,0.081739,0.816894,83.491254,42.172143,75.557296,47.546429,56.754678,52.729815,4.024863,1.125588,0.920026,-0.102368,0.675745,1.438524,630,0.202703,1.0,2.784865
2024-04-02 10:35:00,0.411899,0.060473,0.156881,1.055762,0.064751,0.491577,2.03636,0.082309,0.887892,85.403662,44.925,76.994131,48.596429,59.593834,54.102619,5.491215,1.147784,0.960146,0.331486,0.731565,1.582348,635,0.216216,1.0,1.00675
2024-04-02 10:40:00,0.422535,0.057018,0.112514,1.072049,0.064106,0.455417,2.140195,0.08026,0.863484,85.603465,43.402857,77.149101,48.026071,61.355037,55.553103,5.801934,1.131673,0.929981,1.006311,0.682204,1.771443,640,0.22973,1.0,0.431801
2024-04-02 10:45:00,0.41232,0.053982,0.171249,1.186768,0.066974,0.542987,2.252474,0.081535,0.968238,87.778124,43.528571,78.925993,48.657857,64.643202,57.371123,7.27208,1.141561,1.00139,-0.843077,0.789534,1.836439,645,0.243243,1.0,1.135346
2024-04-02 10:50:00,0.35015,0.054325,0.143416,1.069561,0.062656,0.530958,2.137141,0.079907,0.971605,88.355493,43.153571,79.431548,46.159643,67.277464,59.352391,7.925074,1.185287,0.97502,1.201139,0.782561,2.041472,650,0.256757,1.0,2.714719
2024-04-02 10:55:00,0.408662,0.05299,0.162264,1.063219,0.062391,0.57103,2.360759,0.076843,1.029182,89.564289,45.332857,80.534152,46.525357,70.384349,61.558783,8.825567,1.263019,0.983253,0.978931,0.823072,2.233392,655,0.27027,1.0,3.135929
2024-04-02 11:00:00,0.222502,0.085313,0.056128,0.97445,0.068381,0.445531,2.168107,0.078257,0.912053,82.383011,45.930714,77.188268,45.451429,70.605116,63.368049,7.237067,1.276945,0.878416,0.76459,0.689899,2.057458,660,0.283784,1.0,2.389777
2024-04-02 11:05:00,0.288393,0.084106,0.08922,1.046588,0.067923,0.47349,2.205967,0.078411,0.950475,83.778919,45.197143,78.12745,45.341071,71.379886,64.970417,6.40947,1.28619,0.895717,-0.922747,0.751309,2.12161,665,0.297297,1.0,2.686909
2024-04-02 11:10:00,0.028083,0.096482,-0.017602,0.911904,0.077352,0.323273,2.119697,0.080922,0.800256,74.342406,48.913571,73.461796,45.008929,69.081125,65.792558,3.288567,1.235084,0.78123,-0.833454,0.606592,2.053136,670,0.310811,1.0,2.67029
2024-04-02 11:15:00,-0.164196,0.114117,-0.110682,0.574411,0.081325,0.157798,1.743716,0.081123,0.624557,64.332257,50.790714,68.055306,46.557143,63.808813,65.395809,-1.586996,1.194294,0.642185,-0.922172,0.414722,1.989249,675,0.324324,1.0,2.466549
2024-04-02 11:20:00,-0.248029,0.094088,-0.063168,0.589097,0.081132,0.157222,1.654971,0.080552,0.614906,64.879951,50.048571,68.315376,46.643214,59.239556,64.164559,-4.925003,1.142278,0.636949,0.776231,0.406331,2.166479,680,0.337838,1.0,1.732078
2024-04-02 11:25:00,-0.210729,0.092753,-0.069157,0.534776,0.082577,0.105483,1.697737,0.079535,0.551071,62.265955,54.075,66.881862,47.992143,54.251695,62.181986,-7.930291,1.075773,0.582881,-0.609753,0.348733,2.082393,685,0.351351,1.0,2.119338
2024-04-02 11:30:00,-0.227823,0.087375,-0.00575,0.519246,0.082162,0.150277,1.719788,0.079623,0.587442,64.561536,52.576429,67.923933,47.387143,50.819664,59.909522,-9.089858,1.024992,0.62087,1.013793,0.352871,2.277035,690,0.364865,1.0,2.427217
2024-04-02 11:35:00,0.145887,0.150151,0.168424,0.747698,0.097276,0.370154,1.894126,0.085434,0.813534,72.310959,57.19,71.84813,48.469286,52.225582,58.372734,-6.147152,1.019522,0.838831,2.225582,0.529611,2.565039,695,0.378378,1.0,2.334233
2024-04-02 11:40:00,0.26056,0.122501,0.089524,0.689047,0.098552,0.303909,1.84439,0.085977,0.747982,70.132709,58.316429,70.665687,50.244286,52.115428,57.121272,-5.005845,0.99096,0.779416,1.125665,0.422252,2.353303,700,0.391892,1.0,2.112545
2024-04-02 11:45:00,0.230243,0.125443,0.050152,0.737828,0.096617,0.261947,1.730015,0.085804,0.704216,69.191885,56.912857,70.163763,50.918929,51.176798,55.932378,-4.755579,0.910678,0.747932,0.955131,0.362669,2.151038,705,0.405405,1.0,0.827629
2024-04-02 11:50:00,0.335592,0.115728,0.076431,0.760262,0.096811,0.295423,1.767831,0.085903,0.738364,71.08096,56.812143,71.125444,50.1075,51.026546,54.951211,-3.924665,0.832254,0.803401,0.442345,0.394126,2.316136,710,0.418919,1.0,0.341453
2024-04-02 11:55:00,0.366938,0.116132,0.112161,0.851409,0.097127,0.350492,1.762037,0.085822,0.797591,73.567482,56.740714,72.437882,50.134643,51.99177,54.359323,-2.367553,0.741124,0.90761,-0.223111,0.451041,2.432537,715,0.432432,1.0,1.547903
2024-04-02 12:00:00,0.136257,0.05253,0.093538,0.724106,0.093489,0.342573,1.616599,0.083537,0.792925,74.298433,59.045714,72.831218,51.099643,52.666709,54.0208,-1.354091,0.700157,0.92017,-0.599526,0.450885,2.524055,720,0.445946,1.0,1.357344
2024-04-02 12:05:00,0.195693,0.040569,0.07922,0.642988,0.092047,0.332813,1.67202,0.083075,0.785692,74.968301,57.867857,73.187785,51.600357,53.054694,53.827579,-0.772885,0.686779,0.918529,0.924739,0.447613,2.722851,725,0.459459,1.0,-0.082353
2024-04-02 12:10:00,0.321828,0.038146,0.127196,0.713313,0.093743,0.402259,1.72982,0.083763,0.862225,77.725304,59.719286,74.705874,52.825,54.779885,54.01804,0.761845,0.70887,1.013042,0.40117,0.505988,2.88614,730,0.472973,1.0,1.25209
2024-04-02 12:15:00,0.351587,0.04043,0.147561,0.699741,0.093244,0.449297,1.834005,0.083953,0.918909,79.754212,59.742143,75.901368,52.469643,57.218859,54.658204,2.560655,0.78097,1.04184,-0.393692,0.567559,2.992705,735,0.486486,1.0,1.782355
2024-04-02 12:20:00,0.205879,0.065487,0.062638,0.633828,0.09522,0.357753,1.730376,0.084887,0.830345,75.541599,57.723571,73.843746,53.318571,57.504582,55.22748,2.277102,0.805907,0.91906,-0.234242,0.483532,2.877306,740,0.5,1.0,3.890442
2024-04-02 12:25:00,0.214787,0.065166,0.066467,0.525959,0.09148,0.357208,1.845638,0.083376,0.83305,76.468697,52.38,74.343328,51.585357,57.747076,55.731399,2.015678,0.858398,0.906072,-1.006344,0.509799,2.938943,745,0.513514,1.0,3.952955
2024-04-02 12:30:00,0.237361,0.064418,0.076202,0.52987,0.091524,0.366491,1.912713,0.083015,0.84609,77.646817,53.692857,74.983104,51.870714,58.149162,56.214952,1.93421,0.917745,0.903194,-1.238267,0.538269,2.986021,750,0.527027,1.0,3.49157
2024-04-02 12:35:00,0.069786,0.066201,0.013599,0.373409,0.091563,0.280871,1.83678,0.084029,0.758345,73.054444,52.947857,72.788546,53.511429,56.786928,56.329347,0.457581,0.957167,0.808566,1.422727,0.423953,2.757968,755,0.540541,1.0,2.043925
2024-04-02 12:40:00,0.044595,0.059151,0.055052,0.520986,0.08927,0.316612,1.781656,0.083233,0.794831,75.021875,51.985,73.772941,52.280714,56.327168,56.328911,-0.001743,0.997883,0.839166,1.711393,0.460721,3.011263,760,0.554054,1.0,3.367764
2024-04-02 12:45:00,0.060764,0.055199,0.011792,0.405415,0.08947,0.252498,1.594268,0.082263,0.727012,71.957215,46.4,72.303733,51.795,54.645454,55.99222,-1.346765,1.027429,0.773179,-1.524466,0.391392,2.98425,765,0.567568,1.0,5.937275
2024-04-02 12:50:00,0.160164,0.079119,0.098789,0.658696,0.087051,0.352085,1.8217,0.081745,0.829977,75.839481,45.449286,74.246483,51.882857,55.187389,55.831254,-0.643865,1.065421,0.860911,-1.109886,0.506903,3.037934,770,0.581081,1.0,5.11634
2024-04-02 12:55:00,0.174553,0.080092,0.107323,0.870974,0.076013,0.374897,1.922406,0.081142,0.857112,77.379433,43.198571,75.074406,50.055714,56.116514,55.888306,0.228208,1.059216,0.880886,1.029196,0.535983,3.24287,775,0.594595,1.0,4.469253
2024-04-02 13:00:00,0.282765,0.062059,0.106332,0.90751,0.075756,0.386445,1.873021,0.080667,0.873489,78.611976,42.795,75.753064,49.803571,57.156548,56.141954,1.014594,1.045405,0.892669,-0.280404,0.559693,3.357362,780,0.608108,1.0,5.065441
2024-04-02 13:05:00,0.201003,0.068361,0.062462,0.935737,0.074335,0.33808,2.012908,0.076403,0.826487,77.513943,40.747143,75.2402,48.743929,57.090298,56.331623,0.758675,0.974506,0.860336,1.383679,0.504441,3.123669,785,0.621622,1.0,4.235096
2024-04-02 13:10:00,0.270618,0.054275,0.063039,0.907019,0.074326,0.33491,2.049896,0.076148,0.824651,78.344157,40.737857,75.675456,49.891786,56.973268,56.459952,0.513317,0.900907,0.875289,1.236016,0.490681,3.348722,790,0.635135,1.0,3.964538
2024-04-02 13:15:00,-0.012698,0.08546,-0.055709,0.499299,0.068033,0.170003,1.868948,0.080612,0.650047,66.310621,41.255,69.862661,49.561429,53.560117,55.879985,-2.319868,0.867408,0.691591,-1.32025,0.335306,3.307194,795,0.648649,1.0,3.6147
2024-04-02 13:20:00,-0.139329,0.080085,-0.080151,0.468651,0.069744,0.095342,1.64064,0.079875,0.561891,61.814677,41.307857,67.498504,50.513571,49.100649,54.524118,-5.423468,0.799496,0.597824,0.073805,0.247938,3.169432,800,0.662162,1.0,3.806659
2024-04-02 13:25:00,-0.114283,0.086857,-0.001943,0.560656,0.070145,0.156239,1.61118,0.079433,0.614222,64.885175,42.309286,68.809333,51.025714,46.45431,52.910156,-6.455847,0.713801,0.67878,1.278698,0.299068,3.392702,805,0.675676,1.0,4.901477
2024-04-02 13:30:00,-0.261051,0.105398,-0.107694,0.335526,0.081045,-0.003188,1.439032,0.083883,0.435746,55.04168,44.535,63.338363,51.129286,40.945626,50.51725,-9.571624,0.626491,0.42209,-1.345195,0.12442,3.354723,810,0.689189,1.0,4.923545
2024-04-02 13:35:00,-0.170582,0.128767,0.01001,0.366607,0.082833,0.108242,1.55727,0.084864,0.536946,60.058893,47.810714,65.524019,50.095357,38.397395,48.093279,-9.695884,0.56548,0.598472,1.080313,0.231514,3.567027,815,0.702703,1.0,5.842455
2024-04-02 13:40:00,-0.147797,0.124113,-0.075829,0.214215,0.088641,-0.014105,1.413601,0.087626,0.396247,53.568137,48.350714,61.679378,51.021786,33.710677,45.216759,-11.506082,0.504849,0.344003,-0.640103,0.099257,3.478083,820,0.716216,1.0,5.422566
2024-04-02 13:45:00,0.030367,0.136541,0.025259,0.302875,0.091567,0.090184,1.339803,0.085514,0.490276,58.054186,49.339286,63.708584,51.143571,31.724577,42.518322,-10.793745,0.43809,0.545327,-1.449672,0.203662,3.508294,825,0.72973,1.0,5.750365
2024-04-02 13:50:00,-0.085558,0.131178,-0.008955,0.1523,0.089376,0.046564,1.299209,0.085942,0.433531,56.069099,49.529286,62.539976,50.757143,29.102621,39.835182,-10.732561,0.40821,0.435249,0.496446,0.136423,3.339352,830,0.743243,1.0,3.612139
2024-04-02 13:55:00,0.18959,0.112879,0.070952,0.173555,0.090577,0.146593,1.402501,0.086847,0.527692,60.417133,51.316429,64.551469,48.858214,28.817848,37.631715,-8.813867,0.407434,0.697068,-0.073418,0.232898,3.468061,835,0.756757,1.0,2.162191
2024-04-02 14:00:00,0.120194,0.103729,0.082953,0.280785,0.089866,0.181065,1.379658,0.08665,0.558422,62.28226,50.053571,65.444201,47.751429,29.241108,35.953594,-6.712486,0.399555,0.79981,-0.942236,0.256113,3.533559,840,0.77027,1.0,2.958104
2024-04-02 14:05:00,0.138806,0.097246,-0.014845,0.138235,0.093502,0.068525,1.241419,0.088651,0.43479,56.631266,50.372143,62.247363,46.785357,27.322624,34.2274,-6.904776,0.382294,0.519958,-0.730533,0.1235,3.450638,845,0.783784,1.0,2.367955
2024-04-02 14:10:00,0.184295,0.10875,0.096232,0.249774,0.099213,0.206169,1.378139,0.090671,0.571204,62.218691,54.876429,64.935784,48.835714,28.409396,33.063799,-4.654403,0.401497,0.884635,1.02422,0.247314,3.659728,850,0.797297,1.0,2.94787
2024-04-02 14:15:00,0.400768,0.114003,0.182309,0.483555,0.104327,0.34716,1.62159,0.092144,0.719793,67.280178,56.182143,67.603219,48.464643,32.171772,32.885394,-0.713622,0.474289,1.148967,-0.216482,0.389105,3.779501,855,0.810811,1.0,3.490214
2024-04-02 14:20:00,0.318757,0.113528,0.143912,0.448071,0.103826,0.344526,1.61288,0.092133,0.723794,68.153768,55.681429,68.081985,48.209643,35.367898,33.381895,1.986004,0.552403,1.077665,1.096318,0.38273,3.994281,860,0.824324,1.0,4.812493
2024-04-02 14:25:00,0.27873,0.115809,0.104946,0.499231,0.102904,0.323924,1.625273,0.092066,0.70822,68.518889,54.326429,68.278087,47.790714,37.717016,34.248919,3.468097,0.603831,1.009613,-0.482308,0.375202,4.098294,865,0.837838,1.0,5.624352
2024-04-02 14:30:00,0.408397,0.079743,0.08597,0.386414,0.099508,0.31479,1.49279,0.090362,0.703393,69.192807,51.938571,68.632178,46.623214,39.567202,35.312576,4.254627,0.669624,0.966624,-1.458411,0.38754,4.131193,870,0.851351,1.0,6.641343
2024-04-02 14:35:00,0.194888,0.084588,0.021485,0.270125,0.100251,0.236018,1.33095,0.090433,0.623605,65.803602,48.93,66.901981,45.619643,39.583893,36.166839,3.417054,0.708092,0.846091,-0.378976,0.305969,4.020503,875,0.864865,1.0,6.529672
2024-04-02 14:40:00,0.160584,0.070839,0.109625,0.36113,0.104078,0.343114,1.433566,0.091904,0.73708,70.014301,46.866429,69.05557,45.700714,41.759954,37.285462,4.474492,0.788736,0.969483,-1.066088,0.430511,4.081355,880,0.878378,1.0,5.831387
2024-04-02 14:45:00,0.113492,0.073651,0.064134,0.360344,0.10409,0.298197,1.310904,0.091369,0.694931,69.155198,46.245714,68.621781,47.028214,42.744051,38.37718,4.366871,0.850655,0.898272,-1.563449,0.409212,4.060947,885,0.891892,1.0,5.099828
2024-04-02 14:50:00,0.132935,0.07356,0.064745,0.361235,0.104097,0.299643,1.332205,0.091351,0.699305,70.128522,45.145,69.117847,46.747857,43.631819,39.428108,4.203711,0.913341,0.887336,1.253553,0.407996,4.286924,890,0.905405,1.0,4.611784
2024-04-02 14:55:00,0.070966,0.079099,0.017903,0.470412,0.097695,0.236687,1.147763,0.090179,0.635002,67.495474,44.55,67.841049,46.944643,43.136924,40.169871,2.967053,0.942606,0.810014,-0.737422,0.358006,4.206038,895,0.918919,1.0,3.481955
2024-04-02 15:00:00,0.102295,0.073417,-0.003003,0.512739,0.09614,0.193788,1.080673,0.09035,0.588224,65.918944,42.818571,67.080953,46.173929,41.847573,40.505411,1.342162,0.942919,0.758892,1.446648,0.312543,3.963954,900,0.932432,1.0,2.934511
2024-04-02 15:05:00,-0.125246,0.0425,-0.058431,0.350115,0.098351,0.098612,0.894209,0.090849,0.483222,60.200537,43.247857,64.261383,47.282143,38.812144,40.166758,-1.354614,0.935181,0.651617,-0.606305,0.205152,3.875289,905,0.945946,1.0,2.841942
2024-04-02 15:10:00,0.043803,0.092318,0.06487,0.667097,0.093642,0.230318,1.130264,0.09183,0.614518,66.039199,47.676429,66.915321,48.865,38.841082,39.901623,-1.060541,0.903797,0.792708,1.74753,0.320127,4.142871,910,0.959459,1.0,3.093554
2024-04-02 15:15:00,0.032068,0.091696,0.057413,0.564964,0.091254,0.227608,1.073212,0.091484,0.610751,66.756718,49.295,67.25978,49.833571,38.810403,39.683379,-0.872976,0.898323,0.786782,0.373827,0.325095,4.308134,915,0.972973,1.0,2.754664
2024-04-02 15:20:00,0.197361,0.101022,0.123125,0.817708,0.086393,0.321275,1.318936,0.090508,0.709589,70.743893,47.491429,69.248526,51.183929,40.675798,39.881863,0.793935,0.865171,0.89809,-1.118916,0.444139,4.360427,920,0.986486,1.0,0.830981
2024-04-02 15:25:00,0.256261,0.095277,0.106301,0.739722,0.084665,0.323576,1.506372,0.086935,0.716667,71.786176,49.552857,69.792754,52.8675,42.340635,40.373617,1.967018,0.860493,0.899685,0.520243,0.451272,4.538565,925,1.0,1.0,0.758698
2024-04-03 09:15:00,0.309711,0.077632,0.049931,0.747108,0.084336,0.264227,1.458335,0.087347,0.657982,69.486928,48.451429,68.705257,52.066429,42.587328,40.816359,1.770969,0.801346,0.843384,-1.525898,0.413992,4.519663,555,0.0,2.0,0.984043
2024-04-03 09:20:00,0.156793,0.059291,0.035399,0.634143,0.082577,0.241881,1.502725,0.086854,0.635025,69.59312,49.643571,68.756374,51.985,42.353513,41.12379,1.229723,0.764827,0.822531,0.615355,0.388062,4.704786,560,0.013514,2.0,2.068519
2024-04-03 09:25:00,0.116034,0.063657,0.010632,0.560785,0.08317,0.201168,1.421553,0.087013,0.591127,68.031826,52.677857,68.050544,52.308214,41.331084,41.165249,0.165835,0.722709,0.775612,-0.24126,0.348234,4.586751,565,0.027027,2.0,2.646383
2024-04-03 09:30:00,0.022795,0.030619,0.029796,0.700909,0.077041,0.212845,1.194401,0.080428,0.600669,69.329822,54.126429,68.635435,51.528214,40.683637,41.068926,-0.38529,0.604846,0.827965,0.414663,0.362644,4.75105,570,0.040541,2.0,2.002822
2024-04-03 09:35:00,-0.016394,0.024929,0.017977,0.53792,0.071608,0.189973,1.225977,0.080091,0.574198,69.079074,54.636429,68.527435,50.751429,39.660895,40.78732,-1.126425,0.536765,0.814264,-1.288838,0.34189,4.715465,575,0.054054,2.0,1.279046
2024-04-03 09:40:00,0.018835,0.019368,0.014565,0.363857,0.062329,0.175356,1.244338,0.079953,0.555251,69.243103,54.905714,68.597598,50.575714,38.478621,40.32558,-1.846959,0.526258,0.793349,1.170405,0.305629,4.932715,580,0.067568,2.0,3.289643
2024-04-03 09:45:00,-0.083341,0.049927,-0.056305,0.230781,0.067443,0.068936,1.078919,0.08162,0.437733,60.416523,57.981429,64.768342,51.563214,35.298232,39.320111,-4.021878,0.501392,0.587189,-0.953747,0.197778,4.875151,585,0.081081,2.0,4.046281
2024-04-03 09:50:00,-0.109113,0.051591,-0.067697,0.171852,0.068621,0.021418,0.9405,0.081511,0.376833,56.853635,57.694286,63.100796,51.122143,31.575388,37.771166,-6.195778,0.474225,0.478677,0.242081,0.122288,4.72792,590,0.094595,2.0,5.877721
2024-04-03 09:55:00,0.044839,0.108275,0.080243,0.336293,0.079522,0.189687,1.102018,0.084959,0.543434,65.870084,61.524286,66.789349,52.171429,31.746529,36.566239,-4.819709,0.475236,0.839393,-1.223874,0.293677,4.763631,595,0.108108,2.0,8.007166
2024-04-03 10:00:00,0.014309,0.109956,0.031244,0.356723,0.078698,0.141377,1.042728,0.085316,0.489782,63.340394,59.143571,65.58283,51.195714,30.906981,35.434387,-4.527406,0.436395,0.752248,-0.476456,0.249968,4.673435,600,0.121622,2.0,7.189082
2024-04-03 10:05:00,-0.059756,0.114681,-0.025979,0.143069,0.075212,0.064316,0.859244,0.08524,0.402718,58.269191,54.547857,63.095532,51.112143,28.609483,34.069406,-5.459923,0.426541,0.576588,1.503666,0.144512,4.430771,605,0.135135,2.0,7.574351
2024-04-03 10:10:00,0.10078,0.106371,0.02366,0.218054,0.075994,0.113846,0.826294,0.084761,0.446131,61.198104,54.749286,64.323953,52.022143,27.61059,32.777643,-5.167053,0.417737,0.699356,-1.253344,0.188905,4.459179,610,0.148649,2.0,8.032518
2024-04-03 10:15:00,0.309055,0.114726,0.124214,0.34804,0.083176,0.250345,1.044433,0.086613,0.585515,67.66963,56.276429,67.312159,51.883929,29.498392,32.121793,-2.623401,0.460091,0.997138,-1.190708,0.341648,4.489376,615,0.162162,2.0,8.59213
2024-04-03 10:20:00,0.010737,0.109906,0.009571,0.275905,0.087146,0.126966,0.896162,0.088518,0.456408,60.349579,57.949286,63.582517,53.751071,28.625441,31.422522,-2.797082,0.446798,0.734937,0.886617,0.207753,4.2923,620,0.175676,2.0,9.134033
2024-04-03 10:25:00,0.05214,0.108104,0.011742,0.30644,0.086745,0.122143,0.856019,0.088422,0.446164,60.684877,58.217857,63.73507,53.334643,27.762866,30.690591,-2.927725,0.418426,0.733523,-0.273781,0.187219,4.398989,625,0.189189,2.0,9.336087
2024-04-03 10:30:00,0.089644,0.102257,-0.013994,0.358536,0.084341,0.080857,0.879259,0.088094,0.396997,58.515851,57.433571,62.627693,53.538571,26.169992,29.786471,-3.616479,0.318043,0.647997,0.266534,0.140428,4.251943,630,0.202703,2.0,9.510217
2024-04-03 10:35:00,-0.112334,0.119233,-0.102991,0.061645,0.084859,-0.054008,0.668139,0.090543,0.24593,50.223404,57.086429,58.134524,54.882143,22.047148,28.238607,-6.191459,0.296835,0.174889,0.851986,-0.013096,4.06246,635,0.216216,2.0,8.007717
2024-04-03 10:40:00,-0.1788,0.094523,-0.004667,0.136506,0.087315,0.038026,0.802514,0.090983,0.328774,54.923864,57.246429,60.159879,55.686429,20.326316,26.656149,-6.329833,0.267495,0.472627,-0.895921,0.075306,4.121417,640,0.22973,2.0,7.842315
2024-04-03 10:45:00,-0.045727,0.086926,0.012517,0.032626,0.082743,0.055621,0.688758,0.089319,0.338418,56.016256,55.647143,60.642113,55.141786,19.176417,25.160202,-5.983785,0.267387,0.55419,0.399674,0.092796,4.278979,645,0.243243,2.0,7.094696
2024-04-03 10:50:00,-0.021906,0.088737,0.029594,0.028135,0.082649,0.079173,0.658224,0.089086,0.355808,57.523824,54.554286,61.302695,54.73,18.641693,23.856501,-5.214807,0.270169,0.666423,0.119538,0.112459,4.414296,650,0.256757,2.0,7.220783
2024-04-03 10:55:00,-0.036086,0.090087,-0.011552,0.012571,0.083047,0.029159,0.558512,0.089302,0.296578,54.559295,51.986429,59.771257,54.983929,17.14957,22.515114,-5.365545,0.269832,0.490385,-0.338742,0.061637,4.312835,655,0.27027,2.0,6.753237
2024-04-03 11:00:00,0.17176,0.053895,0.037084,0.076599,0.084372,0.087189,0.638761,0.089581,0.349636,57.90459,52.759286,61.210184,55.226786,17.017567,21.415605,-4.398038,0.27559,0.720506,1.562559,0.120347,4.554235,660,0.283784,2.0,7.371757
2024-04-03 11:05:00,0.047716,0.046373,0.006142,0.068174,0.084515,0.053653,0.57843,0.089718,0.309012,56.060589,49.504286,60.282464,55.514286,16.208875,20.374259,-4.165384,0.274979,0.607221,-1.148157,0.084192,4.515537,665,0.297297,2.0,8.190833
2024-04-03 11:10:00,0.033485,0.045739,0.010239,0.043317,0.084223,0.056883,0.735265,0.086774,0.305727,56.553384,51.070714,60.487862,55.107143,15.559685,19.411344,-3.851659,0.277082,0.631862,0.396856,0.086195,4.669223,670,0.310811,2.0,8.499526
2024-04-03 11:15:00,-0.081425,0.057329,-0.048546,-0.036925,0.086358,-0.023702,0.71659,0.087158,0.213691,51.003376,54.646429,57.699938,54.597143,13.350096,18.199094,-4.848998,0.280116,0.340493,-1.172719,-0.010024,4.632343,675,0.324324,2.0,8.815694
2024-04-03 11:20:00,-0.128349,0.06668,-0.094944,-0.134603,0.08875,-0.106346,0.544351,0.087991,0.114942,45.565015,54.763571,54.744872,54.756429,9.746118,16.508499,-6.762381,0.306353,0.069892,-0.366795,-0.108343,4.538407,680,0.337838,2.0,8.90864
2024-04-03 11:25:00,-0.04768,0.097497,0.035287,0.112317,0.092346,0.037565,0.854056,0.086573,0.252782,53.905705,54.127857,58.239885,55.202143,9.522872,15.111374,-5.588502,0.292824,0.535696,-0.029117,0.027165,4.658342,685,0.351351,2.0,8.460842
2024-04-03 11:30:00,-0.047563,0.097491,0.005022,0.129833,0.09192,0.008877,0.702372,0.085429,0.21612,52.286262,49.415,57.377333,53.682143,8.730495,13.835198,-5.104703,0.259037,0.408221,1.132696,-0.006875,4.456332,690,0.364865,2.0,8.296341
2024-04-03 11:35:00,-0.009303,0.100774,0.035009,-0.010824,0.082145,0.051007,0.874984,0.083198,0.253345,54.789799,48.167143,58.469106,53.1925,8.881305,12.844419,-3.963114,0.258001,0.59401,0.905809,0.038334,4.644673,695,0.378378,2.0,7.800695
2024-04-03 11:40:00,0.089801,0.089976,0.034004,0.038529,0.081847,0.060628,0.776432,0.082028,0.258785,55.63462,48.835714,58.837584,53.134643,9.19181,12.113898,-2.922087,0.260503,0.647141,-0.259424,0.053616,4.751832,700,0.391892,2.0,8.188682
2024-04-03 11:45:00,0.160479,0.071737,0.007131,0.085467,0.080329,0.03376,0.791939,0.081849,0.226166,54.050353,47.346429,58.059502,52.216429,8.902756,11.471669,-2.568914,0.252126,0.542643,1.174287,0.028582,4.542602,705,0.405405,2.0,8.202796
2024-04-03 11:50:00,-0.017872,0.034203,-0.015452,-0.00635,0.079508,0.003116,0.645217,0.080817,0.188094,51.977579,48.897857,57.042249,53.072143,8.018821,10.7811,-2.762278,0.252471,0.423795,-1.412363,-0.002364,4.520695,710,0.418919,2.0,8.784087
2024-04-03 11:55:00,0.087124,0.045884,0.041177,-0.091701,0.072249,0.072703,0.66911,0.08113,0.255038,56.549922,50.564286,58.943093,53.105714,8.651649,10.355209,-1.703561,0.217528,0.787701,0.829012,0.070111,4.70705,715,0.432432,2.0,7.455439
2024-04-03 12:00:00,0.027651,0.043799,0.019479,0.006085,0.067938,0.054954,0.763012,0.079404,0.233496,55.66611,51.867143,58.527233,53.210714,8.829487,10.050065,-1.220578,0.218643,0.730147,-1.221524,0.05741,4.670965,720,0.445946,2.0,8.343218
2024-04-03 12:05:00,0.013345,0.04341,0.014115,-0.000261,0.067915,0.051252,0.604471,0.07665,0.225945,55.771681,51.614286,58.570222,51.800357,8.899308,9.819914,-0.920605,0.21859,0.73802,-0.445534,0.057572,4.761852,725,0.459459,2.0,7.580521
2024-04-03 12:10:00,0.054219,0.041081,0.021116,0.050043,0.067569,0.062262,0.44404,0.072857,0.233965,56.916204,52.387857,59.026473,52.573571,9.174874,9.690906,-0.516031,0.226784,0.795846,1.481642,0.070067,4.996968,730,0.472973,2.0,6.846239
2024-04-03 12:15:00,0.211287,0.058174,0.098467,0.317615,0.064132,0.170943,0.537398,0.074667,0.346682,64.127023,52.535714,62.144787,51.02,11.610774,10.074879,1.535894,0.256861,1.192667,-0.906168,0.192109,5.052565,735,0.486486,2.0,6.648796
2024-04-03 12:20:00,0.212906,0.058421,0.118199,0.300347,0.063106,0.22608,0.603029,0.075285,0.409039,67.751386,53.137143,63.920359,52.103929,14.836383,11.02718,3.809203,0.340814,1.209688,-1.06804,0.261423,5.09411,740,0.5,2.0,6.085412
2024-04-03 12:25:00,0.274868,0.049924,0.112024,0.326847,0.063566,0.249707,0.629011,0.075458,0.441022,69.829075,48.986429,64.997924,51.816429,18.111873,12.444119,5.667755,0.426978,1.145191,-1.093301,0.308136,5.134098,745,0.513514,2.0,6.376537
2024-04-03 12:30:00,0.232399,0.063074,0.047536,0.254099,0.064692,0.189011,0.642136,0.075246,0.384423,66.088934,47.410714,63.396358,51.087143,19.723476,13.89999,5.823485,0.474986,0.967344,1.013821,0.252497,4.935163,750,0.527027,2.0,5.802372
2024-04-03 12:35:00,0.095559,0.098387,-0.047683,0.181802,0.06998,0.063147,0.378831,0.075118,0.254555,56.547175,49.056429,58.986981,51.592143,18.572413,14.834475,3.737938,0.477307,0.696182,0.127679,0.121314,4.801301,755,0.540541,2.0,4.732894
2024-04-03 12:40:00,0.070743,0.092028,0.036043,0.216451,0.071894,0.149278,0.494468,0.07622,0.342582,61.643759,51.197857,61.36826,50.306429,19.329586,15.733497,3.596089,0.50757,0.863892,-1.310924,0.221136,4.828387,760,0.554054,2.0,3.887092
2024-04-03 12:45:00,0.09467,0.096734,0.092536,0.347418,0.074095,0.228144,0.564584,0.077283,0.428159,65.985957,56.338571,63.584296,52.252857,21.593131,16.905424,4.687707,0.564931,0.978413,-0.06208,0.314606,4.946187,765,0.567568,2.0,5.199075
2024-04-03 12:50:00,0.041611,0.095396,0.059562,0.334997,0.074218,0.203504,0.599493,0.076988,0.408242,65.739093,53.867857,63.468002,51.351786,23.062254,18.13679,4.925464,0.608708,0.91123,-0.145403,0.301022,4.833793,770,0.581081,2.0,5.243333
2024-04-03 12:55:00,0.143444,0.093152,0.080428,0.479723,0.070944,0.239448,0.683507,0.077133,0.451077,68.212747,52.159286,64.759056,49.752857,25.075244,19.524481,5.550764,0.647168,0.944318,-1.061888,0.357428,4.876956,775,0.594595,2.0,4.075803
2024-04-03 13:00:00,0.346143,0.043843,0.109057,0.657767,0.066369,0.291992,0.852599,0.076417,0.513551,71.257535,50.448571,66.435003,49.673214,27.899037,21.199392,6.699645,0.669285,1.005109,-0.45218,0.427641,4.963599,780,0.608108,2.0,4.08418
2024-04-03 13:05:00,0.331565,0.041557,0.130859,0.596699,0.062069,0.343244,0.783527,0.074464,0.577539,74.066395,51.656429,68.08752,51.110357,31.402475,23.240009,8.162467,0.748909,1.028396,0.097084,0.48509,5.086247,785,0.621622,2.0,2.528234
2024-04-03 13:10:00,0.323946,0.039995,0.150666,0.720396,0.06216,0.396804,0.858016,0.075307,0.646691,76.738977,49.688571,69.772399,50.777857,35.546052,25.701217,9.844835,0.835634,1.044713,-0.181812,0.560941,5.188704,790,0.635135,2.0,4.317801
2024-04-03 13:15:00,0.290595,0.054303,0.076108,0.635927,0.064137,0.325832,0.693101,0.073965,0.585978,73.611399,48.883571,68.339923,50.248929,37.714882,28.10395,9.610932,0.888328,0.935379,0.430498,0.495695,5.043087,795,0.648649,2.0,2.793322
2024-04-03 13:20:00,0.380006,0.068377,0.1509,0.771058,0.069233,0.431032,0.80778,0.076388,0.708035,77.658278,47.082143,70.897101,49.735,41.759579,30.835076,10.924503,0.980664,1.008822,-1.046371,0.632902,5.086422,800,0.662162,2.0,3.272075
2024-04-03 13:25:00,0.183442,0.107909,0.025281,0.680844,0.075996,0.287395,0.725647,0.078267,0.570982,69.082494,48.125714,66.697846,50.330714,42.366569,33.141375,9.225194,0.997215,0.852538,0.091579,0.494551,4.964358,805,0.675676,2.0,3.815701
2024-04-03 13:30:00,0.182979,0.107855,0.074709,0.798785,0.075292,0.338665,0.809878,0.078911,0.632294,71.671968,46.538571,68.199257,49.837857,43.962739,35.305648,8.657092,1.010696,0.894489,0.015214,0.549574,5.079974,810,0.689189,2.0,2.365693
2024-04-03 13:35:00,0.138929,0.103592,0.083912,0.772528,0.074834,0.352737,0.881081,0.078892,0.656791,73.103422,48.597857,69.053003,48.792143,45.658397,37.376198,8.2822,1.03927,0.895879,1.527197,0.559826,5.29889,815,0.702703,2.0,2.665969
2024-04-03 13:40:00,0.262104,0.09903,0.113628,0.871806,0.074579,0.397563,0.934014,0.079463,0.714524,75.371444,48.482857,70.445432,47.946786,48.067606,39.514479,8.553127,1.068184,0.925684,1.236493,0.598215,5.499979,820,0.716216,2.0,3.663142
2024-04-03 13:45:00,0.293373,0.107381,0.196717,1.053208,0.079931,0.524307,1.1201,0.082661,0.86185,79.314593,48.110714,73.081982,48.583571,52.768181,42.165219,10.602961,1.136795,1.014003,1.130677,0.734164,5.696984,825,0.72973,2.0,4.130717
2024-04-03 13:50:00,0.550528,0.051901,0.226616,1.180261,0.081963,0.60433,1.261097,0.08436,0.966537,81.796861,47.274286,74.917229,49.236071,58.507626,45.433701,13.073925,1.229375,1.04444,0.490933,0.828731,5.84882,830,0.743243,2.0,4.391733
2024-04-03 13:55:00,0.355625,0.111621,0.079417,0.94397,0.088206,0.448985,1.252769,0.084615,0.824356,74.577228,43.547857,71.148861,49.943214,60.346478,48.416256,11.930221,1.271638,0.904315,1.380395,0.66602,5.633856,835,0.756757,2.0,5.34083
2024-04-03 14:00:00,0.144342,0.153066,-0.053466,0.703582,0.099104,0.261224,1.137048,0.088022,0.637378,65.347211,49.630714,66.030589,51.749286,58.140718,50.361148,7.77957,1.264564,0.752012,-0.982717,0.470134,5.579718,840,0.77027,2.0,5.501734
2024-04-03 14:05:00,0.135557,0.152288,0.016175,0.731665,0.099518,0.306796,1.025537,0.085119,0.687382,67.459101,51.900714,67.221289,52.03,57.19067,51.727053,5.463617,1.270813,0.783372,1.030509,0.493728,5.772739,845,0.783784,2.0,5.83816
2024-04-03 14:10:00,-0.142752,0.131186,-0.053844,0.674984,0.102562,0.189596,0.961303,0.086404,0.566546,62.355863,53.715714,64.306454,52.082143,53.998118,52.181266,1.816852,1.22963,0.686375,1.286268,0.358529,5.558743,850,0.797297,2.0,5.711448
2024-04-03 14:15:00,-0.288059,0.094543,-0.03751,0.792486,0.096565,0.169322,1.029777,0.0855,0.541873,62.229794,53.312143,64.234627,52.484286,50.836796,51.912372,-1.075576,1.123766,0.666653,0.919428,0.305247,5.372299,855,0.810811,2.0,6.343254
2024-04-03 14:20:00,-0.103274,0.105855,0.026916,0.768434,0.0959,0.223761,1.046366,0.085692,0.595742,64.711761,55.977143,65.524626,52.832857,49.223716,51.374641,-2.150925,1.042494,0.717773,1.45623,0.357447,5.598551,860,0.824324,2.0,5.40187
2024-04-03 14:25:00,-0.102406,0.10557,-0.087857,0.505308,0.104112,0.05863,0.722191,0.086876,0.419016,56.558554,58.391429,60.885524,53.6375,44.459352,49.991583,-5.532231,0.959269,0.544722,1.428123,0.157986,5.370374,865,0.837838,2.0,6.193633
2024-04-03 14:30:00,-0.383141,0.114687,-0.194287,0.303983,0.115951,-0.131171,0.627662,0.090544,0.206256,48.184401,63.168571,55.651838,55.125357,36.454687,47.284204,-10.829517,0.870142,0.298011,0.140382,-0.050103,5.229229,870,0.851351,2.0,5.688331
2024-04-03 14:35:00,-0.26584,0.121375,-0.115796,0.263528,0.115462,-0.099954,0.640433,0.090549,0.218109,49.011203,61.508571,56.05026,54.817143,30.150694,43.857502,-13.706808,0.792183,0.287725,1.309027,-0.04225,5.451282,875,0.864865,2.0,4.597678
2024-04-03 14:40:00,-0.263822,0.12159,-0.077486,0.179808,0.114303,-0.090795,0.67299,0.090333,0.209162,48.995416,61.244286,56.040471,53.891429,24.860891,40.05818,-15.197289,0.740406,0.260278,-0.526472,-0.079911,5.353511,880,0.878378,2.0,4.962927
2024-04-03 14:45:00,-0.370011,0.100462,-0.070756,0.063803,0.11306,-0.108042,0.7857,0.087794,0.173378,47.77463,57.605714,55.30257,53.101786,19.904254,36.027395,-16.12314,0.722844,0.21052,-0.856373,-0.114377,5.280286,885,0.891892,2.0,6.655882
2024-04-03 14:50:00,-0.213987,0.091508,-0.048679,-0.033599,0.11097,-0.099793,0.686687,0.087054,0.164405,47.674297,59.266429,55.243405,53.874643,15.752539,31.972423,-16.219884,0.730393,0.212734,-1.582891,-0.121106,5.258293,890,0.905405,2.0,7.617561
2024-04-03 14:55:00,-0.098875,0.042144,-0.091362,-0.085539,0.112425,-0.170171,0.574156,0.088227,0.072935,43.78027,54.998571,52.933825,51.554643,10.688916,27.715722,-17.026806,0.754928,0.110929,-1.41335,-0.212328,5.229194,895,0.918919,2.0,7.101911
2024-04-03 15:00:00,-0.270349,0.064757,-0.161577,-0.386073,0.110802,-0.29039,0.390343,0.091106,-0.075059,38.064486,54.077857,49.286055,50.676071,3.815035,22.935584,-19.120549,0.852781,0.001616,-1.234389,-0.384823,5.190955,900,0.932432,2.0,7.799971
2024-04-03 15:05:00,-0.293671,0.06062,-0.123618,-0.297288,0.108613,-0.284266,0.413578,0.090881,-0.094943,37.241056,53.096429,48.738307,48.322143,-2.051909,17.938086,-19.989995,0.934826,0.035841,-1.177125,-0.426679,5.151019,905,0.945946,2.0,7.345761
2024-04-03 15:10:00,-0.365726,0.060244,-0.149693,-0.484249,0.107472,-0.348333,0.24492,0.091762,-0.188064,33.891556,50.212143,46.466414,49.921429,-8.483025,12.653864,-21.136889,1.050181,0.01411,-0.161298,-0.516022,5.040494,910,0.959459,2.0,7.221742
2024-04-03 15:15:00,-0.528167,0.056199,-0.210038,-0.699545,0.110341,-0.464404,0.107125,0.094773,-0.339234,29.253796,53.285,43.059479,52.592857,-16.465888,6.829913,-23.295801,1.210834,-0.028518,-0.330633,-0.676288,4.940232,915,0.972973,2.0,7.31127
2024-04-03 15:20:00,-0.402291,0.086381,-0.114752,-0.74763,0.108039,-0.386031,0.136025,0.094904,-0.289493,31.573706,52.065714,44.038418,52.890714,-21.833021,1.097326,-22.930348,1.315672,0.070654,-1.095863,-0.643986,4.984868,920,0.986486,2.0,4.994052
2024-04-03 15:25:00,-0.268138,0.079662,-0.087496,-0.94378,0.095228,-0.364235,0.202749,0.09414,-0.293937,31.099093,50.513571,43.7017,51.912857,-26.091567,-4.340452,-21.751115,1.366263,0.109058,0.430486,-0.638868,4.832197,925,1.0,2.0,5.185667
2024-04-04 09:15:00,-0.217134,0.087366,-0.040118,-1.058477,0.086101,-0.304984,0.324311,0.093122,-0.256231,32.904576,48.119286,44.434084,52.048214,-28.628131,-9.197988,-19.430143,1.332505,0.15933,1.604423,-0.581777,5.071154,555,0.0,3.0,4.156058
2024-04-04 09:20:00,-0.222123,0.088211,-0.097347,-1.057162,0.086057,-0.371581,0.069967,0.092166,-0.347691,29.663785,46.649286,42.228542,52.520357,-32.234861,-13.805363,-18.429499,1.334243,0.120398,-1.34619,-0.687329,5.043531,560,0.013514,3.0,3.458659
2024-04-04 09:25:00,-0.131939,0.062908,-0.114946,-0.973499,0.082564,-0.404011,0.022618,0.092712,-0.405973,27.591564,43.393571,40.743523,53.281071,-36.070962,-18.258483,-17.81248,1.376244,0.113048,0.678206,-0.731302,4.871652,565,0.027027,3.0,1.984269
2024-04-04 09:30:00,-0.277844,0.059313,-0.148702,-1.157385,0.077887,-0.463138,-0.132907,0.093708,-0.493556,24.896513,45.695,38.712096,53.601786,-40.647726,-22.736331,-17.911394,1.397705,0.083463,1.3005,-0.797012,4.654023,570,0.040541,3.0,0.467711
2024-04-04 09:35:00,-0.35926,0.057029,-0.164561,-1.158551,0.077918,-0.507631,-0.246819,0.094629,-0.568101,22.72887,47.472143,36.978602,54.358214,-45.567552,-27.302575,-18.264976,1.445809,0.069887,-0.399928,-0.872753,4.558852,575,0.054054,3.0,-0.475554
2024-04-04 09:40:00,-0.382472,0.046946,-0.107067,-1.152161,0.078175,-0.455855,-0.219528,0.0946,-0.542069,23.026787,47.762857,37.099175,52.684286,-48.82864,-31.607788,-17.220852,1.453167,0.11447,-0.208354,-0.845646,4.665976,580,0.067568,3.0,0.350043
2024-04-04 09:45:00,-0.366147,0.044922,-0.131069,-1.317525,0.071549,-0.493307,-0.278614,0.095299,-0.606486,21.092551,46.715714,35.541738,52.991071,-52.465691,-35.779369,-16.686322,1.417405,0.08847,0.504605,-0.895227,4.506197,585,0.081081,3.0,2.016085
2024-04-04 09:50:00,-0.27336,0.060581,-0.075415,-1.142962,0.070444,-0.430303,-0.337633,0.094615,-0.56563,22.502164,47.900714,36.101088,51.449643,-54.387873,-39.50107,-14.886804,1.391895,0.134881,-0.55097,-0.847013,4.590657,590,0.094595,3.0,1.99088
2024-04-04 09:55:00,-0.149627,0.058619,-0.039711,-0.925685,0.063215,-0.375171,-0.3099,0.094665,-0.528396,23.794292,47.250714,36.603908,50.664286,-54.983682,-42.597592,-12.38609,1.394963,0.18018,-0.972198,-0.80177,4.646788,595,0.108108,3.0,3.082671
2024-04-04 10:00:00,0.123758,0.095282,0.090401,-0.772439,0.079293,-0.181335,-0.136693,0.098087,-0.340048,36.415682,51.472143,41.849824,52.284286,-51.61386,-44.400846,-7.213014,1.330165,0.325023,1.472562,-0.563568,4.876017,600,0.121622,3.0,2.81869
2024-04-04 10:05:00,-0.030372,0.124152,-0.039759,-0.920789,0.082471,-0.299532,-0.303887,0.100217,-0.470327,31.592887,53.875714,38.986488,52.043929,-51.132845,-45.747245,-5.385599,1.268488,0.234992,1.77176,-0.639728,4.624451,605,0.135135,3.0,0.906717
2024-04-04 10:10:00,0.125303,0.117304,0.017528,-0.826922,0.08617,-0.211444,-0.364177,0.098939,-0.388753,35.633883,50.327143,40.834387,51.806071,-48.963925,-46.390581,-2.573344,1.173602,0.305029,1.160727,-0.505161,4.836187,610,0.148649,3.0,1.056634
2024-04-04 10:15:00,0.079799,0.119727,-0.006613,-0.85191,0.085749,-0.216132,-0.470008,0.09819,-0.399836,34.716092,47.873571,40.308271,49.969643,-47.2092,-46.554305,-0.654895,1.048157,0.296368,0.018717,-0.506969,4.703825,615,0.162162,3.0,1.502282
2024-04-04 10:20:00,0.043033,0.12086,-0.018323,-0.784952,0.085186,-0.214439,-0.540383,0.097828,-0.404194,33.999077,47.415714,39.902902,48.964643,-45.678528,-46.37915,0.700622,0.927288,0.289843,1.132369,-0.465866,4.490457,620,0.175676,3.0,1.073666
2024-04-04 10:25:00,-0.289733,0.095006,-0.11744,-0.791725,0.085668,-0.336566,-0.656902,0.099937,-0.539423,29.106434,48.156429,36.987628,48.137857,-46.846479,-46.472616,-0.373863,0.879317,0.144391,0.911343,-0.556285,4.292516,625,0.189189,3.0,1.37589
2024-04-04 10:30:00,-0.204429,0.080993,-0.121296,-0.832109,0.085753,-0.362785,-0.602678,0.099052,-0.580012,27.375445,50.158571,35.878515,48.403929,-48.405911,-46.859275,-1.546636,0.828627,0.095348,0.609869,-0.558572,4.114513,630,0.202703,3.0,1.948446
2024-04-04 10:35:00,-0.221195,0.075612,-0.04807,-0.683061,0.086868,-0.283904,-0.654847,0.098093,-0.51031,30.762037,48.327857,37.365999,45.860714,-48.176225,-47.122665,-1.05356,0.775727,0.175145,-1.088339,-0.449276,4.175513,635,0.216216,3.0,1.085038
2024-04-04 10:40:00,-0.223522,0.075489,-0.0519,-0.548256,0.081209,-0.283812,-0.786405,0.096679,-0.518866,29.855544,47.06,36.830296,46.3775,-47.9913,-47.296392,-0.694908,0.771805,0.170537,-1.442504,-0.425098,4.142795,640,0.22973,3.0,-0.391796
2024-04-04 10:45:00,-0.217511,0.076011,-0.044503,-0.600882,0.079811,-0.270254,-0.797998,0.096662,-0.512816,29.390562,46.257143,36.559319,46.864643,-47.570731,-47.35126,-0.219472,0.740175,0.177078,-0.139047,-0.400031,4.017976,645,0.243243,3.0,-0.61305
2024-04-04 10:50:00,-0.110564,0.044218,-0.063508,-0.634979,0.07987,-0.290398,-0.90888,0.096135,-0.541335,27.797166,49.45,35.630206,48.606429,-47.626061,-47.40622,-0.219841,0.707121,0.135323,-1.051179,-0.397673,3.95655,650,0.256757,3.0,-0.82411
2024-04-04 10:55:00,0.039878,0.057433,0.014985,-0.576681,0.083169,-0.185157,-0.906048,0.096197,-0.437964,34.297314,48.14,38.381974,47.427857,-45.555951,-47.036166,1.480215,0.609565,0.265173,0.757902,-0.274958,4.146676,655,0.27027,3.0,-1.176774
2024-04-04 11:00:00,-0.035711,0.053676,-0.007565,-0.49751,0.081171,-0.191337,-1.018512,0.09499,-0.446053,33.308354,47.568571,37.867852,47.734643,-43.89594,-46.408121,2.512181,0.542081,0.233416,0.270924,-0.273201,3.98997,660,0.283784,3.0,-0.189527
2024-04-04 11:05:00,-0.239525,0.116179,-0.160894,-0.655394,0.09318,-0.384218,-1.34364,0.098151,-0.652171,26.114781,51.373571,33.713594,49.312143,-46.362131,-46.398923,0.036792,0.574714,-0.100341,-0.175778,-0.485007,3.864063,665,0.297297,3.0,1.536062
2024-04-04 11:10:00,-0.315644,0.115763,-0.168064,-0.638558,0.092536,-0.429961,-1.397656,0.098562,-0.713795,23.946908,50.032143,32.284,50.752143,-49.426844,-47.004507,-2.422336,0.66201,-0.110238,0.085749,-0.549373,3.719905,670,0.310811,3.0,1.119415
2024-04-04 11:15:00,-0.477223,0.132837,-0.253967,-0.752616,0.100091,-0.581037,-1.755103,0.098525,-0.889081,19.815209,47.732143,29.28081,50.803929,-55.138435,-48.631293,-6.507142,0.847539,-0.18247,-1.419554,-0.747618,3.681243,675,0.324324,3.0,1.818302
2024-04-04 11:20:00,-0.895777,0.121908,-0.392768,-1.088985,0.119465,-0.827648,-1.97353,0.10675,-1.173663,15.338795,50.780714,25.428004,50.553929,-65.069186,-51.918871,-13.150315,1.158429,-0.240041,0.4768,-1.028985,3.508712,680,0.337838,3.0,2.759233
2024-04-04 11:25:00,-0.94641,0.107076,-0.313737,-1.077007,0.119309,-0.818982,-2.134357,0.105291,-1.20172,14.524759,52.305714,24.653048,50.089643,-73.509756,-56.237048,-17.272708,1.418523,-0.120767,-0.124353,-1.055856,3.378046,685,0.351351,3.0,3.472389
2024-04-04 11:30:00,-0.616031,0.162325,-0.143364,-0.996752,0.123205,-0.652454,-2.087422,0.106381,-1.060929,20.351579,53.551429,27.582719,50.483571,-77.490946,-60.487828,-17.003118,1.56476,0.031743,-1.303402,-0.936483,3.422177,690,0.364865,3.0,4.519875
2024-04-04 11:35:00,-0.5489,0.168371,-0.111384,-1.035877,0.122407,-0.61197,-2.195234,0.10479,-1.042249,20.000979,54.592143,27.319687,51.374286,-80.1554,-64.421342,-15.734058,1.679356,0.080426,0.982453,-0.90828,3.216969,695,0.378378,3.0,4.130631
2024-04-04 11:40:00,-0.47635,0.160204,-0.167602,-1.347472,0.111387,-0.680033,-2.509104,0.100421,-1.134975,18.022807,54.075,25.809642,52.116786,-83.863843,-68.309842,-15.554,1.768286,0.06093,0.199432,-0.990842,3.068011,700,0.391892,3.0,4.870438
2024-04-04 11:45:00,-0.260276,0.095469,-0.190784,-1.316455,0.110385,-0.722302,-2.76398,0.096857,-1.203616,16.533919,54.686429,24.616679,51.507143,-87.956282,-72.23913,-15.717152,1.8912,0.061959,-0.016999,-1.036421,2.93456,705,0.405405,3.0,6.89492
2024-04-04 11:50:00,-0.105417,0.109376,-0.075491,-1.304957,0.111149,-0.584043,-2.58396,0.098381,-1.083101,21.131551,58.462857,26.912248,52.761429,-88.75627,-75.542558,-13.213712,1.928573,0.144211,0.749711,-0.914188,3.120614,710,0.418919,3.0,7.698585
2024-04-04 11:55:00,-0.219566,0.087781,-0.060489,-1.292897,0.111403,-0.542425,-2.44322,0.097283,-1.055551,20.888652,57.420714,26.746677,51.838929,-88.646788,-78.163404,-10.483383,1.940284,0.171868,1.444153,-0.856309,2.881886,715,0.432432,3.0,7.078692
2024-04-04 12:00:00,-0.222041,0.087644,-0.057754,-1.298092,0.111299,-0.514559,-2.544508,0.095606,-1.039438,20.454178,57.388571,26.457027,53.419286,-88.023042,-80.135332,-7.88771,1.928315,0.190039,-0.070116,-0.828194,2.750231,720,0.445946,3.0,7.686404
2024-04-04 12:05:00,-0.118455,0.069845,-0.062704,-1.178012,0.109281,-0.498484,-2.485384,0.095403,-1.033619,19.837202,59.087857,26.050799,53.613929,-87.186967,-81.545659,-5.641308,1.935616,0.202991,0.170477,-0.824231,2.603356,725,0.459459,3.0,8.948784
2024-04-04 12:10:00,-0.028004,0.047185,-0.060508,-1.141995,0.109491,-0.476498,-2.510383,0.095209,-1.020178,19.35159,57.129286,25.734254,52.348929,-86.044891,-82.445505,-3.599386,1.936711,0.218242,0.605446,-0.805,2.426934,730,0.472973,3.0,9.317771
2024-04-04 12:15:00,-0.061348,0.032534,-0.010785,-1.146846,0.109245,-0.391336,-2.543075,0.094398,-0.938345,22.578704,54.341429,27.184996,52.8575,-83.368622,-82.630129,-0.738494,1.88464,0.264354,1.281654,-0.705576,2.649435,735,0.486486,3.0,8.75437
2024-04-04 12:20:00,-0.026265,0.035397,0.006057,-1.097754,0.110468,-0.336274,-2.368864,0.093635,-0.882949,24.045718,51.806429,27.84019,50.919286,-79.962786,-82.09666,2.133874,1.806996,0.295647,-0.485639,-0.659952,2.749153,740,0.5,3.0,10.297451
2024-04-04 12:25:00,-0.012716,0.033885,-0.004352,-1.095515,0.110512,-0.3157,-2.18212,0.091018,-0.860609,23.73892,48.990714,27.676625,48.361429,-76.61049,-80.999426,4.388936,1.703355,0.308136,-1.518396,-0.660965,2.72364,745,0.513514,3.0,9.047684
2024-04-04 12:30:00,-0.109011,0.06802,-0.091316,-1.176475,0.111853,-0.405369,-2.332044,0.091371,-0.953501,20.737535,47.646429,26.007549,49.213571,-75.505751,-79.900691,4.39494,1.605857,0.250955,0.86644,-0.717539,2.535308,750,0.527027,3.0,9.551109
2024-04-04 12:35:00,-0.06645,0.069688,-0.051201,-1.247067,0.108048,-0.353785,-2.317456,0.091551,-0.902596,21.90291,47.784286,26.511239,50.045,-73.5173,-78.624013,5.106713,1.413754,0.271709,0.435408,-0.635084,2.69554,755,0.540541,3.0,9.534933
2024-04-04 12:40:00,-0.210037,0.069618,-0.100409,-1.319235,0.10799,-0.409872,-2.386591,0.091811,-0.962205,19.764598,47.707857,25.29129,50.629643,-72.914869,-77.482184,4.567315,1.174434,0.197311,-1.098681,-0.680639,2.640467,760,0.554054,3.0,8.341267
2024-04-04 12:45:00,-0.160985,0.082775,-0.020962,-1.01989,0.104462,-0.308729,-2.317006,0.093084,-0.859079,25.220479,47.963571,27.68602,51.277857,-70.367496,-76.059247,5.69175,0.971063,0.257539,0.103116,-0.563524,2.779923,765,0.567568,3.0,9.560717
2024-04-04 12:50:00,-0.304081,0.097746,-0.117951,-1.084043,0.106744,-0.420123,-2.383047,0.094183,-0.974269,21.639758,47.642143,25.751735,50.858571,-70.381748,-74.923747,4.541999,0.780227,0.068622,0.539201,-0.641723,2.609397,770,0.581081,3.0,9.908605
2024-04-04 12:55:00,-0.220471,0.089186,-0.111199,-0.921527,0.100029,-0.424279,-2.283197,0.093009,-0.982897,20.652573,46.266429,25.181365,50.476429,-70.469931,-74.032984,3.563053,0.671755,-0.004725,-0.548135,-0.632058,2.507676,775,0.594595,3.0,8.741806
2024-04-04 13:00:00,-0.271724,0.083519,-0.098705,-0.625226,0.073427,-0.417232,-2.295954,0.092963,-0.979777,19.914795,43.626429,24.752635,51.044643,-70.39885,-73.306157,2.907307,0.707709,0.013188,-1.47733,-0.623707,2.465051,780,0.608108,3.0,9.343535
2024-04-04 13:05:00,-0.334439,0.095806,-0.173988,-0.709568,0.078501,-0.523934,-2.355939,0.094094,-1.096167,17.030014,48.470714,22.967104,52.945714,-72.459755,-73.136877,0.677122,0.812684,-0.079302,1.687316,-0.723019,2.214888,785,0.621622,3.0,8.911934
2024-04-04 13:10:00,-0.276981,0.117332,-0.031658,-0.682218,0.081188,-0.360113,-2.070337,0.095691,-0.93311,26.0305,48.928571,27.214073,53.158571,-70.971976,-72.703896,1.731921,0.802446,0.113013,0.537737,-0.564852,2.391172,790,0.635135,3.0,7.009146
2024-04-04 13:15:00,-0.019888,0.118679,0.046537,-0.557878,0.086681,-0.234361,-2.008249,0.097181,-0.800156,32.367409,49.523571,30.405352,54.305714,-67.171557,-71.597429,4.425872,0.751328,0.258563,-1.510177,-0.429966,2.433101,795,0.648649,3.0,6.320241
2024-04-04 13:20:00,-0.05278,0.122634,-0.023466,-0.499851,0.083644,-0.285868,-2.072191,0.097289,-0.846933,30.128185,52.862143,29.330983,54.995714,-64.89953,-70.257849,5.358319,0.751459,0.183346,-1.43853,-0.491845,2.390748,800,0.662162,3.0,6.583792
2024-04-04 13:25:00,0.019284,0.123001,0.00785,-0.346689,0.081641,-0.226895,-2.064462,0.09741,-0.780387,32.302649,51.592857,30.430053,52.967143,-61.745668,-68.555413,6.809745,0.75953,0.255823,-0.102513,-0.392449,2.520647,805,0.675676,3.0,7.219495
2024-04-04 13:30:00,0.179348,0.083447,0.003608,-0.426525,0.078641,-0.207532,-1.963054,0.097116,-0.752338,32.227924,52.528571,30.396137,52.1675,-58.614914,-66.567313,7.952399,0.742151,0.275583,1.04813,-0.332929,2.31305,810,0.689189,3.0,7.38506
2024-04-04 13:35:00,-0.234201,0.149516,-0.188848,-0.696785,0.098448,-0.446746,-2.170614,0.103115,-0.996531,24.927332,57.565714,26.759889,53.278214,-60.65213,-65.384276,4.732146,0.807696,-0.017394,-0.47714,-0.573785,2.204784,815,0.702703,3.0,7.430225
2024-04-04 13:40:00,-0.350657,0.128144,-0.136196,-0.686061,0.098528,-0.418196,-2.079799,0.10277,-0.972424,24.607035,54.009286,26.583922,50.827857,-61.832261,-64.673873,2.841612,0.858118,0.035127,-1.083066,-0.547772,2.138248,820,0.716216,3.0,7.900215
2024-04-04 13:45:00,-0.314276,0.128362,-0.120973,-0.694923,0.098557,-0.41929,-2.02798,0.102452,-0.977698,23.642629,52.095714,26.060057,49.94,-62.863506,-64.3118,1.448294,0.910325,0.050426,1.553956,-0.552406,1.89771,825,0.72973,3.0,7.689239
2024-04-04 13:50:00,-0.381138,0.118682,-0.101906,-0.698697,0.098547,-0.408226,-2.06315,0.102256,-0.970039,22.96036,53.945,25.690435,50.826429,-63.526237,-64.154687,0.628451,0.956924,0.075628,0.402198,-0.544325,1.731397,830,0.743243,3.0,8.866193
2024-04-04 13:55:00,-0.520459,0.113283,-0.162832,-0.883958,0.099469,-0.49782,-2.114893,0.10303,-1.067846,20.161772,55.118571,24.106709,51.541071,-65.872635,-64.498277,-1.374358,1.019482,0.005947,1.131418,-0.640119,1.515328,835,0.756757,3.0,9.014835
2024-04-04 14:00:00,-0.300317,0.04953,-0.152562,-0.969,0.098399,-0.510049,-2.197058,0.102704,-1.089134,19.007137,53.877857,23.413984,50.76,-68.140923,-65.226806,-2.914117,1.065986,0.011347,-0.656931,-0.684518,1.417296,840,0.77027,3.0,9.308757
2024-04-04 14:05:00,-0.342421,0.043176,-0.140121,-1.013546,0.098045,-0.513563,-2.268867,0.10235,-1.101618,18.036795,53.266429,22.820768,49.766429,-70.171395,-66.215724,-3.955671,1.101134,0.020924,-1.152236,-0.705181,1.351494,845,0.783784,3.0,9.849556
2024-04-04 14:10:00,-0.225597,0.07732,-0.045519,-0.810825,0.099728,-0.40005,-2.369827,0.098767,-0.990442,23.305059,50.391429,25.273851,47.008929,-69.675822,-66.907743,-2.768079,1.119332,0.128859,-1.390569,-0.611793,1.397802,850,0.797297,3.0,8.792387
2024-04-04 14:15:00,-0.203289,0.07891,-0.03668,-0.83467,0.099171,-0.370651,-2.232551,0.0978,-0.961011,23.093965,44.869286,25.16432,46.67,-68.663441,-67.258883,-1.404558,1.110218,0.154896,-1.338893,-0.603683,1.351051,855,0.810811,3.0,8.08316
2024-04-04 14:20:00,-0.103059,0.056059,-0.052456,-0.777703,0.098245,-0.373355,-2.338146,0.096478,-0.963666,22.138887,43.915,24.6739,46.421786,-67.839229,-67.374952,-0.464277,1.119637,0.155151,0.198685,-0.602817,1.205803,860,0.824324,3.0,9.611739
2024-04-04 14:25:00,0.066388,0.071041,0.034032,-0.743467,0.10052,-0.244507,-2.210165,0.098778,-0.827607,29.841153,43.098571,28.24844,46.311071,-64.568074,-66.813577,2.245502,1.05691,0.267545,-1.593257,-0.468905,1.231246,865,0.837838,3.0,9.947048
2024-04-04 14:30:00,0.029176,0.081485,-0.040493,-0.68266,0.097609,-0.306815,-2.282403,0.098968,-0.885731,27.189121,40.724286,27.030505,46.793214,-62.96534,-66.043929,3.07859,1.046597,0.207593,0.256544,-0.526099,1.0856,870,0.851351,3.0,9.664432
2024-04-04 14:35:00,-0.121925,0.07883,-0.07981,-0.712862,0.098084,-0.349166,-2.20552,0.097776,-0.926773,25.176239,40.759286,26.057238,46.176071,-62.408834,-65.31691,2.908076,1.052431,0.168044,-0.993878,-0.577195,1.02361,875,0.864865,3.0,10.005915
2024-04-04 14:40:00,-0.327021,0.114537,-0.196501,-0.889655,0.105949,-0.509871,-2.352651,0.10067,-1.095404,20.703067,43.508571,23.662762,48.018571,-65.101044,-65.273737,0.172693,1.118606,0.035998,1.504711,-0.722204,0.797261,880,0.878378,3.0,9.524293
2024-04-04 14:45:00,-0.178989,0.138804,-0.060186,-0.622944,0.107279,-0.365625,-2.296835,0.102107,-0.951654,27.55739,40.05,27.098151,48.807857,-64.569858,-65.132961,0.563103,1.158404,0.170204,1.706939,-0.543428,1.042964,885,0.891892,3.0,9.802859
2024-04-04 14:50:00,-0.233698,0.126676,-0.007675,-0.700386,0.102549,-0.286986,-2.220138,0.102968,-0.868293,30.519527,41.498571,28.623739,47.753929,-62.548332,-64.616035,2.067704,1.140498,0.238294,0.982352,-0.452616,1.242469,890,0.905405,3.0,9.136988
2024-04-04 14:55:00,-0.095129,0.128713,0.024235,-0.757402,0.099272,-0.219977,-2.162554,0.103652,-0.792557,33.181142,41.917143,29.997952,47.006429,-59.465161,-63.58586,4.1207,1.05621,0.294935,1.24444,-0.382267,1.462625,895,0.918919,3.0,9.413007
2024-04-04 15:00:00,0.004285,0.124698,0.029637,-0.656174,0.099524,-0.180805,-2.09308,0.104038,-0.742426,34.424033,38.325714,30.63425,46.135357,-56.010538,-62.070796,6.060258,0.974696,0.332248,1.130556,-0.316543,1.678222,900,0.932432,3.0,7.835304
2024-04-04 15:05:00,0.186524,0.050472,-0.002237,-0.723935,0.098228,-0.193413,-2.209512,0.102392,-0.744991,33.334698,35.393571,30.170301,45.256071,-53.255143,-60.307665,7.052522,0.850295,0.311706,0.914181,-0.307706,1.476829,905,0.945946,3.0,9.166224
2024-04-04 15:10:00,0.056791,0.037748,-0.01694,-0.744519,0.097961,-0.195957,-2.206426,0.102404,-0.738095,32.555528,33.807857,29.84115,43.842857,-50.903479,-58.426828,7.523349,0.677295,0.284646,-0.154485,-0.313107,1.348332,910,0.959459,3.0,8.653266
2024-04-04 15:15:00,-0.059622,0.044288,-0.056435,-0.526622,0.079044,-0.238487,-2.043806,0.098778,-0.77396,30.325741,36.617143,28.886515,44.941786,-49.690255,-56.679513,6.989258,0.634112,0.20495,-0.373751,-0.348082,1.234948,915,0.972973,3.0,7.072025
2024-04-04 15:20:00,-0.166823,0.035529,-0.079816,-0.574318,0.079418,-0.272967,-2.016491,0.098569,-0.804197,28.371114,38.087857,28.01831,44.239643,-49.303026,-55.204216,5.90119,0.592958,0.126436,-0.169065,-0.376253,1.108048,920,0.986486,3.0,6.848184
2024-04-04 15:25:00,-0.225882,0.019408,-0.079186,-0.568084,0.079362,-0.282196,-1.845819,0.09539,-0.810047,27.209369,38.219286,27.491238,41.544286,-49.132598,-53.989892,4.857294,0.56084,0.086437,-0.163444,-0.389285,0.978704,925,1.0,3.0,6.477187
2024-04-05 09:15:00,-0.093713,0.068512,0.01345,-0.4375,0.08434,-0.165632,-1.418081,0.08715,-0.683703,34.573079,36.957857,30.930236,40.436429,-46.665823,-52.525078,5.859256,0.492411,0.274956,-1.123099,-0.280613,1.041495,555,0.0,4.0,6.629586
2024-04-05 09:20:00,-0.062118,0.069452,0.014597,-0.287211,0.079617,-0.142249,-1.333383,0.087012,-0.649003,35.173534,36.312857,31.217866,39.705714,-44.050591,-50.830181,6.77959,0.467907,0.311922,0.127115,-0.240247,1.1883,560,0.013514,4.0,5.484335
2024-04-05 09:25:00,-0.044374,0.066303,-0.023581,-0.27126,0.079151,-0.173869,-1.480362,0.085142,-0.671423,33.230731,37.829286,30.440244,39.276786,-42.391471,-49.142439,6.750968,0.465674,0.232963,-1.473508,-0.263897,1.14895,565,0.027027,4.0,5.881801
2024-04-05 09:30:00,-0.080667,0.075144,-0.082114,-0.313173,0.080918,-0.247298,-1.555167,0.085706,-0.740332,29.710395,41.687143,28.950559,41.223214,-42.385021,-47.790955,5.405935,0.498194,0.082189,1.146824,-0.337477,0.933347,570,0.040541,4.0,9.505368
2024-04-05 09:35:00,-0.14659,0.085261,-0.124695,-0.489349,0.080502,-0.318526,-1.520597,0.084938,-0.811606,26.525272,40.608571,27.482529,42.058571,-43.766805,-46.986125,3.21932,0.542344,-0.031749,-1.386659,-0.431508,0.89234,575,0.054054,4.0,8.226701
2024-04-05 09:40:00,-0.13849,0.088348,-0.011512,-0.372853,0.085735,-0.191221,-1.297709,0.086172,-0.677461,34.295474,41.190714,31.189032,40.620357,-42.435304,-46.075961,3.640657,0.53368,0.195528,-1.603653,-0.301992,0.913118,580,0.067568,4.0,8.564416
2024-04-05 09:45:00,-0.143572,0.087856,-0.005438,-0.327649,0.085685,-0.170009,-1.371069,0.084977,-0.647862,34.528391,39.803571,31.302775,40.651071,-40.848684,-45.030505,4.181822,0.526904,0.229071,1.120621,-0.248471,1.127393,585,0.081081,4.0,8.253697
2024-04-05 09:50:00,-0.132065,0.087308,-0.029254,-0.469044,0.080977,-0.188575,-1.393967,0.084971,-0.659326,33.081909,40.681429,30.700033,41.299286,-39.825335,-43.989471,4.164136,0.474959,0.168066,-1.00651,-0.270949,1.067134,590,0.094595,4.0,8.446306
2024-04-05 09:55:00,-0.110268,0.083187,-0.071352,-0.45214,0.080277,-0.240897,-1.444888,0.085261,-0.707891,30.316222,42.413571,29.508524,40.369643,-39.955357,-43.182649,3.227291,0.472973,0.050327,-1.320156,-0.338302,1.032589,595,0.108108,4.0,6.634497
2024-04-05 10:00:00,-0.155541,0.095947,-0.147721,-0.522841,0.084374,-0.35363,-1.557162,0.086962,-0.82367,25.828724,44.140714,27.381765,39.767143,-42.275855,-43.00129,0.725435,0.54875,-0.113104,0.522896,-0.442764,0.865625,600,0.121622,4.0,5.483487
2024-04-05 10:05:00,-0.314015,0.05692,-0.132738,-0.359853,0.072172,-0.366369,-1.580087,0.087006,-0.840568,24.496026,45.370714,26.700668,39.589286,-44.524725,-43.305977,-1.218748,0.649375,-0.069281,-1.335511,-0.472142,0.836325,605,0.135135,4.0,5.943147
2024-04-05 10:10:00,-0.279458,0.06803,-0.063197,-0.427968,0.067427,-0.297293,-1.58632,0.086898,-0.771622,27.479561,42.082143,28.074341,39.349643,-45.103587,-43.665499,-1.438088,0.706416,0.06054,-0.997308,-0.411166,0.88739,610,0.148649,4.0,5.904729
2024-04-05 10:15:00,-0.323168,0.068035,-0.09698,-0.558303,0.066613,-0.343304,-1.686808,0.086855,-0.820056,25.162298,41.649286,26.941226,39.868571,-46.505332,-44.233465,-2.271866,0.769709,0.026339,-0.044569,-0.47002,0.767115,615,0.162162,4.0,7.539967
2024-04-05 10:20:00,-0.311995,0.067681,-0.109042,-0.668231,0.064889,-0.370766,-1.739879,0.086919,-0.851617,23.441162,41.887143,26.059349,40.053214,-48.255812,-45.037935,-3.217877,0.826015,0.018726,1.544307,-0.498374,0.52729,620,0.175676,4.0,6.83517
2024-04-05 10:25:00,-0.227932,0.04802,-0.116698,-0.753834,0.063989,-0.395088,-1.674358,0.085899,-0.881384,21.847046,43.314286,25.211608,40.136071,-50.248401,-46.080028,-4.168373,0.875979,0.014133,1.241674,-0.528765,0.307988,625,0.189189,4.0,7.009669
2024-04-05 10:30:00,-0.21117,0.048108,-0.100847,-0.755377,0.063984,-0.388745,-1.722615,0.085616,-0.880027,21.04088,45.145714,24.774356,40.729286,-51.849565,-47.233935,-4.61563,0.920548,0.041274,-1.303723,-0.554941,0.279215,630,0.202703,4.0,9.922791
2024-04-05 10:35:00,-0.444706,0.06228,-0.198026,-0.927035,0.072947,-0.528746,-1.817752,0.088161,-1.032699,17.168524,46.987857,22.479587,42.408571,-55.990425,-48.985233,-7.005191,1.025157,-0.057296,-0.196029,-0.716852,0.166753,635,0.216216,4.0,9.157229
2024-04-05 10:40:00,-0.429712,0.063051,-0.17689,-0.926546,0.07294,-0.53918,-1.951429,0.086925,-1.05656,16.078509,47.383571,21.764481,44.535357,-59.786022,-51.145391,-8.640631,1.134613,-0.021721,1.57535,-0.73335,-0.081566,640,0.22973,4.0,8.253396
2024-04-05 10:45:00,-0.488871,0.06404,-0.201937,-0.988661,0.075014,-0.601536,-1.922008,0.086206,-1.135369,14.25358,47.342143,20.498202,43.975357,-64.305695,-53.777452,-10.528243,1.271741,-0.025187,-0.923586,-0.831942,-0.138068,645,0.243243,4.0,8.218266
2024-04-05 10:50:00,-0.384052,0.089444,-0.108543,-0.911167,0.077596,-0.509184,-1.835556,0.086894,-1.053976,17.399665,44.459286,21.965326,42.825,-66.419904,-56.305942,-10.113962,1.359614,0.070869,-0.760587,-0.774279,-0.070119,650,0.256757,4.0,8.173703
2024-04-05 10:55:00,-0.467095,0.087316,-0.150972,-1.126286,0.071146,-0.567132,-1.915143,0.087643,-1.125216,15.555079,48.790714,20.772283,44.297143,-69.402263,-58.925206,-10.477056,1.433288,0.050374,1.184388,-0.834056,-0.290625,655,0.27027,4.0,9.01787
2024-04-05 11:00:00,-0.261344,0.074567,-0.093892,-1.124537,0.071232,-0.504197,-1.745745,0.086059,-1.071855,16.381397,47.576429,21.156679,44.128929,-70.767674,-61.2937,-9.473974,1.461074,0.104321,-0.854819,-0.790768,-0.229031,660,0.283784,4.0,9.147446
2024-04-05 11:05:00,-0.094089,0.099639,0.004258,-0.975822,0.07942,-0.365963,-1.771608,0.085123,-0.934774,24.22842,47.635,24.871527,45.024286,-69.259234,-62.886807,-6.372427,1.440969,0.201938,-0.957647,-0.660275,-0.178039,665,0.297297,4.0,8.390707
2024-04-05 11:10:00,-0.042362,0.087706,-0.046656,-0.950705,0.07877,-0.398184,-1.944054,0.082942,-0.969145,22.542121,47.774286,24.003375,45.9575,-68.599582,-64.029362,-4.57022,1.442789,0.184036,-0.070266,-0.68055,-0.297761,670,0.310811,4.0,8.602128
2024-04-05 11:15:00,-0.182925,0.091065,-0.098712,-0.947223,0.07864,-0.451842,-1.963379,0.083194,-1.028037,20.449904,47.009286,22.873225,46.19,-69.091084,-65.041706,-4.049378,1.475082,0.154604,1.427961,-0.697252,-0.534242,675,0.324324,4.0,11.240725
2024-04-05 11:20:00,-0.091118,0.079036,-0.083163,-1.079383,0.069968,-0.432429,-2.023411,0.082517,-1.012869,19.939223,47.079286,22.590587,44.580714,-69.147491,-65.862863,-3.284628,1.454381,0.16903,0.447685,-0.656133,-0.697578,680,0.337838,4.0,12.512499
2024-04-05 11:25:00,-0.145476,0.077882,-0.084919,-1.126423,0.068705,-0.431257,-2.064327,0.082332,-1.015605,19.067912,47.175,22.109196,44.412143,-69.183052,-66.526901,-2.656151,1.408752,0.167121,1.485738,-0.631098,-0.941428,685,0.351351,4.0,9.73033
2024-04-05 11:30:00,-0.383484,0.044796,-0.148792,-1.225118,0.070904,-0.514981,-1.918591,0.075733,-1.107729,16.622656,52.638571,20.680624,47.262857,-70.858741,-67.393269,-3.465472,1.379284,0.104713,1.669263,-0.696196,-1.2062,690,0.364865,4.0,9.588313
2024-04-05 11:35:00,-0.309446,0.056619,-0.099214,-1.148207,0.072095,-0.466123,-1.903502,0.075861,-1.064708,16.626426,50.910714,20.682365,47.1125,-71.363299,-68.187275,-3.176024,1.336108,0.134993,0.270306,-0.646457,-1.049894,695,0.378378,4.0,8.713222
2024-04-05 11:40:00,-0.060559,0.103581,0.032434,-0.852994,0.082104,-0.28852,-1.71386,0.080299,-0.882571,28.066966,49.810714,26.168858,47.478214,-68.339994,-68.217819,-0.122176,1.275971,0.266728,0.091782,-0.459033,-0.909688,700,0.391892,4.0,9.335485
2024-04-05 11:45:00,-0.102466,0.106642,-0.023679,-0.869459,0.082278,-0.322431,-1.749333,0.080436,-0.912988,26.282016,47.742143,25.333675,47.365,-66.389884,-67.852232,1.462348,1.221441,0.236524,1.40007,-0.482306,-1.153836,705,0.405405,4.0,9.162221
2024-04-05 11:50:00,-0.120751,0.107966,-0.057455,-0.969064,0.080069,-0.348211,-1.670822,0.079049,-0.937037,24.725146,44.98,24.585557,46.181786,-65.206295,-67.323045,2.11675,1.13296,0.203841,1.205743,-0.48366,-1.383441,710,0.418919,4.0,11.094917
2024-04-05 11:55:00,-0.124725,0.109025,-0.133134,-1.028471,0.082478,-0.443458,-1.745848,0.080408,-1.036066,21.592853,43.552857,22.984954,45.4475,-66.039137,-67.066263,1.027126,1.081836,0.106444,0.2783,-0.593845,-1.541439,715,0.432432,4.0,12.026152
2024-04-05 12:00:00,-0.137279,0.108449,-0.097141,-0.974956,0.082848,-0.412685,-1.701573,0.080405,-1.007759,21.336821,46.067143,22.849271,45.263214,-66.159238,-66.884858,0.72562,1.022388,0.119114,1.004592,-0.534581,-1.759556,720,0.445946,4.0,12.916555
2024-04-05 12:05:00,-0.445349,0.061234,-0.172092,-1.06905,0.086515,-0.518668,-1.930335,0.080869,-1.121814,18.329684,45.980714,21.183183,47.385714,-68.3281,-67.173506,-1.154593,1.010032,0.008678,-0.124395,-0.6664,-1.890871,725,0.459459,4.0,13.103126
2024-04-05 12:10:00,-0.524584,0.064562,-0.213094,-1.180806,0.088853,-0.602379,-2.065651,0.082187,-1.218517,16.094886,49.89,19.812606,48.733214,-71.836489,-68.106103,-3.730386,1.029944,-0.066989,1.567789,-0.761361,-2.158836,730,0.472973,4.0,13.062829
2024-04-05 12:15:00,-0.383307,0.105936,-0.089255,-0.907989,0.087888,-0.473805,-1.946672,0.083953,-1.095828,21.630069,51.583571,22.605976,49.609286,-72.374555,-68.959793,-3.414762,1.049886,0.062223,-0.435075,-0.619901,-2.048255,735,0.486486,4.0,13.403009
2024-04-05 12:20:00,-0.369015,0.103897,-0.144777,-0.968138,0.089702,-0.544133,-2.173366,0.08228,-1.174923,19.408841,52.873571,21.36278,50.323929,-74.213728,-70.01058,-4.203148,1.108578,0.014185,-0.485182,-0.715938,-2.157421,740,0.5,4.0,14.698289
2024-04-05 12:25:00,-0.295675,0.118893,-0.055874,-0.782704,0.090954,-0.437552,-2.020803,0.083261,-1.071323,23.44759,55.92,23.445587,51.464643,-73.739192,-70.756303,-2.98289,1.147503,0.117664,-0.505046,-0.633082,-2.050658,745,0.513514,4.0,15.232678
2024-04-05 12:30:00,-0.031638,0.121083,0.031683,-0.719059,0.094916,-0.302777,-1.841683,0.085517,-0.931323,29.863508,56.48,26.851182,51.779643,-70.713853,-70.747813,0.03396,1.12477,0.233511,-0.16074,-0.485118,-1.915834,750,0.527027,4.0,14.881546
2024-04-05 12:35:00,0.099516,0.094048,0.010144,-0.618258,0.093004,-0.288877,-1.646555,0.081618,-0.910807,29.440317,56.770714,26.655338,51.972857,-67.826491,-70.163548,2.337057,1.120735,0.245495,-1.608178,-0.494278,-1.934653,755,0.540541,4.0,16.15663
2024-04-05 12:40:00,0.031751,0.088018,0.014554,-0.616794,0.093039,-0.250886,-1.739664,0.079379,-0.864267,30.196595,51.380714,27.047088,52.009643,-64.586348,-69.048108,4.46176,1.09693,0.27874,-1.488624,-0.470645,-1.911614,760,0.554054,4.0,16.348741
2024-04-05 12:45:00,0.305068,0.065752,0.106337,-0.572473,0.096812,-0.096127,-1.645075,0.082558,-0.692446,38.941883,52.907857,31.738782,51.909286,-58.767816,-66.99205,8.224234,1.003128,0.430913,0.216102,-0.294774,-1.757451,765,0.567568,4.0,16.271126
2024-04-05 12:50:00,0.184759,0.084835,0.031552,-0.557265,0.096494,-0.140268,-1.746311,0.081876,-0.721739,36.914662,52.228571,30.899979,51.019643,-54.574859,-64.508612,9.933752,0.922292,0.391308,-0.349071,-0.304702,-1.866132,770,0.581081,4.0,15.479749
2024-04-05 12:55:00,-0.015142,0.092378,-0.043179,-0.552177,0.096295,-0.213941,-1.860751,0.081924,-0.78552,33.81944,54.48,29.576647,51.111071,-52.358214,-62.078532,9.720318,0.873409,0.306776,1.503973,-0.342428,-2.118199,775,0.594595,4.0,14.913757
2024-04-05 13:00:00,-0.166725,0.118953,-0.140864,-0.693466,0.101277,-0.345404,-1.993341,0.083972,-0.91524,29.218754,55.38,27.450748,50.18,-52.97243,-60.257312,7.284882,0.854124,0.146621,-0.301299,-0.492696,-2.22931,780,0.608108,4.0,14.27771
2024-04-05 13:05:00,-0.21368,0.116335,-0.117512,-0.684676,0.101253,-0.344507,-2.005279,0.083939,-0.913342,28.346607,54.271429,27.027648,48.912143,-53.46901,-58.899652,5.430641,0.838245,0.138741,0.186008,-0.496803,-2.378189,785,0.621622,4.0,11.485353
2024-04-05 13:10:00,-0.256962,0.099166,-0.010704,-0.44619,0.10249,-0.220161,-1.839284,0.086202,-0.781071,34.403391,55.931429,30.230927,50.999286,-51.470616,-57.413844,5.943229,0.823343,0.282315,-1.0773,-0.361121,-2.328404,790,0.635135,4.0,12.502199
2024-04-05 13:15:00,-0.145708,0.109084,0.02788,-0.393934,0.103756,-0.15179,-1.72553,0.087036,-0.70056,37.355735,54.295,31.837398,50.137857,-48.397793,-55.610634,7.212841,0.790274,0.364528,-1.128804,-0.300047,-2.285472,795,0.648649,4.0,13.068676
2024-04-05 13:20:00,-0.177092,0.114678,-0.066576,-0.668137,0.098483,-0.252741,-1.81276,0.088021,-0.795154,33.417301,54.638571,30.090318,52.264286,-47.677173,-54.023942,6.346769,0.701309,0.213232,1.160478,-0.398651,-2.5116,800,0.662162,4.0,12.854406
2024-04-05 13:25:00,-0.128191,0.10191,-0.123832,-0.719039,0.100079,-0.336307,-2.027163,0.086545,-0.87784,30.219695,53.396429,28.574881,52.49,-48.655295,-52.950212,4.294918,0.64838,0.061961,0.39078,-0.478435,-2.678227,805,0.675676,4.0,13.90039
2024-04-05 13:30:00,-0.178228,0.105505,-0.139537,-0.741828,0.100529,-0.381468,-2.119131,0.086471,-0.925127,28.142545,54.976429,27.544481,53.925,-50.361285,-52.432427,2.071142,0.627262,-0.029444,-0.608054,-0.546554,-2.764355,810,0.689189,4.0,14.338377
2024-04-05 13:35:00,-0.288899,0.077337,-0.099335,-0.609836,0.097569,-0.353746,-2.079418,0.086593,-0.898129,27.915279,52.23,27.431658,54.075,-51.288299,-52.203601,0.915302,0.644024,0.017108,0.977112,-0.524069,-2.979614,815,0.702703,4.0,14.709945
2024-04-05 13:40:00,-0.397312,0.048428,-0.103739,-0.653299,0.097634,-0.370912,-2.036962,0.086221,-0.916808,26.535149,51.787143,26.752052,54.133571,-52.412902,-52.245461,-0.167441,0.663733,-0.003844,-1.075663,-0.560172,-3.029024,820,0.716216,4.0,12.235181
2024-04-05 13:45:00,-0.285973,0.046404,-0.07987,-0.509118,0.09288,-0.35017,-1.949817,0.085794,-0.896447,26.138649,51.772857,26.557656,54.271786,-52.976704,-52.39171,-0.584994,0.715413,0.045737,0.510459,-0.530598,-3.206379,825,0.72973,4.0,12.002165
2024-04-05 13:50:00,-0.174835,0.034457,-0.058468,-0.369974,0.088366,-0.323975,-2.062821,0.083277,-0.86904,25.935327,54.731429,26.460513,53.056071,-52.951115,-52.503591,-0.447524,0.77353,0.093648,-1.209149,-0.515968,-3.250318,830,0.743243,4.0,12.534354
2024-04-05 13:55:00,-0.153346,0.027152,-0.081603,-0.512694,0.085781,-0.350899,-2.128712,0.083078,-0.896172,24.271866,55.635714,25.664057,54.271786,-53.443648,-52.691602,-0.752045,0.832188,0.076453,-1.180642,-0.548348,-3.292614,835,0.756757,4.0,14.144041
2024-04-05 14:00:00,-0.1829,0.024444,-0.080414,-0.424171,0.082445,-0.352774,-2.129262,0.083078,-0.898493,23.290966,54.388571,25.184736,53.308571,-53.900946,-52.933471,-0.967475,0.901858,0.089517,-1.387435,-0.561457,-3.316863,840,0.77027,4.0,15.984336
2024-04-05 14:05:00,-0.141798,0.023066,-0.063684,-0.499974,0.080171,-0.332901,-2.067883,0.083015,-0.877944,22.905304,50.837857,24.997429,52.658929,-53.90822,-53.128421,-0.7798,0.957618,0.123756,0.206769,-0.540274,-3.468948,845,0.783784,4.0,17.410174
2024-04-05 14:10:00,-0.168,0.022535,-0.070644,-0.644829,0.074285,-0.339435,-1.962053,0.081528,-0.88409,21.816029,47.972857,24.468999,51.676429,-54.036675,-53.310072,-0.726603,0.993135,0.127225,0.720999,-0.535457,-3.661667,850,0.797297,4.0,16.248565
2024-04-05 14:15:00,-0.146218,0.029742,-0.037773,-0.614555,0.074937,-0.294571,-1.897968,0.081859,-0.836369,23.119945,48.246429,25.0134,51.258929,-53.277411,-53.30354,0.026129,1.010429,0.177804,-0.803444,-0.47816,-3.585941,855,0.810811,4.0,14.050894
2024-04-05 14:20:00,0.061954,0.077166,0.071035,-0.482656,0.084201,-0.136257,-1.793631,0.085198,-0.666157,35.13539,46.707857,30.380439,51.319643,-49.557789,-52.55439,2.9966,0.980956,0.339504,0.187686,-0.290109,-3.432164,860,0.824324,4.0,14.621363
2024-04-05 14:25:00,0.124322,0.071619,0.062884,-0.603604,0.075254,-0.102235,-1.689881,0.08534,-0.617948,36.852893,45.215,31.205587,49.755,-45.671957,-51.177903,5.505946,0.880106,0.381968,0.667249,-0.236558,-3.240368,865,0.837838,4.0,14.648979
2024-04-05 14:30:00,0.112218,0.073485,0.023787,-0.572019,0.074951,-0.117081,-1.651143,0.085216,-0.619826,35.66636,40.819286,30.764433,47.728929,-42.581667,-49.458656,6.876989,0.780926,0.368955,-0.018642,-0.229122,-3.377894,870,0.851351,4.0,15.611532
2024-04-05 14:35:00,-0.037757,0.121371,-0.112244,-0.667302,0.082204,-0.279536,-1.775184,0.088021,-0.779107,28.650715,44.675714,27.878051,49.036071,-43.027261,-48.172377,5.145116,0.738477,0.146908,-1.042983,-0.403408,-3.435592,875,0.864865,4.0,15.485648
2024-04-05 14:40:00,-0.046446,0.121047,-0.071318,-0.494816,0.076183,-0.248187,-1.736029,0.088213,-0.743716,29.065528,40.492857,28.071249,47.734643,-42.793499,-47.096601,4.303102,0.735855,0.186473,-0.367704,-0.372862,-3.325213,880,0.878378,4.0,15.705403
2024-04-05 14:45:00,-0.4059,0.113687,-0.19144,-0.674358,0.087358,-0.419427,-1.755352,0.088985,-0.920617,23.172181,42.356429,25.224788,47.293214,-45.881537,-46.853588,0.972051,0.803494,-0.013106,1.028934,-0.544288,-3.54074,885,0.891892,4.0,14.205414
2024-04-05 14:50:00,-0.59265,0.100769,-0.237199,-0.938126,0.085888,-0.52776,-1.850757,0.090734,-1.041314,19.874931,44.679286,23.358573,48.233214,-50.633914,-47.609654,-3.02426,0.880698,-0.100686,1.696656,-0.652158,-3.807026,890,0.905405,4.0,14.653423
2024-04-05 14:55:00,-0.514763,0.122346,-0.124192,-0.939499,0.085804,-0.43166,-1.676733,0.090661,-0.952217,23.518589,45.334286,25.144101,48.553571,-52.892398,-48.666203,-4.226196,0.86527,0.001711,0.885189,-0.560491,-3.598547,895,0.918919,4.0,14.208525
2024-04-05 15:00:00,-0.285919,0.123711,-0.057794,-0.775594,0.085598,-0.356836,-1.678422,0.090633,-0.879435,26.175711,43.331429,26.450085,49.031429,-53.406568,-49.614276,-3.792293,0.854154,0.084439,-0.518304,-0.492962,-3.493183,900,0.932432,4.0,14.55851
2024-04-05 15:05:00,-0.334341,0.119409,-0.06737,-0.700208,0.08351,-0.361982,-1.604967,0.089831,-0.886458,25.094486,43.449286,25.910232,49.5425,-53.952239,-50.481868,-3.470371,0.87453,0.084849,-1.281594,-0.527478,-3.538276,905,0.945946,4.0,15.017916
2024-04-05 15:10:00,-0.309416,0.111921,-0.172154,-0.804894,0.089927,-0.499745,-1.802704,0.09235,-1.033793,20.979975,47.400714,23.698773,50.894643,-57.077853,-51.801065,-5.276788,0.970336,-0.02868,0.040259,-0.688412,-3.682905,910,0.959459,4.0,14.900694
2024-04-05 15:15:00,-0.208547,0.096944,-0.156977,-0.858297,0.089757,-0.50935,-1.963202,0.090283,-1.053832,19.822005,48.19,23.024528,49.513929,-59.972304,-53.435313,-6.536991,1.059388,-0.003215,-0.675139,-0.70747,-3.776583,915,0.972973,4.0,15.217495
2024-04-05 15:20:00,-0.351152,0.082755,-0.165911,-0.89359,0.090383,-0.54381,-1.980474,0.090455,-1.100296,18.247919,49.82,22.079148,48.896429,-63.147247,-55.3777,-7.769547,1.164457,0.002002,0.571992,-0.744235,-3.961923,920,0.986486,4.0,15.203888
2024-04-05 15:25:00,-0.355107,0.081471,-0.088281,-0.844388,0.091884,-0.462006,-1.848023,0.090598,-1.025647,20.726461,50.334286,23.273569,49.290357,-64.333573,-57.168874,-7.164698,1.225772,0.08854,-0.976448,-0.658166,-3.89172,925,1.0,4.0,15.963088
2024-04-08 09:15:00,-0.124254,0.143481,0.066562,-0.649893,0.105258,-0.24847,-1.637601,0.096048,-0.806608,32.991981,51.58,29.551904,49.143929,-61.269599,-57.989019,-3.28058,1.214757,0.26582,1.618248,-0.426282,-3.629492,555,0.0,0.0,16.464831
2024-04-08 09:20:00,0.06144,0.109877,0.040899,-0.59151,0.105155,-0.229552,-1.599221,0.096114,-0.780178,32.840685,53.718571,29.482731,49.466786,-58.260963,-58.043408,-0.217555,1.206102,0.284375,-1.303278,-0.407627,-3.671721,560,0.013514,0.0,15.917614
2024-04-08 09:25:00,0.025421,0.117009,-0.038909,-0.651386,0.106294,-0.297338,-1.560781,0.095391,-0.844449,30.011483,54.646429,28.177124,47.732857,-56.960511,-57.826829,0.866318,1.213791,0.231041,1.230976,-0.470229,-3.898949,565,0.027027,0.0,15.329712
2024-04-08 09:30:00,-0.018576,0.127311,-0.116486,-0.771296,0.108646,-0.391658,-1.694479,0.096405,-0.941041,26.633281,54.139286,26.512507,49.4075,-57.644994,-57.790462,0.145468,1.243756,0.159686,-0.779544,-0.586114,-3.978115,570,0.040541,0.0,17.073451
2024-04-08 09:35:00,-0.081559,0.125811,-0.097291,-0.758533,0.108662,-0.381018,-1.868648,0.09276,-0.932487,25.952652,54.479286,26.165698,47.486071,-58.033293,-57.839028,-0.194265,1.2713,0.173822,1.10175,-0.548729,-4.197479,575,0.054054,0.0,16.971856
2024-04-08 09:40:00,-0.309572,0.053819,-0.091747,-0.812423,0.10797,-0.381211,-1.841524,0.092659,-0.934639,25.009741,52.912857,25.688322,47.634643,-58.373376,-57.945898,-0.427478,1.28619,0.177956,1.323088,-0.533198,-4.432728,580,0.067568,0.0,17.963664
2024-04-08 09:45:00,-0.436211,0.050171,-0.149344,-1.086421,0.100462,-0.464306,-1.910012,0.093569,-1.024264,22.165795,53.382857,24.187667,49.031071,-60.260867,-58.408891,-1.851975,1.266987,0.112044,-0.936421,-0.643266,-4.498401,585,0.081081,0.0,18.357049
2024-04-08 09:50:00,-0.348615,0.059519,-0.107154,-1.120659,0.099342,-0.430474,-1.781453,0.092433,-0.995264,21.936155,50.842857,24.06305,48.088571,-61.248378,-58.976789,-2.271589,1.198924,0.127444,1.289676,-0.590127,-4.730272,590,0.094595,0.0,17.792937
2024-04-08 09:55:00,-0.343834,0.058216,-0.158788,-1.223322,0.100447,-0.507744,-1.897813,0.093335,-1.081302,19.427951,52.832857,22.661964,48.082143,-63.58562,-59.898555,-3.687065,1.138035,0.046751,1.563533,-0.671956,-4.98483,595,0.108108,0.0,17.043963
2024-04-08 10:00:00,-0.230258,0.090729,-0.049614,-0.949646,0.100565,-0.383459,-1.656632,0.093207,-0.958946,25.351646,52.223571,25.558692,47.836429,-63.234735,-60.565791,-2.668944,1.088397,0.14702,-0.514183,-0.55077,-4.887939,600,0.121622,0.0,17.164089
2024-04-08 10:05:00,-0.109755,0.107212,0.020514,-0.875246,0.103991,-0.27453,-1.432187,0.093085,-0.845099,30.585861,50.767857,28.214263,49.084286,-60.851167,-60.622866,-0.228301,0.975224,0.233227,1.087316,-0.441872,-4.672508,605,0.135135,0.0,17.420743
2024-04-08 10:10:00,0.10565,0.094299,0.069086,-0.578366,0.09937,-0.173406,-1.428548,0.093174,-0.732978,35.615325,50.713571,30.860258,49.451786,-56.854341,-59.869161,3.01482,0.909245,0.336948,-1.220877,-0.350308,-4.631031,610,0.148649,0.0,18.035107
2024-04-08 10:15:00,0.052531,0.101572,0.003111,-0.478905,0.094609,-0.215083,-1.365884,0.092223,-0.765871,33.584383,49.71,29.972351,49.765,-54.187832,-58.732895,4.545063,0.89169,0.288526,-0.486001,-0.40266,-4.727526,615,0.162162,0.0,16.768173
2024-04-08 10:20:00,0.214007,0.064087,0.022205,-0.499743,0.093846,-0.167364,-1.396321,0.09172,-0.707248,35.44301,50.153571,30.938408,50.243929,-50.959453,-57.178207,6.218754,0.840787,0.341354,-1.400951,-0.351962,-4.703754,620,0.175676,0.0,16.17349
2024-04-08 10:25:00,0.098685,0.066004,-0.005636,-0.567601,0.092685,-0.179145,-1.528427,0.089735,-0.708959,34.390713,47.647857,30.49546,49.613929,-48.379048,-55.418375,7.039327,0.759921,0.321637,0.895291,-0.342256,-4.905982,625,0.189189,0.0,16.078624
2024-04-08 10:30:00,-0.036209,0.06247,-0.040059,-0.578733,0.092813,-0.2113,-1.565835,0.089772,-0.733313,32.543157,47.690714,29.712158,50.704643,-46.746547,-53.684009,6.937462,0.68199,0.264061,-0.851487,-0.380441,-4.974802,630,0.202703,0.0,17.679373
2024-04-08 10:35:00,-0.168206,0.037744,-0.059391,-0.437537,0.084881,-0.235493,-1.625586,0.089586,-0.751539,30.93266,49.790714,29.016595,52.218571,-45.781181,-52.103444,6.322263,0.67101,0.219879,1.334522,-0.381027,-5.214471,635,0.216216,0.0,15.319195
2024-04-08 10:40:00,-0.243352,0.060923,-0.132693,-0.513615,0.08848,-0.339192,-1.905168,0.087068,-0.855483,26.858335,46.879286,27.141103,50.509286,-46.912233,-51.065202,4.152968,0.707134,0.07342,0.612214,-0.463923,-5.399983,640,0.22973,0.0,15.758306
2024-04-08 10:45:00,-0.425715,0.056438,-0.190283,-0.574194,0.091854,-0.444752,-1.99716,0.088516,-0.967738,23.255873,47.874286,25.289901,51.176786,-49.894656,-50.831092,0.936436,0.804746,-0.028402,0.877397,-0.562327,-5.608161,645,0.243243,0.0,15.218261
2024-04-08 10:50:00,-0.334876,0.085671,-0.086605,-0.547414,0.093007,-0.347985,-1.843322,0.089267,-0.872488,27.408142,49.318571,27.325514,51.115714,-50.620889,-50.789052,0.168163,0.848028,0.101885,-0.47587,-0.482188,-5.50623,650,0.256757,0.0,15.649638
2024-04-08 10:55:00,-0.312974,0.08703,-0.079402,-0.766595,0.077936,-0.344252,-1.710034,0.087247,-0.869515,26.576943,45.997857,26.917273,49.690357,-51.172201,-50.865682,-0.306519,0.821877,0.096502,0.635712,-0.476737,-5.693535,655,0.27027,0.0,15.157659
2024-04-08 11:00:00,-0.257195,0.092632,-0.048346,-0.754584,0.078254,-0.305337,-1.668486,0.087442,-0.829119,27.083124,47.124286,27.157155,48.983571,-50.902121,-50.872969,-0.029151,0.763271,0.12404,1.100629,-0.422258,-5.468539,660,0.283784,0.0,15.52221
2024-04-08 11:05:00,-0.035689,0.09297,0.022519,-0.574396,0.081221,-0.202185,-1.687552,0.086871,-0.718524,33.002045,45.433571,29.992737,49.133214,-48.69608,-50.437591,1.741512,0.698602,0.247708,0.985809,-0.299906,-5.249293,665,0.297297,0.0,17.086848
2024-04-08 11:10:00,-0.059898,0.102568,-0.102962,-0.615286,0.084521,-0.34273,-1.912941,0.088254,-0.859335,27.77259,48.035,27.593377,50.129286,-49.459255,-50.241924,0.78267,0.719998,0.052726,-1.580697,-0.449645,-5.2718,670,0.310811,0.0,17.441045
2024-04-08 11:15:00,-0.20641,0.097505,-0.12609,-0.671683,0.085418,-0.387919,-1.872151,0.087591,-0.908025,25.64465,47.687143,26.523423,49.2275,-50.974913,-50.388522,-0.586391,0.761849,0.008624,1.116453,-0.494979,-5.501417,675,0.324324,0.0,17.874445
2024-04-08 11:20:00,-0.168426,0.099821,-0.080383,-0.626096,0.085845,-0.346079,-1.749632,0.087,-0.867419,26.039016,47.552857,26.713857,49.133214,-51.485757,-50.607969,-0.877788,0.788861,0.072138,-0.092549,-0.469473,-5.365265,680,0.337838,0.0,18.247302
2024-04-08 11:25:00,-0.148486,0.102221,-0.035689,-0.46778,0.083342,-0.288971,-1.639189,0.087128,-0.808067,28.022667,46.730714,27.652099,48.220357,-50.837379,-50.653851,-0.183528,0.820805,0.149886,0.660096,-0.411773,-5.169216,685,0.351351,0.0,17.496989
2024-04-08 11:30:00,-0.275891,0.081053,-0.054151,-0.501837,0.083432,-0.302622,-1.674727,0.087078,-0.820045,26.715299,46.716429,27.043761,48.435,-50.532611,-50.629603,0.096992,0.855799,0.140431,0.947718,-0.429175,-5.387423,690,0.364865,0.0,18.040007
2024-04-08 11:35:00,-0.010576,0.067267,0.023022,-0.282937,0.083224,-0.193799,-1.53209,0.088711,-0.703531,33.248494,46.801429,30.148178,47.224643,-48.193518,-50.142386,1.948868,0.875375,0.265667,-1.392225,-0.325875,-5.349355,695,0.378378,0.0,17.83166
2024-04-08 11:40:00,0.087238,0.048251,0.023079,-0.355591,0.080218,-0.164897,-1.504876,0.088891,-0.665057,34.076468,44.264286,30.549109,45.9775,-45.612251,-49.236359,3.624108,0.877779,0.299747,-0.096684,-0.299924,-5.212309,700,0.391892,0.0,17.019947
2024-04-08 11:45:00,-0.041365,0.079961,-0.066606,-0.55806,0.080003,-0.2603,-1.618267,0.089784,-0.756531,29.84989,44.721429,28.736024,47.256071,-45.184053,-48.425898,3.241844,0.880567,0.192711,-0.965223,-0.383571,-5.283748,705,0.405405,0.0,16.981399
2024-04-08 11:50:00,-0.163606,0.085075,-0.108049,-0.735493,0.076856,-0.321748,-1.649296,0.090118,-0.818144,27.04818,45.332857,27.42697,46.106071,-45.972969,-47.935312,1.962343,0.865361,0.11983,-0.386851,-0.461034,-5.401306,710,0.418919,0.0,16.75411
2024-04-08 11:55:00,-0.048059,0.095776,-0.025319,-0.601869,0.080139,-0.227893,-1.541901,0.09129,-0.719421,32.088799,46.122857,29.860113,46.998571,-44.863396,-47.320929,2.457533,0.83082,0.224447,-1.339168,-0.36084,-5.353661,715,0.432432,0.0,17.50759
2024-04-08 12:00:00,-0.0984,0.084872,0.008665,-0.593794,0.080481,-0.171623,-1.489296,0.091791,-0.654825,34.743531,47.135714,31.168507,48.227143,-42.824689,-46.421681,3.596992,0.753515,0.286423,0.111282,-0.304418,-5.198337,720,0.445946,0.0,17.464751
2024-04-08 12:05:00,-0.295025,0.108978,-0.117799,-0.747515,0.087675,-0.322701,-1.6302,0.094373,-0.806225,28.86751,52.704286,28.502503,49.351071,-43.92149,-45.921643,2.000153,0.712248,0.066908,-0.058611,-0.454013,-5.340052,725,0.459459,0.0,16.935309
2024-04-08 12:10:00,-0.048813,0.127131,0.003843,-0.570598,0.094634,-0.180436,-1.522298,0.09673,-0.656884,36.568607,53.523571,32.494,50.323929,-42.159137,-45.169141,3.010005,0.629297,0.251239,-1.543449,-0.306954,-5.310841,730,0.472973,0.0,18.39128
2024-04-08 12:15:00,0.099859,0.119197,0.037995,-0.468952,0.096217,-0.115256,-1.612039,0.094187,-0.580523,39.598483,51.996429,34.134606,48.715,-39.385337,-44.012381,4.627044,0.531307,0.349514,-1.415786,-0.247508,-5.276712,735,0.486486,0.0,19.379668
2024-04-08 12:20:00,0.154375,0.127153,0.108404,-0.205572,0.097563,0.008371,-1.512348,0.096474,-0.438767,46.103151,47.579286,37.811832,47.807143,-34.622214,-42.134347,7.512133,0.478854,0.614666,-0.179594,-0.103702,-5.148991,740,0.5,0.0,20.649397
2024-04-08 12:25:00,0.077181,0.130658,0.046379,-0.091747,0.091976,-0.027514,-1.523772,0.09648,-0.45874,44.495822,45.631429,37.14203,46.659286,-31.162762,-39.94003,8.777268,0.46837,0.544201,0.04628,-0.126808,-5.294121,745,0.513514,0.0,21.257065
2024-04-08 12:30:00,0.23309,0.079371,0.01108,-0.1819,0.090822,-0.051801,-1.363668,0.093629,-0.469287,43.250722,44.521429,36.626141,46.037143,-28.608573,-37.673739,9.065166,0.439117,0.500143,0.245597,-0.143904,-5.456344,750,0.527027,0.0,21.147366
2024-04-08 12:35:00,0.001208,0.089998,-0.064588,-0.257228,0.093376,-0.14448,-1.475347,0.094189,-0.554209,38.989075,45.681429,34.807597,46.206071,-28.136104,-35.766212,7.630107,0.425425,0.276723,1.285057,-0.217629,-5.70123,755,0.540541,0.0,20.728272
2024-04-08 12:40:00,0.188929,0.141849,0.11742,-0.023775,0.109293,0.086984,-1.024414,0.097852,-0.302269,50.665917,48.205,41.523686,47.460714,-23.308318,-33.274633,9.966315,0.417903,0.851643,-0.134025,0.02682,-5.566663,760,0.554054,0.0,20.448932
2024-04-08 12:45:00,0.047916,0.134074,0.067397,-0.122109,0.107547,0.063962,-0.877709,0.09563,-0.306039,49.968847,49.245,41.225591,48.023214,-19.540242,-30.527755,10.987513,0.366701,0.873022,1.264606,0.019246,-5.806021,765,0.567568,0.0,21.396623
2024-04-08 12:50:00,0.238836,0.143646,0.146211,0.206891,0.105171,0.195421,-0.777817,0.098139,-0.148476,56.050246,54.339286,45.046369,49.301786,-13.750436,-27.172291,13.421855,0.444177,1.127205,1.521961,0.163713,-5.544265,770,0.581081,0.0,21.508526
2024-04-08 12:55:00,0.208782,0.148243,0.057588,0.233394,0.104055,0.122658,-0.874313,0.098028,-0.19996,53.304308,55.679286,43.882172,50.200357,-10.086623,-23.755157,13.668534,0.484814,0.926998,-1.484712,0.122472,-5.572001,775,0.594595,0.0,20.025683
2024-04-08 13:00:00,0.335072,0.125383,0.050367,0.245823,0.104053,0.12724,-0.813598,0.098083,-0.174898,54.03373,51.891429,44.330935,48.612143,-6.791652,-20.362456,13.570805,0.52413,0.905833,-1.021706,0.144355,-5.50723,780,0.608108,0.0,19.9866
2024-04-08 13:05:00,-0.061838,0.112573,-0.070206,0.062982,0.110507,-0.025804,-0.778611,0.096924,-0.317279,47.16488,51.522857,41.361428,48.822857,-6.812267,-17.652419,10.840151,0.526512,0.601929,0.617914,0.00759,-5.70051,785,0.621622,0.0,18.570496
2024-04-08 13:10:00,-0.078167,0.112953,-0.068551,0.07592,0.110245,-0.052844,-0.748203,0.096713,-0.336113,45.85117,49.404286,40.768715,48.27,-7.311585,-15.584252,8.272667,0.524206,0.532901,-1.179488,-0.015312,-5.751848,790,0.635135,0.0,18.736362
2024-04-08 13:15:00,-0.132072,0.093891,0.019552,0.085131,0.110637,0.04076,-0.559675,0.097357,-0.229163,50.325537,46.05,43.298984,49.377143,-5.935476,-13.654497,7.719021,0.533741,0.707872,-1.099762,0.085035,-5.697717,795,0.648649,0.0,17.532542
2024-04-08 13:20:00,-0.186067,0.101488,-0.062834,-0.040311,0.11371,-0.066086,-0.706155,0.098201,-0.32926,45.607614,46.364286,41.178353,49.943929,-6.747294,-12.273056,5.525762,0.53259,0.498288,1.021097,-0.024013,-5.923903,800,0.662162,0.0,16.268606
2024-04-08 13:25:00,-0.096513,0.119941,0.029867,0.190516,0.112484,0.037593,-0.786049,0.095432,-0.213222,50.348705,48.689286,43.874493,50.342857,-5.454932,-10.909431,5.454499,0.534599,0.681948,1.084603,0.083701,-5.694225,805,0.675676,0.0,16.387186
2024-04-08 13:30:00,0.097684,0.093231,0.04559,0.324866,0.109859,0.068874,-0.742671,0.09573,-0.16794,51.963157,49.907143,44.81369,48.743214,-3.717327,-9.47101,5.753683,0.516644,0.731487,0.305772,0.123219,-5.523839,810,0.689189,0.0,16.308971
2024-04-08 13:35:00,0.038233,0.104623,-0.030961,0.162319,0.111642,-0.020965,-0.73549,0.095605,-0.249606,47.952206,52.621429,43.029991,49.126429,-3.897069,-8.356222,4.459153,0.501154,0.538707,-1.473107,0.041694,-5.550822,815,0.702703,0.0,14.64721
2024-04-08 13:40:00,-0.099475,0.092329,-0.047204,0.084054,0.111899,-0.055011,-0.640136,0.094077,-0.278032,46.287147,53.432143,42.274865,48.976786,-4.678723,-7.620722,2.941999,0.491944,0.449896,0.573299,0.001899,-5.740548,820,0.716216,0.0,15.395433
2024-04-08 13:45:00,-0.020836,0.077912,-0.05489,0.234578,0.103216,-0.081541,-0.645812,0.094101,-0.300819,44.810462,53.212143,41.607569,49.446786,-5.841686,-7.264915,1.423229,0.41238,0.326736,-1.257503,-0.036343,-5.782753,825,0.72973,0.0,17.55853
2024-04-08 13:50:00,-0.124003,0.049268,-0.033661,0.115146,0.099797,-0.069794,-0.601367,0.094048,-0.284832,45.047396,49.904286,41.727277,49.054643,-6.610484,-7.134029,0.523545,0.381289,0.309103,0.260605,-0.032601,-5.622687,830,0.743243,0.0,16.077154
2024-04-08 13:55:00,-0.203519,0.034266,-0.049859,0.020806,0.099669,-0.100338,-0.510696,0.092542,-0.313099,43.1853,51.098571,40.91601,50.171786,-7.844266,-7.276076,-0.56819,0.375515,0.193974,-0.610916,-0.073484,-5.715854,835,0.756757,0.0,17.897004
2024-04-08 14:00:00,-0.179681,0.026011,-0.078659,-0.171763,0.096356,-0.152374,-0.567211,0.092904,-0.366117,40.22072,45.935,39.594208,50.137143,-9.891768,-7.799215,-2.092553,0.409732,0.074395,1.423357,-0.136638,-5.967325,840,0.77027,0.0,17.209215
2024-04-08 14:05:00,-0.157666,0.027036,-0.064315,-0.150809,0.096124,-0.153964,-0.454521,0.091294,-0.36885,39.459118,42.78,39.250898,49.229643,-11.688736,-8.577119,-3.111617,0.443397,0.083611,-1.497125,-0.153455,-5.986804,845,0.783784,0.0,16.715124
2024-04-08 14:10:00,-0.208222,0.036522,-0.100051,-0.20674,0.09761,-0.216807,-0.623867,0.090907,-0.436539,35.929618,44.570714,37.621303,48.231071,-14.435207,-9.748737,-4.68647,0.502926,-0.016789,-1.33207,-0.236095,-6.016091,850,0.797297,0.0,16.536237
2024-04-08 14:15:00,-0.322391,0.036272,-0.140061,-0.208822,0.097721,-0.295562,-0.812957,0.090924,-0.52476,31.98074,45.173571,35.653587,48.348214,-18.309106,-11.460811,-6.848296,0.586822,-0.112173,0.602207,-0.331271,-6.197432,855,0.810811,0.0,15.09096
2024-04-08 14:20:00,-0.272887,0.04889,-0.08774,-0.440235,0.078103,-0.259797,-0.886902,0.089865,-0.496138,32.598043,43.753571,35.922523,46.578929,-20.989579,-13.366564,-7.623015,0.658157,0.000443,-1.318751,-0.325541,-6.167655,860,0.824324,0.0,16.390087
2024-04-08 14:25:00,-0.107473,0.082262,0.006541,-0.32681,0.08257,-0.146969,-0.726224,0.091063,-0.383399,39.386453,44.289286,38.954455,45.169643,-21.177647,-14.928781,-6.248866,0.682811,0.184905,-0.807737,-0.225353,-6.098406,865,0.837838,0.0,16.88278
2024-04-08 14:30:00,-0.220375,0.095462,-0.082879,-0.608235,0.076197,-0.251207,-0.886005,0.092288,-0.493651,34.385302,46.431429,36.549501,46.397857,-23.326843,-16.608393,-6.71845,0.701943,0.050858,1.540645,-0.334572,-6.35907,870,0.851351,0.0,16.131326
2024-04-08 14:35:00,-0.119445,0.095134,-0.045056,-0.533606,0.076528,-0.213501,-0.840423,0.092385,-0.459729,35.41853,45.298571,37.021258,46.993929,-24.482403,-18.183195,-6.299208,0.714345,0.117374,0.538705,-0.312819,-6.178792,875,0.864865,0.0,15.854249
2024-04-08 14:40:00,-0.055504,0.084346,-0.060746,-0.597281,0.075897,-0.234806,-0.832102,0.092323,-0.485843,33.700554,45.455714,36.182614,47.681429,-25.897701,-19.726096,-6.171605,0.717947,0.096911,-0.792925,-0.352705,-6.253635,880,0.878378,0.0,14.33789
2024-04-08 14:45:00,-0.140472,0.087903,-0.091509,-0.518571,0.070903,-0.28158,-0.859367,0.092601,-0.540053,31.011092,44.493571,34.82436,48.5575,-28.021279,-21.385133,-6.636146,0.772732,0.060267,1.345672,-0.404278,-6.498186,885,0.891892,0.0,13.990132
2024-04-08 14:50:00,-0.140056,0.088052,0.004303,-0.388545,0.076089,-0.166326,-0.623427,0.09229,-0.425249,37.851894,44.170714,37.919611,48.801429,-27.688114,-22.645729,-5.042385,0.788747,0.217701,0.929104,-0.288058,-6.285764,890,0.905405,0.0,14.926345
2024-04-08 14:55:00,-0.04094,0.067993,-0.01825,-0.517537,0.070909,-0.17913,-0.503009,0.090099,-0.438954,36.588534,42.72,37.325214,47.966071,-27.654003,-23.647384,-4.006619,0.778823,0.206762,-0.135664,-0.307061,-6.41168,895,0.918919,0.0,13.211055
2024-04-08 15:00:00,0.104267,0.102721,0.094843,-0.244283,0.079089,-0.017015,-0.403508,0.092771,-0.268133,46.361628,45.257857,42.09659,47.581071,-24.562389,-23.830385,-0.732004,0.762784,0.426707,-1.060814,-0.142197,-6.360846,900,0.932432,0.0,12.774815
2024-04-08 15:05:00,0.095043,0.104292,0.026347,-0.406685,0.074338,-0.065393,-0.42621,0.092949,-0.310614,43.85307,42.861429,40.981505,46.98,-22.807963,-23.625901,0.817937,0.715044,0.373063,-0.075327,-0.192796,-6.489306,905,0.945946,0.0,12.921607
2024-04-08 15:10:00,0.227906,0.089771,0.054982,-0.389151,0.075171,-0.00841,-0.377195,0.093376,-0.244692,46.988868,44.937857,42.582645,45.436429,-20.211442,-22.943009,2.731567,0.63198,0.476014,-0.686221,-0.126737,-6.411947,910,0.959459,0.0,13.969846
2024-04-08 15:15:00,0.128141,0.086196,0.035593,-0.29902,0.073275,-0.00904,-0.46056,0.092481,-0.236635,46.909326,47.793571,42.548897,45.286786,-17.973924,-21.949192,3.975268,0.5731,0.496952,1.355452,-0.107843,-6.651496,915,0.972973,0.0,15.319177
2024-04-08 15:20:00,0.108799,0.089765,-0.010275,-0.310136,0.073517,-0.054308,-0.335061,0.089489,-0.276257,44.305701,46.43,41.450699,45.500357,-16.890353,-20.937424,4.047071,0.520246,0.428512,0.257246,-0.126405,-6.806081,920,0.986486,0.0,14.861924
2024-04-08 15:25:00,0.025307,0.060456,0.04452,-0.198243,0.076174,0.020562,-0.172248,0.089508,-0.191589,48.919015,43.274286,43.72653,44.223929,-14.527893,-19.655518,5.127625,0.47164,0.605584,-0.495827,-0.045727,-6.712358,925,1.0,0.0,14.121617
2024-04-09 09:15:00,0.087739,0.050508,0.03442,-0.195542,0.076203,0.025042,-0.170707,0.089511,-0.177265,49.336569,43.933571,43.935332,43.843571,-12.389352,-18.202285,5.812933,0.411953,0.661974,0.334187,-0.030999,-6.554374,555,0.0,1.0,14.572016
2024-04-09 09:20:00,0.111368,0.055842,0.076106,-0.07485,0.078348,0.094826,-0.117935,0.090186,-0.093825,53.886825,43.948571,46.253508,44.118929,-9.204576,-16.402743,7.198167,0.382396,0.893024,1.250314,0.056931,-6.324313,560,0.013514,1.0,14.208762
2024-04-09 09:25:00,0.131466,0.054401,0.063057,0.011756,0.076982,0.102532,-0.053956,0.090014,-0.072395,54.899172,39.977143,46.783074,43.204286,-6.286993,-14.379593,8.0926,0.386588,0.935149,-0.912938,0.076935,-6.265173,565,0.027027,1.0,13.898742
2024-04-09 09:30:00,0.102862,0.065006,-0.011022,-0.050005,0.078972,0.02073,-0.22199,0.089734,-0.145928,49.831445,41.641429,44.813406,43.47,-5.295189,-12.562712,7.267523,0.373861,0.743559,0.732646,0.00139,-6.454118,570,0.040541,1.0,14.978926
2024-04-09 09:35:00,0.04023,0.056931,0.002291,0.050234,0.076552,0.031841,-0.219135,0.089746,-0.126339,50.721358,39.194286,45.247674,42.325,-4.209699,-10.892109,6.682411,0.382706,0.769175,-0.489559,0.026337,-6.359806,575,0.054054,1.0,16.668664
2024-04-09 09:40:00,0.062782,0.057725,0.021299,0.190121,0.07198,0.055649,-0.066695,0.088212,-0.092927,52.579698,39.518571,46.149185,42.006071,-2.802324,-9.274152,6.471828,0.396206,0.810934,-1.415181,0.074389,-6.339261,580,0.067568,1.0,16.934531
2024-04-09 09:45:00,0.099441,0.069518,0.091788,0.298217,0.075841,0.155716,0.145232,0.088685,0.022469,59.101214,40.399286,49.532639,42.285,0.330545,-7.353213,7.683758,0.445788,1.004328,-0.313014,0.202221,-6.233003,585,0.081081,1.0,16.742317
2024-04-09 09:50:00,0.020674,0.078275,0.021014,0.140056,0.074988,0.086319,0.014773,0.088585,-0.036273,54.891917,42.467143,47.916136,42.593571,1.746662,-5.533238,7.2799,0.469202,0.835598,-0.554188,0.140653,-6.321634,590,0.094595,1.0,17.313579
2024-04-09 09:55:00,0.122982,0.062761,0.02912,0.293939,0.067634,0.098614,-0.000882,0.088475,-0.01308,56.157166,41.284286,48.571024,43.271071,3.225538,-3.781483,7.007021,0.482649,0.84282,-0.728305,0.172775,-6.248373,595,0.108108,1.0,15.426063
2024-04-09 10:00:00,-0.028219,0.096266,-0.071691,0.141615,0.075617,-0.034471,0.047874,0.086644,-0.14378,47.508433,43.264286,45.032221,43.062857,2.001347,-2.624917,4.626264,0.471226,0.545804,0.87986,0.036528,-6.448328,600,0.121622,1.0,15.407814
2024-04-09 10:05:00,0.031511,0.10505,0.011779,0.27735,0.076666,0.049689,0.013615,0.085785,-0.052349,52.644031,43.091429,47.619977,44.014643,2.553432,-1.589247,4.142679,0.453854,0.7141,0.881202,0.128751,-6.245465,605,0.135135,1.0,14.347237
2024-04-09 10:10:00,-0.159412,0.088437,-0.041937,0.279194,0.076553,-0.022629,-0.114156,0.086082,-0.121999,48.383894,40.195714,45.753303,43.994643,1.674941,-0.936409,2.611351,0.384569,0.522127,-1.345354,0.058125,-6.275364,610,0.148649,1.0,16.736665
2024-04-09 10:15:00,-0.242095,0.101803,-0.12331,0.03773,0.081435,-0.149826,-0.381145,0.08635,-0.254442,41.46864,44.729286,42.451184,45.579643,-1.485414,-1.04621,-0.439204,0.371622,0.133074,0.881351,-0.072181,-6.480355,615,0.162162,1.0,17.456865
2024-04-09 10:20:00,-0.241298,0.101943,-0.066603,0.09291,0.081171,-0.11437,-0.319113,0.08634,-0.221994,42.908916,45.545714,43.148599,44.41,-3.542497,-1.545468,-1.997029,0.335942,0.15008,0.954188,-0.045573,-6.267599,620,0.175676,1.0,17.598234
2024-04-09 10:25:00,0.029715,0.114601,0.045341,0.067035,0.078723,0.018272,-0.155125,0.088536,-0.084142,50.448789,49.365,46.975059,46.649286,-2.805197,-1.797413,-1.007784,0.332866,0.541031,0.301405,0.085891,-6.106477,625,0.189189,1.0,17.40387
2024-04-09 10:30:00,-0.174229,0.113795,-0.046246,0.007587,0.082098,-0.087219,-0.161844,0.088703,-0.19091,44.995662,49.208571,44.337994,46.578571,-4.162752,-2.270481,-1.892271,0.330846,0.193581,1.342001,-0.030448,-6.349772,630,0.202703,1.0,14.888914
2024-04-09 10:35:00,-0.172313,0.113631,-0.079336,-0.12123,0.082551,-0.144694,-0.474306,0.081915,-0.253209,41.90394,52.41,42.760189,46.193571,-6.425762,-3.101537,-3.324225,0.363334,0.037613,-0.308256,-0.100953,-6.462213,635,0.216216,1.0,15.601718
2024-04-09 10:40:00,-0.068912,0.097151,-0.079263,-0.159146,0.082879,-0.166668,-0.497471,0.08202,-0.281207,40.284729,50.555714,41.919878,46.098571,-8.802813,-4.241793,-4.56102,0.406509,0.009137,0.733887,-0.133846,-6.65545,640,0.22973,1.0,17.231087
2024-04-09 10:45:00,-0.167958,0.097771,-0.103302,-0.183802,0.083733,-0.219194,-0.723641,0.079116,-0.342725,37.314504,52.222857,40.347037,45.708571,-11.860356,-5.765505,-6.094851,0.46962,-0.066205,-1.356811,-0.213915,-6.681494,645,0.243243,1.0,16.502267
2024-04-09 10:50:00,-0.23435,0.069587,-0.0235,-0.19273,0.08327,-0.136836,-0.596648,0.079688,-0.264083,41.493769,50.766429,42.364534,45.1425,-12.955236,-7.203452,-5.751785,0.502,0.124823,0.981206,-0.142198,-6.471292,650,0.256757,1.0,17.185672
2024-04-09 10:55:00,-0.163968,0.058725,-0.04512,-0.243918,0.083518,-0.163745,-0.658413,0.079697,-0.296093,39.646702,50.262143,41.421857,45.330714,-14.42165,-8.647091,-5.774559,0.543095,0.094436,0.694787,-0.180288,-6.661812,655,0.27027,1.0,17.908215
2024-04-09 11:00:00,-0.12678,0.05461,-0.053766,-0.358824,0.080772,-0.180272,-0.53898,0.077085,-0.318552,38.175684,51.153571,40.667548,46.810357,-16.014063,-10.120486,-5.893578,0.579381,0.089583,0.247594,-0.219089,-6.817258,660,0.283784,1.0,16.360087
2024-04-09 11:05:00,0.001538,0.073281,0.023379,-0.288698,0.083916,-0.082834,-0.418101,0.078289,-0.220951,43.793295,51.530714,43.343815,46.4075,-15.558728,-11.208134,-4.350594,0.578343,0.267133,-0.6579,-0.132815,-6.729607,665,0.297297,1.0,17.295828
2024-04-09 11:10:00,0.039402,0.064952,-0.009643,-0.247081,0.082722,-0.10916,-0.553183,0.076868,-0.248582,42.040705,49.852143,42.496934,46.558214,-15.672426,-12.100993,-3.571434,0.593572,0.230249,0.850745,-0.166351,-6.933817,670,0.310811,1.0,18.650609
2024-04-09 11:15:00,0.046738,0.066712,0.043866,-0.186237,0.084859,-0.030563,-0.3648,0.076366,-0.166521,46.627075,51.865714,44.729842,47.478571,-14.291393,-12.539073,-1.75232,0.590152,0.372136,-0.387601,-0.088323,-6.824592,675,0.324324,1.0,18.879089
2024-04-09 11:20:00,0.033426,0.069584,-0.00909,-0.273184,0.084991,-0.079644,-0.529205,0.074848,-0.215138,43.783225,52.965,43.397823,46.580357,-14.030909,-12.83744,-1.193469,0.586027,0.296547,-0.107556,-0.142053,-6.952688,680,0.337838,1.0,18.815907
2024-04-09 11:25:00,-0.011006,0.078573,-0.059355,-0.468766,0.080392,-0.144336,-0.646979,0.075136,-0.283359,40.120777,51.751429,41.611857,48.240357,-15.035021,-13.276956,-1.758065,0.552994,0.182461,0.662699,-0.211836,-7.137414,685,0.351351,1.0,19.60387
2024-04-09 11:30:00,-0.23828,0.078527,-0.132013,-0.546851,0.084104,-0.255891,-0.693353,0.076415,-0.405116,34.703226,52.428571,38.746266,48.987143,-18.021205,-14.225806,-3.795399,0.574604,0.001151,-0.222739,-0.337553,-7.25963,690,0.364865,1.0,18.063116
2024-04-09 11:35:00,0.012119,0.141392,0.053835,-0.357535,0.099445,-0.039239,-0.442096,0.082768,-0.185359,46.618759,51.218571,44.797659,50.291786,-16.516236,-14.683892,-1.832344,0.511261,0.389947,-1.020604,-0.123064,-7.197407,695,0.378378,1.0,18.156397
2024-04-09 11:40:00,-0.057289,0.135731,0.039892,-0.215261,0.095519,-0.030065,-0.401127,0.082706,-0.172337,46.913759,49.227143,44.957119,49.217857,-15.046004,-14.756315,-0.28969,0.488449,0.419172,0.519044,-0.110318,-7.022408,700,0.391892,1.0,19.210739
2024-04-09 11:45:00,0.060211,0.135928,0.066605,-0.244571,0.094113,0.027089,-0.345737,0.083249,-0.108012,49.891303,46.189286,46.555636,49.299643,-12.695185,-14.344089,1.648904,0.42069,0.577933,-1.044715,-0.045785,-6.960891,705,0.405405,1.0,17.968304
2024-04-09 11:50:00,0.174575,0.125815,0.067249,-0.135814,0.093458,0.055529,-0.270565,0.083299,-0.070879,51.563157,46.965714,47.459835,48.760714,-10.121577,-13.499586,3.378009,0.381116,0.693866,-0.166504,-0.00063,-6.835852,710,0.418919,1.0,18.960875
2024-04-09 11:55:00,0.366588,0.080904,0.080023,0.059972,0.088564,0.098026,-0.149895,0.083195,-0.017408,54.104014,45.467143,48.84276,48.845,-7.085257,-12.21672,5.131463,0.393528,0.814382,0.176404,0.053379,-6.688788,715,0.432432,1.0,18.542645
2024-04-09 12:00:00,0.195977,0.020956,0.081817,0.079231,0.088901,0.127361,-0.08946,0.083415,0.024311,56.111132,45.458571,49.948737,48.1125,-3.893322,-10.552041,6.658718,0.414157,0.892407,-0.67872,0.100338,-6.598488,720,0.445946,1.0,16.461818
2024-04-09 12:05:00,0.410199,0.077705,0.201014,0.164291,0.097143,0.314273,0.216099,0.088193,0.234593,64.675733,51.402857,55.127912,50.8325,2.421878,-7.957257,10.379135,0.503626,1.243488,-0.11722,0.313649,-6.467949,725,0.459459,1.0,16.35607
2024-04-09 12:10:00,0.289789,0.101152,0.093908,0.21912,0.094228,0.229862,0.2663,0.087147,0.167634,61.161853,50.661429,53.556744,50.9075,6.31143,-5.10352,11.414949,0.57194,1.030215,-0.837202,0.249391,-6.548864,730,0.472973,1.0,15.384174
2024-04-09 12:15:00,0.146242,0.126591,-0.010065,0.182858,0.096244,0.1092,0.148573,0.088629,0.056251,55.290221,51.181429,50.82999,51.356071,7.416219,-2.599572,10.015791,0.597692,0.809284,0.709242,0.141368,-6.734069,735,0.486486,1.0,15.703433
2024-04-09 12:20:00,0.036576,0.130915,-0.04456,0.165597,0.096779,0.047382,-0.005907,0.087952,-0.000525,52.465908,54.183571,49.469985,52.017857,7.223262,-0.635005,7.858267,0.607148,0.697151,-0.304632,0.08694,-6.855003,740,0.5,1.0,14.531292
2024-04-09 12:25:00,-0.093215,0.134963,-0.087773,0.154158,0.097332,-0.035956,0.037866,0.086836,-0.084173,48.385057,51.127857,47.451369,51.496786,5.496435,0.591283,4.905152,0.596694,0.541587,0.513351,0.004122,-7.025249,745,0.513514,1.0,15.581568
2024-04-09 12:30:00,-0.201662,0.087259,0.015446,0.19711,0.099188,0.067893,0.133605,0.088208,0.025724,53.362186,50.741429,50.13947,51.853214,5.983434,1.669713,4.313721,0.605592,0.708096,-0.393232,0.117907,-6.912174,750,0.527027,1.0,14.842738
2024-04-09 12:35:00,-0.023638,0.110548,0.089144,0.359989,0.101162,0.168514,0.298269,0.089408,0.138409,58.013027,51.371429,52.809766,51.561429,8.326201,3.001011,5.325191,0.632719,0.85792,1.247055,0.234563,-6.694994,755,0.540541,1.0,15.199095
2024-04-09 12:40:00,0.034589,0.099328,0.02558,0.344727,0.101641,0.106482,0.324141,0.088996,0.084176,55.456581,50.617857,51.580108,51.523214,9.195706,4.23995,4.955756,0.630291,0.751294,0.906279,0.176585,-6.888875,760,0.554054,1.0,14.605115
2024-04-09 12:45:00,0.00014,0.105828,-0.043761,0.164196,0.102929,0.013753,0.134476,0.089047,-0.006807,51.099564,50.361429,49.435349,50.79,8.207019,5.033364,3.173655,0.626049,0.594008,-1.446534,0.083734,-6.936602,765,0.567568,1.0,14.28221
2024-04-09 12:50:00,0.094792,0.094166,-0.024186,0.209611,0.102359,0.01922,0.173705,0.088911,0.000655,51.436739,50.142857,49.61364,49.685,7.467313,5.520153,1.947159,0.613603,0.591062,0.915721,0.087595,-6.743244,770,0.581081,1.0,15.47397
2024-04-09 12:55:00,0.15747,0.111976,0.099618,0.308009,0.107851,0.174571,0.186824,0.089402,0.167535,58.57307,53.669286,53.553622,49.929286,9.78216,6.372555,3.409605,0.641634,0.833961,0.23812,0.257375,-6.589731,775,0.594595,1.0,15.689249
2024-04-09 13:00:00,-0.186874,0.145939,-0.084372,0.13897,0.119761,-0.046797,0.015779,0.094795,-0.056439,48.562762,57.292143,48.437409,52.128929,7.603398,6.618723,0.984674,0.625929,0.469585,1.51921,0.030485,-6.824688,780,0.608108,1.0,15.294216
2024-04-09 13:05:00,-0.044337,0.156255,0.005037,0.311277,0.119362,0.040863,0.051637,0.09536,0.034123,52.142168,60.485,50.432995,52.976071,7.386836,6.772346,0.61449,0.586998,0.597812,0.663485,0.115945,-6.640615,785,0.621622,1.0,14.042708
2024-04-09 13:10:00,-0.013118,0.152724,-0.036637,0.390267,0.115239,-0.017319,-0.006792,0.09575,-0.024863,49.711328,61.880714,49.145929,53.669643,6.103925,6.638662,-0.534737,0.457343,0.451828,1.215978,0.048773,-6.857263,790,0.635135,1.0,15.20266
2024-04-09 13:15:00,0.120704,0.166067,0.069742,0.31841,0.109891,0.112173,0.185618,0.097511,0.111869,55.028574,57.648571,52.129564,54.525714,7.45271,6.801471,0.651239,0.428546,0.741213,1.687361,0.178664,-6.607018,795,0.648649,1.0,15.935471
2024-04-09 13:20:00,-0.112647,0.145015,0.006637,0.252448,0.11118,0.047372,0.048648,0.097331,0.050015,52.498121,57.327857,50.82066,53.994643,7.398651,6.920907,0.477744,0.382077,0.581042,-0.664699,0.110216,-6.710731,800,0.662162,1.0,15.608935
2024-04-09 13:25:00,0.129284,0.090151,0.01493,0.208097,0.110627,0.057122,0.057294,0.097349,0.0632,53.110234,57.448571,51.155926,54.315,7.542409,7.045207,0.497201,0.352336,0.603129,-1.913634,0.117607,-6.692355,805,0.675676,1.0,15.852246
2024-04-09 13:30:00,-0.062816,0.09567,-0.056754,0.073563,0.113152,-0.038867,-0.122443,0.097708,-0.035438,48.810322,54.655714,48.95871,54.419643,5.852391,6.806644,-0.954253,0.333881,0.298155,-0.484942,0.008942,-6.801372,810,0.689189,1.0,14.822669
2024-04-09 13:35:00,-0.052385,0.094483,-0.070875,-0.028805,0.11313,-0.079985,-0.19039,0.097884,-0.08164,46.791311,55.537857,47.902771,53.332857,3.612037,6.167723,-2.555686,0.341195,0.161571,0.805592,-0.041613,-6.994723,815,0.702703,1.0,13.807824
2024-04-09 13:40:00,-0.018583,0.10829,0.069447,0.103588,0.119546,0.086018,0.064072,0.100456,0.089756,54.028938,56.521429,51.719367,53.631429,4.818232,5.897824,-1.079593,0.342497,0.658698,1.446337,0.117933,-6.758518,820,0.716216,1.0,12.981636
2024-04-09 13:45:00,0.162885,0.114986,0.127373,0.005523,0.112051,0.187947,0.171314,0.101875,0.203203,58.27969,54.669286,54.142547,53.020357,7.79678,6.277616,1.519165,0.344843,1.009772,0.620637,0.226786,-6.573495,825,0.72973,1.0,13.335063
2024-04-09 13:50:00,0.152728,0.115446,0.088624,0.071147,0.11115,0.175105,0.147235,0.101806,0.200624,58.470823,53.447143,54.252597,52.0325,10.138073,7.049707,3.088366,0.369031,0.981936,-1.401704,0.223763,-6.515217,830,0.743243,1.0,13.630909
2024-04-09 13:55:00,0.214154,0.100387,0.033221,0.141426,0.108487,0.123291,-0.007985,0.100636,0.155441,56.545638,50.525,53.336588,50.443214,11.190789,7.877924,3.312866,0.38935,0.838898,-1.790536,0.171486,-6.544135,835,0.756757,1.0,12.885606
2024-04-09 14:00:00,0.127727,0.12468,-0.068405,0.062287,0.112305,-0.011422,-0.083563,0.102113,0.018718,50.300001,54.212143,50.255205,52.1775,9.555501,8.213439,1.342062,0.384371,0.481557,0.751095,0.021658,-6.739219,840,0.77027,1.0,13.623381
2024-04-09 14:05:00,-0.040612,0.092841,-0.04109,0.156295,0.110278,-0.004194,-0.099426,0.102061,0.024506,50.593443,50.213571,50.403574,51.941429,8.281864,8.227124,0.05474,0.35512,0.477179,0.809151,0.023915,-6.538193,845,0.783784,1.0,14.408074
2024-04-09 14:10:00,-0.120712,0.068574,0.000208,0.086641,0.107924,0.033677,0.078636,0.100359,0.063348,52.438996,44.597143,51.322416,50.944643,7.90039,8.161777,-0.261387,0.3526,0.582189,-0.133929,0.054138,-6.39869,850,0.797297,1.0,14.580983
2024-04-09 14:15:00,-0.089937,0.073148,0.024422,0.004784,0.104885,0.063436,0.025647,0.09969,0.095883,54.064954,42.687857,52.131645,51.586429,8.136894,8.156801,-0.019906,0.353318,0.684481,-1.373799,0.086887,-6.342049,855,0.810811,1.0,15.619371
2024-04-09 14:20:00,-0.015599,0.075395,0.04003,0.091184,0.10445,0.08964,0.136047,0.09921,0.126378,55.661932,40.046429,52.92561,50.963571,8.841313,8.293703,0.54761,0.364629,0.764011,0.374878,0.113576,-6.170771,860,0.824324,1.0,15.332009
2024-04-09 14:25:00,0.058297,0.043343,-0.014625,0.12048,0.103236,0.02501,0.217306,0.097427,0.061833,52.258943,39.972857,51.388265,48.810714,8.228294,8.280621,-0.052328,0.356474,0.579234,0.148928,0.046248,-6.326917,865,0.837838,1.0,15.218988
2024-04-09 14:30:00,0.089949,0.044739,0.015861,0.151449,0.10349,0.057398,0.232292,0.09751,0.096344,54.131152,39.511429,52.279424,48.419643,8.313953,8.287288,0.026665,0.351855,0.667992,0.529647,0.07998,-6.148232,870,0.851351,1.0,15.691846
2024-04-09 14:35:00,0.08968,0.044704,0.038004,0.018898,0.096285,0.089174,0.13863,0.095847,0.132132,56.116675,36.745714,53.231968,47.097143,8.993099,8.42845,0.564649,0.355918,0.779097,-1.940046,0.124965,-6.128409,875,0.864865,1.0,15.657802
2024-04-09 14:40:00,0.220866,0.081542,0.136981,0.413307,0.08726,0.232349,0.421532,0.097089,0.288105,63.119749,38.900714,56.868765,46.778214,12.301683,9.203096,3.098586,0.402029,1.112795,0.787195,0.281913,-5.936825,880,0.878378,1.0,16.451702
2024-04-09 14:45:00,0.408096,0.113299,0.239577,0.544231,0.09719,0.411829,0.718249,0.100952,0.491109,69.982436,42.062857,61.047496,48.800357,18.583546,11.079186,7.504359,0.574366,1.269734,1.996901,0.47356,-5.66119,885,0.891892,1.0,15.199033
2024-04-09 14:50:00,0.502387,0.088688,0.180878,0.636674,0.095,0.401426,0.790242,0.100678,0.502554,70.82276,40.684286,61.60196,48.602857,23.843882,13.632125,10.211757,0.692781,1.138348,-1.084368,0.494463,-5.588997,890,0.905405,1.0,16.624798
2024-04-09 14:55:00,0.435826,0.103892,0.101946,0.466669,0.092222,0.337794,0.838496,0.100017,0.455889,69.00766,39.866429,60.818681,47.267857,27.213275,16.348355,10.86492,0.782778,0.999338,1.177321,0.435916,-5.811814,895,0.918919,1.0,15.843527
2024-04-09 15:00:00,0.433511,0.104151,0.093842,0.565776,0.09016,0.340764,0.808988,0.099795,0.475408,70.156972,43.018571,61.526561,48.232857,30.213076,19.121299,11.091776,0.859714,0.967017,-1.8127,0.469013,-5.787789,900,0.932432,1.0,15.678829
2024-04-09 15:05:00,0.252729,0.100258,0.054034,0.537103,0.090593,0.296635,0.840673,0.099506,0.444369,69.2483,42.845714,61.150116,46.685357,31.998867,21.696813,10.302054,0.914017,0.895813,-1.793706,0.453116,-5.806103,905,0.945946,1.0,14.301286
2024-04-09 15:10:00,0.004624,0.032059,0.018999,0.61208,0.086544,0.245164,0.850765,0.099409,0.402249,67.368936,39.059286,60.383841,46.635714,32.59299,23.876048,8.716942,0.922527,0.831216,1.347364,0.401026,-6.040853,910,0.959459,1.0,14.901509
2024-04-09 15:15:00,0.012158,0.033998,0.038959,0.701662,0.084472,0.25752,0.800946,0.098924,0.424451,68.779014,39.667857,61.163723,44.940714,33.367497,25.774338,7.593159,0.908093,0.841433,-0.694075,0.429127,-5.947046,915,0.972973,1.0,16.17536
2024-04-09 15:20:00,-0.01415,0.041136,-0.010127,0.471123,0.079878,0.18386,0.784516,0.099131,0.355528,64.64887,42.597143,59.496288,43.597143,32.659917,27.151454,5.508463,0.911771,0.754666,1.231374,0.346897,-6.174894,920,0.986486,1.0,17.246407
2024-04-09 15:25:00,0.049552,0.061907,0.061609,0.451987,0.078751,0.259259,0.811824,0.099538,0.440414,68.506491,45.545714,61.554992,44.116786,33.502697,28.421703,5.080995,0.951541,0.828279,0.095646,0.432822,-6.025249,925,1.0,1.0,18.079782
2024-04-10 09:15:00,0.09736,0.061214,0.064413,0.481523,0.078692,0.266261,0.905124,0.098999,0.456853,69.722478,49.230714,62.235271,44.638571,34.38587,29.614536,4.771334,0.990924,0.826341,-0.129397,0.437481,-5.891098,555,0.0,2.0,16.522639
2024-04-10 09:20:00,0.191626,0.058324,0.088686,0.589463,0.077841,0.303066,1.055143,0.098224,0.505074,72.004552,47.025,63.546651,43.498929,35.871366,30.865902,5.005464,1.03146,0.851647,-1.501642,0.492026,-5.857305,560,0.013514,2.0,15.740471
2024-04-10 09:25:00,0.179578,0.058513,0.077387,0.753811,0.06748,0.298987,1.223158,0.095485,0.511633,72.884347,46.928571,64.063942,43.22,37.100272,32.112776,4.987496,1.028558,0.842749,0.392544,0.48219,-5.688444,565,0.027027,2.0,15.277908
2024-04-10 09:30:00,0.209367,0.047567,0.0353,0.722382,0.06858,0.248298,0.983288,0.091739,0.467908,70.751862,48.192857,63.2352,42.469286,37.218301,33.133881,4.08442,0.998477,0.792405,-0.451797,0.432239,-5.798779,570,0.040541,2.0,14.343173
2024-04-10 09:35:00,0.061263,0.046343,-0.006722,0.635005,0.070926,0.183466,0.931406,0.092181,0.4057,66.838406,45.779286,61.697175,42.34,36.102473,33.7276,2.374874,0.951397,0.725736,-1.393904,0.375145,-5.838562,575,0.054054,2.0,15.465869
2024-04-10 09:40:00,0.048217,0.045092,0.010169,0.620468,0.070949,0.185879,0.893028,0.091989,0.410923,67.768114,44.167857,62.159355,43.115357,35.196541,34.021388,1.175153,0.901855,0.72822,-0.41024,0.384914,-5.727241,580,0.067568,2.0,15.650353
2024-04-10 09:45:00,-0.028061,0.030782,0.00167,0.576925,0.071457,0.161202,0.850726,0.092027,0.387354,67.062002,43.189286,61.889276,41.936786,33.953242,34.007759,-0.054516,0.844184,0.700616,-0.27766,0.355241,-5.847831,585,0.081081,2.0,15.625875
2024-04-10 09:50:00,0.011074,0.043597,0.045485,0.70626,0.06859,0.206134,0.86461,0.092157,0.436295,69.987452,44.531429,63.324792,42.198929,33.74253,33.954713,-0.212183,0.744833,0.769621,0.459236,0.381317,-5.674585,590,0.094595,2.0,16.113411
2024-04-10 09:55:00,0.079289,0.043849,0.059507,0.711654,0.068613,0.226143,0.865683,0.092163,0.461348,71.764798,41.982857,64.243982,42.500714,33.949949,33.95376,-0.003811,0.634623,0.829646,0.175519,0.388537,-5.520207,595,0.108108,2.0,15.161792
2024-04-10 10:00:00,0.039293,0.058862,-0.017239,0.584344,0.073702,0.127225,0.558575,0.088508,0.360857,63.829215,42.875714,61.145853,42.860714,32.249779,33.612964,-1.363185,0.473968,0.699588,0.8117,0.275846,-5.721193,600,0.121622,2.0,14.253441
2024-04-10 10:05:00,0.067628,0.061848,0.022038,0.466619,0.066419,0.160657,0.669531,0.088072,0.395152,66.200671,44.575714,62.257947,41.8175,31.419734,33.174318,-1.754584,0.383195,0.817514,0.507422,0.307916,-5.539976,605,0.135135,2.0,13.371979
2024-04-10 10:10:00,-0.008495,0.076083,-0.041148,0.159634,0.051758,0.069475,0.694901,0.087428,0.298856,59.236331,45.58,59.325758,42.623929,28.963491,32.332153,-3.368661,0.366743,0.581433,1.154932,0.209748,-5.768613,610,0.148649,2.0,13.8696
2024-04-10 10:15:00,-0.089964,0.065848,-0.037408,0.112707,0.051679,0.049312,0.737022,0.086937,0.27269,58.062074,44.003571,58.812976,43.300357,26.450554,31.155833,-4.705279,0.355109,0.526107,-1.078013,0.169206,-5.83614,615,0.162162,2.0,14.211196
2024-04-10 10:20:00,-0.118194,0.06019,-0.0146,0.156113,0.051107,0.058656,0.840464,0.085687,0.276913,58.97042,40.572143,59.192309,43.058929,24.448333,29.814333,-5.366,0.333318,0.550976,1.00048,0.151186,-5.617152,620,0.175676,2.0,14.789289
2024-04-10 10:25:00,-0.18665,0.081685,-0.112309,-0.036748,0.061953,-0.086165,0.573702,0.087898,0.117878,47.895122,40.124286,54.072369,44.6775,19.943819,27.84023,-7.896411,0.344055,0.107638,-1.363082,-0.019456,-5.66105,625,0.189189,2.0,15.867672
2024-04-10 10:30:00,-0.185172,0.082084,-0.040393,0.027784,0.063025,-0.031142,0.506877,0.086744,0.163062,51.21295,42.489286,55.417011,44.757143,17.080809,25.688346,-8.607537,0.337338,0.249034,-1.328558,0.025477,-5.618955,630,0.202703,2.0,14.510371
2024-04-10 10:35:00,-0.044323,0.08615,0.011231,0.11061,0.063876,0.023616,0.615468,0.086541,0.211756,54.652979,43.118571,56.865788,45.023571,15.631433,23.676963,-8.045531,0.312877,0.394633,1.333829,0.059716,-5.375659,635,0.216216,2.0,13.949877
2024-04-10 10:40:00,-0.001755,0.087488,0.0259,0.09878,0.0636,0.046362,0.735114,0.085263,0.230026,56.256183,42.227857,57.556142,45.210357,14.794783,21.900527,-7.105744,0.297294,0.465397,-1.481719,0.066338,-5.34669,640,0.22973,2.0,14.097415
2024-04-10 10:45:00,-0.015098,0.087087,0.018712,0.155164,0.062075,0.043909,0.729756,0.085276,0.223075,56.386692,42.098571,57.611437,43.938929,14.008179,20.322058,-6.313879,0.255024,0.437804,0.844694,0.042608,-5.139918,645,0.243243,2.0,12.748672
2024-04-10 10:50:00,0.145613,0.025186,0.016938,0.05923,0.057932,0.045786,0.561795,0.082127,0.220754,56.814761,37.545,57.787384,40.856429,13.347926,18.927231,-5.579305,0.247026,0.450912,-0.728916,0.045916,-5.055113,650,0.256757,2.0,12.216497
2024-04-10 10:55:00,0.042936,0.039693,-0.022577,-0.026603,0.058607,-0.00455,0.738284,0.075255,0.163179,52.597151,38.842857,55.960003,41.016071,11.801028,17.501991,-5.700962,0.251428,0.25507,-1.007778,-0.020613,-5.115393,655,0.27027,2.0,13.230525
2024-04-10 11:00:00,0.001801,0.030214,-0.004305,-0.079061,0.056445,0.01047,0.661911,0.074425,0.172284,53.769748,35.971429,56.413501,40.251429,10.732991,16.148191,-5.4152,0.252482,0.335566,-1.078392,-0.013356,-5.063854,660,0.283784,2.0,14.33317
2024-04-10 11:05:00,-0.03685,0.026171,-0.01023,-0.117474,0.055974,-0.000516,0.711204,0.073762,0.154893,52.806389,34.947143,56.003945,38.465,9.583241,14.835201,-5.25196,0.248878,0.312452,0.887948,-0.024951,-5.266465,665,0.297297,2.0,15.409876
2024-04-10 11:10:00,0.010898,0.037001,0.026464,-0.043198,0.057134,0.044712,0.619282,0.071649,0.196856,56.594378,34.95,57.452794,38.912857,9.435565,13.755274,-4.319708,0.245063,0.522026,-1.098702,0.017031,-5.219565,670,0.310811,2.0,15.452894
2024-04-10 11:15:00,-0.069261,0.049732,-0.031348,-0.071291,0.05858,-0.02604,0.605475,0.071957,0.118412,50.207049,33.706429,54.703246,39.141071,7.943163,12.592852,-4.649688,0.252466,0.244507,1.029624,-0.053967,-5.431017,675,0.324324,2.0,15.240927
2024-04-10 11:20:00,0.044534,0.05442,0.021102,-0.030283,0.060217,0.033446,0.653019,0.072315,0.174381,54.905928,32.613571,56.551915,39.096786,7.771473,11.628576,-3.857103,0.251012,0.499982,-0.586644,0.008328,-5.3412,680,0.337838,2.0,16.320451
2024-04-10 11:25:00,0.082403,0.058177,0.05005,0.031347,0.06145,0.07911,0.808182,0.070662,0.219477,58.518877,32.442857,58.072753,38.223214,8.48093,10.999047,-2.518117,0.254924,0.705581,-0.947622,0.053103,-5.28007,685,0.351351,2.0,15.947805
2024-04-10 11:30:00,0.120061,0.056124,0.051085,-0.008627,0.059854,0.095637,0.884968,0.070035,0.236445,60.210499,32.814286,58.809489,36.693214,9.399611,10.67916,-1.279549,0.252531,0.814563,-1.153218,0.076241,-5.238202,690,0.364865,2.0,16.286044
2024-04-10 11:35:00,0.068057,0.054922,0.032697,-0.054416,0.058943,0.084682,0.706476,0.066283,0.225196,60.00918,30.165,58.72774,35.144643,9.977157,10.538759,-0.561602,0.232478,0.844685,0.899088,0.06044,-5.435177,695,0.378378,2.0,17.611323
2024-04-10 11:40:00,0.233663,0.035857,0.083058,0.122864,0.059192,0.159819,0.676565,0.065426,0.304833,65.614606,29.443571,61.25627,35.966429,11.905011,10.812009,1.093001,0.276242,1.100781,-0.516141,0.145786,-5.346789,700,0.391892,2.0,17.243752
2024-04-10 11:45:00,0.051302,0.080173,-0.024047,-0.046593,0.064423,0.036735,0.551088,0.068054,0.17816,54.877355,28.393571,56.595547,35.756071,11.220053,10.893618,0.326434,0.26593,0.684526,-0.193993,0.024174,-5.460643,705,0.405405,2.0,16.6332
2024-04-10 11:50:00,0.079843,0.084936,0.038962,0.119719,0.06409,0.107914,0.673075,0.068405,0.250574,59.785035,28.167143,58.844283,35.1975,11.981865,11.111268,0.870598,0.290821,0.932014,0.563235,0.102029,-5.288083,710,0.418919,2.0,16.623829
2024-04-10 11:55:00,0.114749,0.087421,0.066949,0.196253,0.065046,0.153289,0.871891,0.06524,0.29992,63.014705,27.524286,60.429303,34.811429,13.505544,11.590123,1.915421,0.335218,1.029083,-0.437657,0.161367,-5.190793,715,0.432432,2.0,17.222208
2024-04-10 12:00:00,0.181793,0.087762,0.087914,0.245763,0.066202,0.197491,0.930543,0.065564,0.350685,66.112649,29.440714,62.032163,33.492857,15.669388,12.405976,3.263412,0.399079,1.076562,-1.10368,0.224172,-5.145455,720,0.445946,2.0,17.704617
2024-04-10 12:05:00,0.163971,0.08527,0.107998,0.474572,0.054729,0.245798,0.96352,0.065959,0.408313,69.277351,27.687143,63.770078,33.265,18.469672,13.618715,4.850957,0.451181,1.121955,-0.911383,0.293439,-5.088248,725,0.459459,2.0,17.860475
2024-04-10 12:10:00,0.258411,0.04354,0.055397,0.397606,0.055338,0.199806,0.901671,0.066201,0.368271,67.015354,30.736429,62.770084,33.353929,20.022376,14.899447,5.122929,0.484834,0.986338,0.541117,0.256075,-5.254635,730,0.472973,2.0,18.416895
2024-04-10 12:15:00,0.188011,0.042405,0.045089,0.352435,0.054647,0.191839,0.878087,0.066156,0.365582,67.576954,34.682143,63.065946,34.814643,21.222901,16.164138,5.058763,0.521979,0.941442,0.337088,0.256458,-5.103694,735,0.486486,2.0,16.817296
2024-04-10 12:20:00,0.223612,0.049757,0.094729,0.422066,0.057449,0.261453,1.038551,0.06608,0.444729,71.690539,34.265714,65.330234,34.607857,23.603223,17.651955,5.951268,0.589751,1.019757,0.765279,0.337459,-4.920628,740,0.5,2.0,15.95803
2024-04-10 12:25:00,0.235718,0.051258,0.114484,0.497233,0.058579,0.306323,1.077537,0.066516,0.501517,74.463,37.413571,66.997446,35.56,26.535347,19.428633,7.106713,0.671193,1.034665,0.521395,0.398563,-4.75586,745,0.513514,2.0,16.121256
2024-04-10 12:30:00,0.216905,0.049441,0.113182,0.546098,0.058796,0.327243,1.091856,0.066631,0.535152,76.262551,37.81,68.13953,35.211786,29.490653,21.441037,8.049616,0.753535,1.013591,-1.284774,0.447067,-4.722816,750,0.527027,2.0,15.192595
2024-04-10 12:35:00,0.133038,0.081838,0.003029,0.488028,0.064014,0.197534,0.813247,0.065735,0.409279,66.376346,39.672857,63.655988,36.057857,29.584975,23.069825,6.51515,0.76544,0.831392,0.256005,0.323896,-4.867205,755,0.540541,2.0,13.85092
2024-04-10 12:40:00,0.206852,0.085174,0.059316,0.558204,0.06543,0.256587,0.675901,0.059534,0.476072,69.721494,40.817143,65.518017,36.815714,30.81346,24.618552,6.194908,0.793749,0.89296,-0.794932,0.394957,-4.800849,760,0.554054,2.0,12.643101
2024-04-10 12:45:00,0.255486,0.095282,0.136581,0.715744,0.069762,0.36409,0.790333,0.062356,0.597821,74.375511,43.727143,68.367097,36.946071,33.953573,26.485556,7.468017,0.854119,0.994226,-1.08047,0.531063,-4.755424,765,0.567568,2.0,11.724937
2024-04-10 12:50:00,0.308498,0.101613,0.177641,0.79628,0.072847,0.447197,0.949395,0.064073,0.699768,77.677717,43.190714,70.617126,36.317143,38.286784,28.845802,9.440982,0.954036,1.037397,-0.73925,0.638889,-4.688348,770,0.581081,2.0,11.546462
2024-04-10 12:55:00,0.308924,0.101606,0.155537,0.926611,0.067842,0.455052,0.966452,0.064225,0.726047,78.933651,43.745,71.519597,36.069286,42.216258,31.519893,10.696365,1.019718,1.012222,1.206863,0.648543,-4.483929,775,0.594595,2.0,10.523836
2024-04-10 13:00:00,0.302548,0.104271,0.026991,0.747185,0.076608,0.307215,0.863344,0.066834,0.586272,70.168396,45.959286,67.112554,37.063214,42.812328,33.77838,9.033948,1.029071,0.859047,-0.043114,0.510486,-4.604713,780,0.608108,2.0,10.758735
2024-04-10 13:05:00,0.338851,0.107688,0.09943,0.815871,0.078877,0.388694,1.012371,0.068158,0.681182,73.531744,48.42,69.203656,37.972143,44.918169,36.006338,8.911831,1.071131,0.921316,-0.351787,0.594748,-4.506679,785,0.621622,2.0,12.454959
2024-04-10 13:10:00,0.211124,0.099411,0.078353,0.807349,0.078979,0.367998,0.990847,0.068102,0.67182,74.000641,49.363571,69.502359,39.402143,46.372053,38.079481,8.292572,1.100053,0.890062,0.128089,0.587074,-4.376693,790,0.635135,2.0,12.307333
2024-04-10 13:15:00,-0.127848,0.134059,-0.087083,0.598949,0.096407,0.143359,0.834601,0.074715,0.443476,60.669375,53.101429,62.286404,40.394286,43.344275,39.13244,4.211835,1.056012,0.679492,-0.438921,0.347715,-4.467839,795,0.648649,2.0,13.582031
2024-04-10 13:20:00,-0.116606,0.135849,-0.013422,0.573921,0.095723,0.190382,0.798772,0.074046,0.490654,62.970592,52.062857,63.543739,41.399643,41.643603,39.634672,2.00893,1.035598,0.720174,0.71234,0.386482,-4.303402,800,0.662162,2.0,13.870463
2024-04-10 13:25:00,-0.112798,0.135216,-0.083011,0.581944,0.09509,0.071573,0.651578,0.07613,0.364132,57.012781,51.272143,60.09779,42.977143,37.903719,39.288482,-1.384763,0.942931,0.593021,0.880206,0.254087,-4.479762,805,0.675676,2.0,12.75064
2024-04-10 13:30:00,-0.327452,0.109436,-0.117335,0.405581,0.097951,-0.019416,0.48904,0.077145,0.26018,52.536846,52.47,57.398693,43.367857,32.925477,38.015881,-5.090404,0.860772,0.470346,0.745401,0.14748,-4.649582,810,0.689189,2.0,12.49423
2024-04-10 13:35:00,-0.376046,0.10204,-0.098671,0.313159,0.098078,-0.04528,0.430723,0.077311,0.220448,51.114113,49.055,56.531863,43.234286,28.117845,36.036274,-7.918428,0.790665,0.409265,-0.946865,0.089566,-4.71023,815,0.702703,2.0,11.512395
2024-04-10 13:40:00,-0.01775,0.110551,0.034209,0.398575,0.102098,0.094803,0.606067,0.079693,0.356322,57.22606,49.901429,59.629606,43.855714,26.637703,34.156559,-7.518856,0.733317,0.579659,0.062479,0.225949,-4.58536,820,0.716216,2.0,12.280331
2024-04-10 13:45:00,-0.091349,0.103488,0.018368,0.317556,0.101438,0.079744,0.645035,0.07931,0.335889,56.88622,46.640714,59.434714,43.156786,25.058815,32.337011,-7.278196,0.690303,0.552033,1.518603,0.176078,-4.806769,825,0.72973,2.0,11.127235
2024-04-10 13:50:00,0.073601,0.092169,0.048147,0.396538,0.1013,0.120902,0.677115,0.079512,0.374581,59.00876,45.031429,60.518201,42.924286,24.472747,30.764158,-6.291411,0.630843,0.61099,0.373378,0.208668,-4.657627,830,0.743243,2.0,12.449808
2024-04-10 13:55:00,0.360816,0.097447,0.161211,0.578762,0.108463,0.284832,0.879929,0.083424,0.546639,65.578085,44.802143,64.097889,44.264643,27.105854,30.032497,-2.926643,0.599903,0.891746,0.983028,0.375016,-4.467532,835,0.756757,2.0,13.027996
2024-04-10 14:00:00,0.570885,0.086629,0.226486,0.660741,0.112615,0.419584,0.992883,0.086225,0.697553,70.310533,47.600714,66.966466,45.395714,31.973435,30.420685,1.55275,0.659613,1.077555,1.676708,0.515726,-4.228679,840,0.77027,2.0,11.005686
2024-04-10 14:05:00,0.436811,0.093025,0.16197,0.599995,0.112181,0.394567,0.965471,0.086156,0.686093,70.714908,48.318571,67.219778,46.031786,35.713068,31.479161,4.233906,0.720261,1.010377,1.008301,0.481444,-4.032575,845,0.783784,2.0,11.790027
2024-04-10 14:10:00,0.446474,0.090667,0.109902,0.547357,0.112169,0.35955,1.054682,0.084864,0.66188,70.791413,46.686429,67.266262,46.322857,38.287845,32.840898,5.446947,0.771686,0.944703,1.579514,0.44661,-3.796133,850,0.797297,2.0,13.343044
2024-04-10 14:15:00,0.297673,0.123414,0.010291,0.561605,0.111308,0.239566,0.90856,0.0863,0.544543,64.980704,45.180714,64.262541,46.800357,38.2207,33.916858,4.303842,0.7432,0.796599,-0.391499,0.326221,-3.897713,855,0.810811,2.0,12.55252
2024-04-10 14:20:00,0.062467,0.102474,-0.020604,0.433841,0.111458,0.17936,0.951521,0.085481,0.483303,62.568663,45.059286,62.990428,47.211429,37.013784,34.536243,2.477541,0.719104,0.718995,-0.23159,0.253646,-4.008059,860,0.824324,2.0,13.537772
2024-04-10 14:25:00,-0.051347,0.060295,0.029364,0.352669,0.108142,0.220842,1.031919,0.085577,0.52667,64.778295,43.364286,64.145555,48.232857,36.774362,34.983867,1.790495,0.734215,0.778671,-0.106454,0.296603,-3.888377,865,0.837838,2.0,11.73939
2024-04-10 14:30:00,-0.00676,0.068069,0.0604,0.283821,0.105446,0.255275,1.078114,0.085766,0.565039,66.77967,43.502857,65.212611,47.782857,37.236646,35.434423,1.802223,0.771245,0.826422,-0.226161,0.343169,-3.778388,870,0.851351,2.0,11.991547
2024-04-10 14:35:00,0.023796,0.069899,0.062612,0.26155,0.105102,0.261303,1.267744,0.08196,0.57514,67.857076,41.674286,65.790934,46.473214,37.760012,35.899541,1.860471,0.81232,0.835147,-0.775178,0.364101,-3.70235,875,0.864865,2.0,10.330158
2024-04-10 14:40:00,0.235484,0.057847,0.11977,0.494368,0.103013,0.342498,1.333826,0.082907,0.665538,71.352279,42.561429,67.734096,47.515714,39.785099,36.676652,3.108446,0.87631,0.91636,-0.219375,0.44975,-3.589478,880,0.878378,2.0,10.812549
2024-04-10 14:45:00,0.225153,0.061823,0.045467,0.320036,0.101674,0.263058,1.223683,0.083509,0.589495,67.853475,42.099286,66.021621,45.577143,40.017687,37.344859,2.672828,0.919724,0.823066,-0.764559,0.372567,-3.66663,885,0.891892,2.0,9.024586
2024-04-10 14:50:00,0.176377,0.061787,0.040955,0.317873,0.101673,0.252426,1.211893,0.083516,0.581675,68.371263,41.116429,66.295572,45.508929,40.023075,37.880502,2.142572,0.9612,0.809208,1.23375,0.350965,-3.466474,890,0.905405,2.0,6.391716
2024-04-10 14:55:00,0.205366,0.066041,0.087424,0.618408,0.087954,0.310101,1.300988,0.08397,0.645861,71.193729,42.939286,67.815587,44.79,41.148287,38.534059,2.614227,0.994761,0.858598,-0.098936,0.413271,-3.347402,895,0.918919,2.0,6.787809
2024-04-10 15:00:00,0.247535,0.067508,0.108683,0.627069,0.088161,0.349072,1.370808,0.084214,0.693464,73.343419,44.685714,69.030996,44.858571,42.884355,39.404118,3.480237,1.048106,0.88278,-0.875756,0.477469,-3.274153,900,0.932432,2.0,9.075699
2024-04-10 15:05:00,0.251715,0.068571,0.153261,0.861097,0.083604,0.425724,1.545299,0.084474,0.783324,76.38825,46.085714,70.862012,45.443929,45.879345,40.699164,5.180181,1.096405,0.937628,1.452778,0.55161,-3.060388,905,0.945946,2.0,8.480029
2024-04-10 15:10:00,0.36013,0.0392,0.139864,1.012085,0.077259,0.436401,1.58639,0.084525,0.807141,77.67179,43.964286,71.673649,45.7825,48.69537,42.298405,6.396965,1.101899,0.941123,1.070204,0.573734,-2.866791,910,0.959459,2.0,9.310195
2024-04-10 15:15:00,0.332925,0.049419,0.085769,1.031783,0.0763,0.384561,1.586287,0.084526,0.76446,76.786478,43.110714,71.268198,45.714643,50.151283,43.868981,6.282302,1.050121,0.90315,0.032393,0.542019,-2.997775,915,0.972973,2.0,9.420906
2024-04-10 15:20:00,0.2947,0.047763,0.091878,0.932846,0.072683,0.395061,1.588451,0.084536,0.784638,78.045905,43.732143,72.034904,45.209286,51.633821,45.421949,6.211873,1.040753,0.912215,-1.380224,0.584456,-2.948584,920,0.986486,2.0,9.097401
2024-04-10 15:25:00,0.14052,0.075676,0.009058,0.860606,0.077065,0.286301,1.583612,0.084659,0.677939,71.745258,43.769286,69.158301,44.475,50.834057,46.504371,4.329687,0.969272,0.817264,1.514719,0.473006,-3.165868,925,1.0,2.0,9.712785
2024-04-11 09:15:00,-0.120105,0.084685,-0.086889,0.665866,0.087074,0.132601,1.37819,0.087894,0.516478,62.131413,44.422857,64.410893,44.741071,47.184737,46.640444,0.544293,0.859092,0.656667,1.168739,0.309557,-3.365908,555,0.0,3.0,11.355191
2024-04-11 09:20:00,-0.105805,0.08826,-0.010688,0.542436,0.079122,0.184187,1.395353,0.088031,0.564584,64.719423,45.178571,65.653767,44.271429,45.029916,46.318338,-1.288422,0.81637,0.718684,-1.449055,0.372233,-3.320372,560,0.013514,3.0,10.120063
2024-04-11 09:25:00,-0.084808,0.089349,-0.000541,0.373085,0.070657,0.175566,1.378418,0.088068,0.551863,65.07764,43.466429,65.826259,43.484643,43.001611,45.654993,-2.653382,0.813491,0.708694,1.456278,0.357428,-3.099738,565,0.027027,3.0,10.68396
2024-04-11 09:30:00,-0.093127,0.087805,0.028793,0.40029,0.070876,0.198445,1.424818,0.087993,0.572341,66.690607,43.135,66.596695,42.404643,41.689045,44.861803,-3.172758,0.814907,0.737531,-0.801954,0.384787,-3.014301,570,0.040541,3.0,11.029095
2024-04-11 09:35:00,-0.162247,0.103568,-0.079097,0.249375,0.080141,0.045963,1.18237,0.090922,0.407447,57.115414,42.657857,61.732203,42.609643,37.601775,43.409798,-5.808022,0.79272,0.542239,0.636855,0.213873,-3.185783,575,0.054054,3.0,9.604749
2024-04-11 09:40:00,-0.044501,0.084886,-0.067109,0.322436,0.076608,0.022079,1.281116,0.088823,0.370624,55.854243,42.977143,61.056799,42.538214,33.593666,41.446571,-7.852905,0.737108,0.494378,-1.749047,0.170271,-3.212427,580,0.067568,3.0,11.21946
2024-04-11 09:45:00,-0.159718,0.072559,-0.074367,0.319185,0.076739,-0.020232,1.152644,0.088975,0.313204,53.244353,44.152857,59.66145,42.634643,29.292798,39.015817,-9.723019,0.654029,0.401437,1.251744,0.095236,-3.422209,585,0.081081,3.0,13.168819
2024-04-11 09:50:00,-0.239713,0.06981,-0.096425,0.183919,0.07815,-0.081862,1.019483,0.089758,0.233189,49.321642,43.515,57.507356,43.227143,24.360063,36.084666,-11.724603,0.596981,0.25908,1.577351,0.014423,-3.656916,590,0.094595,3.0,12.216047
2024-04-11 09:55:00,-0.485585,0.075675,-0.199574,-0.080484,0.090266,-0.257501,0.749159,0.094884,0.028711,40.13447,44.664286,51.900685,44.675,16.671111,32.201955,-15.530844,0.630513,-0.042997,1.476538,-0.193501,-3.889136,595,0.108108,3.0,13.953947
2024-04-11 10:00:00,-0.359919,0.07583,-0.147301,-0.135206,0.089898,-0.252227,0.653153,0.094629,0.007156,39.309738,43.051429,51.357604,44.568571,10.086078,27.77878,-17.692701,0.68126,-0.023779,-1.679563,-0.24076,-3.921738,600,0.121622,3.0,14.010094
2024-04-11 10:05:00,-0.243613,0.106872,-0.034866,-0.157077,0.088431,-0.142354,0.773971,0.095168,0.098298,44.778708,44.375714,53.610416,44.17,6.471981,23.51742,-17.045439,0.715311,0.144641,-1.166141,-0.161778,-3.859573,605,0.135135,3.0,13.846845
2024-04-11 10:10:00,-0.15391,0.115023,0.007047,-0.060235,0.088568,-0.08774,0.807431,0.095261,0.138148,47.227381,44.296429,54.651811,43.703571,4.3604,19.686016,-15.325616,0.727777,0.217146,0.109675,-0.127805,-3.715593,610,0.148649,3.0,15.350294
2024-04-11 10:15:00,-0.132211,0.113559,-0.027666,-0.124693,0.089015,-0.123275,0.660833,0.094962,0.08603,44.934914,42.922143,53.325533,43.327143,1.80836,16.110485,-14.302125,0.754554,0.171223,-1.600154,-0.185452,-3.744405,615,0.162162,3.0,15.577727
2024-04-11 10:20:00,0.077211,0.056514,-0.014152,-0.208273,0.086166,-0.105726,0.58984,0.094518,0.088847,45.314102,42.776429,53.480823,43.272857,-0.099232,12.868541,-12.967773,0.784786,0.20531,0.525723,-0.179764,-3.575949,620,0.175676,3.0,15.900903
2024-04-11 10:25:00,0.177729,0.058031,0.043323,-0.204745,0.086355,-0.024111,0.613807,0.094801,0.161477,49.882195,44.015714,55.373302,44.219286,-0.210202,10.252793,-10.462995,0.794642,0.321225,1.317092,-0.104971,-3.352288,625,0.189189,3.0,17.418578
2024-04-11 10:30:00,-0.173083,0.132258,-0.14154,-0.580143,0.096631,-0.252877,0.465889,0.100711,-0.090612,38.655397,45.054286,48.735284,45.116429,-4.757997,7.250635,-12.008632,0.849629,0.066731,-0.889744,-0.359796,-3.430174,630,0.202703,3.0,18.706798
2024-04-11 10:35:00,-0.224372,0.126349,-0.098368,-0.642288,0.094707,-0.23422,0.373622,0.100121,-0.092773,38.438921,45.157143,48.594917,44.311786,-8.370566,4.126394,-12.496961,0.872545,0.108096,-1.262226,-0.369414,-3.482878,635,0.216216,3.0,19.599947
2024-04-11 10:40:00,-0.11923,0.134122,-0.027759,-0.574786,0.096698,-0.160678,0.284602,0.098394,-0.034622,41.790186,47.437143,50.020005,45.286071,-10.115564,1.278003,-11.393567,0.863124,0.202699,1.612528,-0.300952,-3.235276,640,0.22973,3.0,18.199397
2024-04-11 10:45:00,-0.056414,0.140465,0.027701,-0.557625,0.097531,-0.08275,0.223905,0.097199,0.03333,45.68038,50.795714,51.715759,46.726786,-10.158106,-1.009219,-9.148887,0.803151,0.301397,1.313004,-0.223497,-3.003851,645,0.243243,3.0,16.627007
2024-04-11 10:50:00,0.02985,0.158511,0.128777,-0.315033,0.105795,0.074778,0.333885,0.09959,0.191112,53.65033,53.540714,55.459972,48.258929,-7.186329,-2.244641,-4.941688,0.744201,0.528992,1.83006,-0.056975,-2.733048,650,0.256757,3.0,17.753148
2024-04-11 10:55:00,0.397332,0.063875,0.15986,-0.065089,0.105211,0.168186,0.560828,0.099085,0.290493,58.099463,53.675,57.743543,48.913929,-2.834467,-2.362606,-0.471861,0.731804,0.685742,-0.518514,0.052358,-2.624252,655,0.27027,3.0,16.826429
2024-04-11 11:00:00,0.435613,0.052388,0.127978,-0.103778,0.104126,0.181296,0.470418,0.097838,0.310068,59.319256,53.566429,58.385328,48.540714,1.170605,-1.655964,2.826569,0.704659,0.746021,-1.024625,0.081973,-2.551306,660,0.283784,3.0,16.974912
2024-04-11 11:05:00,0.40925,0.057262,0.105641,-0.083151,0.104385,0.191662,0.482874,0.097876,0.327287,60.494634,53.642857,58.998191,49.153571,4.829614,-0.358848,5.188462,0.679552,0.80626,0.878123,0.104781,-2.344306,665,0.297297,3.0,15.90084
2024-04-11 11:10:00,0.415868,0.05698,0.121029,-0.050997,0.105405,0.242178,0.769536,0.093073,0.387584,63.33325,53.827857,60.499181,48.439643,8.971121,1.507146,7.463976,0.65955,0.934805,-1.307134,0.179431,-2.291981,670,0.310811,3.0,15.717154
2024-04-11 11:15:00,0.198989,0.060695,0.04677,0.045651,0.100519,0.173013,0.650903,0.09323,0.323349,60.213924,54.305,58.999678,49.340357,11.223401,3.450397,7.773004,0.67179,0.847642,-0.773003,0.12769,-2.380278,675,0.324324,3.0,14.438459
2024-04-11 11:20:00,0.083774,0.047237,0.028473,0.063159,0.100376,0.152838,0.758725,0.091536,0.306724,59.960293,55.602143,58.878986,49.949286,12.789108,5.318139,7.470969,0.687157,0.829342,0.278869,0.130239,-2.543112,680,0.337838,3.0,16.068633
2024-04-11 11:25:00,0.136874,0.056603,0.075804,0.19298,0.101321,0.215484,0.938461,0.090706,0.376797,63.447838,55.568571,60.635469,49.245357,15.36339,7.327189,8.036201,0.7352,0.910861,-1.282253,0.226722,-2.495084,685,0.351351,3.0,15.04972
2024-04-11 11:30:00,0.291019,0.090493,0.173485,0.448414,0.106618,0.36212,1.15569,0.09338,0.539843,69.620581,57.46,64.081923,50.118214,20.439954,9.949742,10.490212,0.854574,1.04366,0.164649,0.405407,-2.340891,690,0.364865,3.0,14.927726
2024-04-11 11:35:00,0.197537,0.095398,0.104016,0.635108,0.093217,0.311776,0.986518,0.091717,0.501811,68.447893,56.407143,63.538459,50.211429,23.879656,12.735725,11.143931,0.922959,0.950009,-1.230997,0.387094,-2.392786,695,0.378378,3.0,14.739527
2024-04-11 11:40:00,0.240899,0.086728,0.064291,0.648915,0.092857,0.275159,0.98562,0.091722,0.474759,67.91256,54.534286,63.296548,49.794286,26.170025,15.422585,10.74744,0.961919,0.890135,0.189535,0.378864,-2.545966,700,0.391892,3.0,15.945624
2024-04-11 11:45:00,0.260218,0.08422,0.052999,0.56854,0.091727,0.262688,0.94662,0.091591,0.470742,68.448851,56.135714,63.586689,50.646429,27.933475,17.924763,10.008713,1.00659,0.859704,-1.328296,0.395921,-2.505214,705,0.405405,3.0,14.525727
2024-04-11 11:50:00,0.298446,0.089545,0.117582,0.646908,0.094115,0.349494,0.875732,0.089362,0.571279,72.467991,54.552857,65.856791,50.995,31.164174,20.572645,10.591529,1.082686,0.91886,0.486591,0.499619,-2.332779,710,0.418919,3.0,14.492385
2024-04-11 11:55:00,0.105869,0.058393,0.073123,0.687879,0.092705,0.308982,0.687971,0.08634,0.541173,71.84047,49.011429,65.586798,49.903571,33.202195,23.098555,10.10364,1.12693,0.864848,1.019553,0.475742,-2.54259,715,0.432432,3.0,14.28315
2024-04-11 12:00:00,0.257428,0.071249,0.138067,0.816329,0.095046,0.401019,0.806153,0.088,0.649242,75.708466,49.330714,67.915959,51.435714,36.777029,25.83425,10.942779,1.196256,0.921999,1.637417,0.576852,-2.284572,720,0.445946,3.0,14.813076
2024-04-11 12:05:00,0.166634,0.096889,0.026555,0.637768,0.099434,0.27364,0.704278,0.089456,0.528808,68.303306,48.635,64.593171,51.155,37.431649,28.15373,9.277919,1.227768,0.804858,-0.287139,0.465897,-2.399201,725,0.459459,3.0,15.285093
2024-04-11 12:10:00,0.126683,0.100335,0.00125,0.870533,0.074656,0.225142,0.774523,0.088267,0.484144,66.542092,51.033571,63.780057,52.3,37.083996,29.939783,7.144213,1.163137,0.763164,0.76841,0.421213,-2.591982,730,0.472973,3.0,14.821346
2024-04-11 12:15:00,-0.023228,0.084927,-0.01683,0.849809,0.075507,0.179642,0.78934,0.088099,0.439502,64.615862,49.402857,62.898575,51.522857,35.923139,31.136454,4.786685,1.057542,0.724267,1.375812,0.368994,-2.833227,735,0.486486,3.0,15.060932
2024-04-11 12:20:00,0.051041,0.090532,0.033055,0.859525,0.075635,0.222694,0.791116,0.08812,0.486277,67.180667,47.497143,64.185376,50.6625,35.772119,32.063587,3.708532,0.953344,0.773679,-0.62992,0.416491,-2.740608,740,0.5,3.0,14.686301
2024-04-11 12:25:00,0.007385,0.07664,0.082243,0.880685,0.076166,0.28331,0.820413,0.088521,0.554292,70.331821,45.185714,65.856364,49.745357,36.835199,33.017909,3.817289,0.864975,0.855546,-0.340156,0.470551,-2.626452,745,0.513514,3.0,15.154416
2024-04-11 12:30:00,-0.047485,0.095938,-0.047204,0.559962,0.082422,0.117578,0.632512,0.091655,0.38477,59.847199,45.054286,60.866701,50.328214,34.556014,33.32553,1.230484,0.785889,0.660634,0.908609,0.297836,-2.835711,750,0.527027,3.0,15.051836
2024-04-11 12:35:00,-0.120035,0.103967,-0.096311,0.350728,0.084503,0.018298,0.417092,0.091683,0.275865,54.310883,46.442857,57.974343,51.005714,30.667011,32.793827,-2.126815,0.725515,0.515709,-0.558776,0.190208,-2.935999,755,0.540541,3.0,14.396267
2024-04-11 12:40:00,-0.072558,0.105835,-0.050214,0.339543,0.084438,0.035584,0.489954,0.09129,0.285273,55.273569,44.622143,58.417075,51.041071,27.639935,31.763048,-4.123113,0.665878,0.523279,-0.307332,0.193919,-2.816048,760,0.554054,3.0,14.36871
2024-04-11 12:45:00,-0.212948,0.097298,-0.082922,0.234537,0.086766,-0.034922,0.399401,0.092052,0.20262,51.17773,42.530714,56.249645,49.468929,23.650631,30.140565,-6.489934,0.609792,0.384634,-1.372556,0.11587,-2.852893,765,0.567568,3.0,14.732494
2024-04-11 12:50:00,-0.459355,0.072515,-0.159872,0.001411,0.093084,-0.173468,0.151612,0.094156,0.043693,43.792433,45.057143,52.019777,49.795714,17.502651,27.612982,-10.110331,0.609349,0.12725,1.633332,-0.054031,-3.120569,770,0.581081,3.0,16.998377
2024-04-11 12:55:00,-0.221431,0.096872,-0.049519,0.138028,0.094155,-0.079505,0.161746,0.094326,0.124396,48.188215,44.191429,53.979041,50.163571,13.989303,24.888246,-10.898943,0.567176,0.238263,0.068618,0.01318,-2.971538,775,0.594595,3.0,16.507145
2024-04-11 13:00:00,-0.090975,0.096634,-0.010771,0.175513,0.094297,-0.041759,0.073837,0.092891,0.151619,49.834284,44.61,54.725986,49.581429,11.662784,22.243154,-10.580369,0.510521,0.257384,-0.190609,0.034317,-2.843838,780,0.608108,3.0,16.813803
2024-04-11 13:05:00,-0.079422,0.097937,0.014546,0.122809,0.092773,-0.008303,0.049833,0.092662,0.177025,51.45668,45.818571,55.458334,47.415,10.27907,19.850337,-9.571267,0.477996,0.296176,-0.529581,0.057896,-2.74351,785,0.621622,3.0,18.276839
2024-04-11 13:10:00,-0.065302,0.09602,-0.030336,-0.121584,0.083705,-0.061828,0.000909,0.09305,0.112296,48.353909,45.126429,53.795711,47.228571,8.024034,17.485076,-9.461043,0.497664,0.195909,-1.509629,-0.036453,-2.765042,790,0.635135,3.0,16.198671
2024-04-11 13:15:00,0.174003,0.05884,0.034594,-0.022077,0.085931,0.01844,0.031088,0.093492,0.187001,52.57153,47.729286,55.682537,48.182143,7.608903,15.509842,-7.900939,0.499816,0.363758,1.101311,0.013118,-2.538577,795,0.648649,3.0,14.455633
2024-04-11 13:20:00,0.049205,0.058263,-0.002905,-0.05347,0.086341,-0.018553,0.070412,0.092979,0.142178,50.468816,46.748571,54.587375,48.891071,6.513299,13.710533,-7.197234,0.506888,0.294159,1.131553,-0.051356,-2.767908,800,0.662162,3.0,13.266973
2024-04-11 13:25:00,0.103287,0.067937,0.056347,0.018714,0.088608,0.062319,0.297662,0.091491,0.220725,54.83627,48.326429,56.575802,48.864643,7.11551,12.391529,-5.276019,0.50605,0.464603,0.831887,0.025892,-2.561541,805,0.675676,3.0,13.152737
2024-04-11 13:30:00,-0.033403,0.086789,-0.031811,-0.208458,0.086639,-0.037769,0.122349,0.092298,0.111924,49.267892,48.132143,53.674926,47.814643,5.679458,11.049115,-5.369656,0.510375,0.28159,-0.729508,-0.081758,-2.648428,810,0.689189,3.0,15.592713
2024-04-11 13:35:00,-0.072484,0.094236,-0.087294,-0.299532,0.088872,-0.123821,0.013244,0.0934,0.01221,44.62252,48.223571,51.088858,46.704643,2.750592,9.38941,-6.638818,0.536065,0.135296,-0.899893,-0.191616,-2.719433,815,0.702703,3.0,15.98408
2024-04-11 13:40:00,-0.153846,0.079168,-0.057698,-0.432204,0.081831,-0.111343,-0.029706,0.09319,0.012474,44.666335,47.232143,51.107908,46.143214,0.438112,7.599151,-7.161038,0.513429,0.162838,0.76409,-0.184459,-2.518908,820,0.716216,3.0,17.192156
2024-04-11 13:45:00,-0.200814,0.083078,-0.095785,-0.420111,0.081277,-0.178459,0.031755,0.091607,-0.070617,40.803102,48.799286,48.912656,47.621071,-2.885548,5.502211,-8.387758,0.539134,0.05868,-0.356726,-0.268377,-2.632553,825,0.72973,3.0,16.970116
2024-04-11 13:50:00,-0.243827,0.067243,-0.034347,-0.351396,0.082567,-0.121455,0.097655,0.091755,-0.0253,43.513189,48.085,50.058519,46.353571,-4.680488,3.465671,-8.146159,0.544126,0.176261,0.218187,-0.225643,-2.472663,830,0.743243,3.0,14.506393
2024-04-11 13:55:00,-0.135792,0.06226,-0.020109,-0.320814,0.082678,-0.106115,0.146342,0.09151,-0.020285,43.775291,47.886429,50.168116,45.208571,-5.960052,1.580527,-7.540578,0.545849,0.214328,-1.214368,-0.220894,-2.423684,835,0.756757,3.0,12.192754
2024-04-11 14:00:00,-0.145392,0.065117,-0.085901,-0.495277,0.082759,-0.1943,0.107804,0.092296,-0.12392,38.749327,45.341429,47.369919,45.199286,-8.799595,-0.495498,-8.304097,0.548926,0.063308,0.824484,-0.31372,-2.624851,840,0.77027,3.0,13.211374
2024-04-11 14:05:00,-0.160909,0.063691,-0.067125,-0.599758,0.07828,-0.189166,0.296457,0.087476,-0.133237,38.109998,45.812143,47.001058,45.001786,-11.18249,-2.632896,-8.549594,0.488979,0.04105,0.620034,-0.31478,-2.809256,845,0.783784,3.0,13.396233
2024-04-11 14:10:00,-0.130623,0.058527,-0.08186,-0.502938,0.073095,-0.221459,0.261953,0.087829,-0.181424,35.718299,45.052143,45.612981,44.831071,-13.896011,-4.885519,-9.010492,0.502219,-0.007358,0.679923,-0.354063,-3.000384,850,0.797297,3.0,12.097734
2024-04-11 14:15:00,-0.110807,0.064833,-0.011832,-0.342189,0.073629,-0.142463,0.230915,0.08729,-0.112777,40.362888,46.594286,47.466986,46.206429,-14.741238,-6.856663,-7.884575,0.508521,0.158426,-0.331777,-0.282159,-2.881059,855,0.810811,3.0,13.215055
2024-04-11 14:20:00,-0.198389,0.067721,-0.063564,-0.446333,0.074483,-0.204373,0.10173,0.087962,-0.188498,36.649704,45.912143,45.378224,45.519286,-16.696885,-8.824707,-7.872178,0.524875,0.05277,1.245823,-0.34032,-3.11655,860,0.824324,3.0,11.6761
2024-04-11 14:25:00,-0.155447,0.058927,-0.086205,-0.437939,0.074198,-0.244319,0.084512,0.088197,-0.244162,34.000175,42.675714,43.805828,45.2025,-19.188325,-10.897431,-8.290894,0.572186,0.013361,1.300208,-0.37605,-3.359398,865,0.837838,3.0,12.810342
2024-04-11 14:30:00,-0.050319,0.080923,0.002819,-0.191299,0.071076,-0.139381,0.168647,0.089086,-0.147847,40.386968,41.838571,46.4537,44.293571,-19.339758,-12.585896,-6.753861,0.596439,0.200487,0.953696,-0.252376,-3.139886,870,0.851351,3.0,14.261683
2024-04-11 14:35:00,0.192998,0.11331,0.126904,-0.089678,0.081198,0.043436,0.277235,0.092234,0.037977,50.986516,41.667143,51.383515,44.996786,-15.955384,-13.259794,-2.69559,0.58935,0.522338,-0.136213,-0.056006,-3.00119,875,0.864865,3.0,13.496859
2024-04-11 14:40:00,0.293277,0.126981,0.194096,0.041096,0.089285,0.187993,0.699163,0.086947,0.194404,58.03583,43.890714,55.140881,46.011429,-10.242209,-12.656277,2.414067,0.598435,0.793166,0.48274,0.115481,-2.8161,880,0.878378,3.0,12.388742
2024-04-11 14:45:00,0.356742,0.11149,0.115793,-0.01177,0.089117,0.151693,0.684743,0.087037,0.167259,56.946128,41.687857,54.600231,44.955714,-6.005139,-11.326049,5.320911,0.595756,0.761396,-1.607689,0.108566,-2.850752,885,0.891892,3.0,13.233069
2024-04-11 14:50:00,0.416724,0.095139,0.073164,0.04229,0.088031,0.131791,0.621559,0.086855,0.154916,56.607356,42.87,54.436412,45.051071,-2.722361,-9.605312,6.882951,0.603324,0.744644,-0.790667,0.107549,-2.94176,890,0.905405,3.0,12.137781
2024-04-11 14:55:00,0.444666,0.096477,0.12766,0.078377,0.090106,0.226417,0.670855,0.087783,0.262709,61.47619,45.410714,57.071402,47.105,1.957905,-7.292668,9.250573,0.627466,0.917871,1.621614,0.223823,-2.677286,895,0.918919,3.0,12.999667
2024-04-11 15:00:00,0.216705,0.091711,0.058572,0.077589,0.090126,0.1688,0.464551,0.085287,0.21412,59.077454,45.193571,55.944007,46.639286,4.904462,-4.853242,9.757704,0.646099,0.838148,-0.184131,0.191589,-2.809476,900,0.932432,3.0,11.804428
2024-04-11 15:05:00,-0.06889,0.086257,-0.041761,-0.130973,0.091999,0.042942,0.231539,0.085952,0.089091,52.37,46.226429,52.65613,47.056429,5.029606,-2.876673,7.906278,0.617084,0.667971,-0.960621,0.073256,-2.886408,905,0.945946,3.0,12.612007
2024-04-11 15:10:00,-0.06645,0.086218,-0.039728,-0.044825,0.089168,0.022717,0.181436,0.085917,0.068453,51.44545,47.652857,52.188615,46.497143,4.757628,-1.349812,6.107441,0.610362,0.644266,-0.904627,0.060166,-2.967583,910,0.959459,3.0,12.705874
2024-04-11 15:15:00,-0.047045,0.08706,-0.017545,0.067759,0.086234,0.032695,0.164299,0.085841,0.078666,52.130353,48.165,52.517625,46.988571,4.725651,-0.13472,4.86037,0.616473,0.659116,-1.678949,0.074446,-2.946997,915,0.972973,3.0,12.273095
2024-04-11 15:20:00,-0.273718,0.058205,-0.084177,-0.041774,0.08981,-0.068791,-0.020482,0.086621,-0.028925,46.417637,48.506429,49.647223,46.779286,2.74019,0.440262,2.299928,0.615844,0.486015,-0.565594,-0.034282,-3.048827,920,0.986486,3.0,11.377411
2024-04-11 15:25:00,-0.420346,0.081246,-0.180641,-0.142556,0.097278,-0.231096,-0.156425,0.09029,-0.207132,38.600894,50.866429,45.246641,48.730357,-2.11805,-0.0714,-2.04665,0.638933,0.205473,1.597603,-0.205283,-3.309491,925,1.0,3.0,11.614986
2024-04-12 09:15:00,-0.46642,0.088779,-0.232057,-0.353819,0.102751,-0.360279,-0.319466,0.093231,-0.35951,33.212205,52.491429,41.80844,49.201786,-8.827064,-1.822533,-7.004531,0.71372,0.027013,-0.088829,-0.357022,-3.447858,555,0.0,4.0,9.722325
2024-04-12 09:20:00,-0.417065,0.101229,-0.133675,-0.326353,0.103243,-0.297436,-0.37275,0.092462,-0.315055,35.061515,52.752143,42.664297,47.713929,-13.428404,-4.143707,-9.284697,0.763914,0.120819,1.052681,-0.305503,-3.224129,560,0.013514,4.0,9.446361
2024-04-12 09:25:00,-0.533926,0.085524,-0.158449,-0.321605,0.103024,-0.363017,-0.659604,0.089183,-0.402324,31.942263,55.135,40.634654,48.486786,-18.696025,-7.054171,-11.641855,0.839853,0.050752,-0.351806,-0.397704,-3.346546,565,0.027027,4.0,9.050207
2024-04-12 09:30:00,-0.471364,0.089724,-0.136248,-0.3526,0.103238,-0.369926,-0.687928,0.089301,-0.430503,30.64825,51.837857,39.770017,46.7525,-23.410133,-10.325363,-13.08477,0.920266,0.059432,-1.320852,-0.426714,-3.399495,570,0.040541,4.0,9.728567
2024-04-12 09:35:00,-0.297879,0.077954,-0.099347,-0.309792,0.102851,-0.346284,-0.693068,0.089297,-0.425859,30.282076,49.727857,39.528258,46.809286,-27.058506,-13.671992,-13.386514,0.990166,0.093307,-0.872578,-0.420141,-3.482696,575,0.054054,4.0,8.474746
2024-04-12 09:40:00,-0.105307,0.055925,-0.049273,-0.348332,0.101631,-0.290419,-0.682878,0.089377,-0.384842,32.034209,49.957857,40.282539,45.822857,-29.164229,-16.770439,-12.39379,1.046365,0.155984,-1.270576,-0.374172,-3.427464,580,0.067568,4.0,10.188184
2024-04-12 09:45:00,-0.202509,0.04952,-0.076579,-0.330469,0.101095,-0.322034,-0.870352,0.087436,-0.432596,29.9475,49.213571,38.984288,46.041786,-31.625587,-19.741469,-11.884118,1.111486,0.132138,-0.751526,-0.425225,-3.518126,585,0.081081,4.0,9.876604
2024-04-12 09:50:00,-0.085541,0.038484,-0.042312,-0.251814,0.100611,-0.279601,-0.84955,0.087534,-0.403133,30.917416,42.709286,39.389717,44.06,-32.964651,-22.386105,-10.578545,1.160797,0.169823,-0.756405,-0.401073,-3.430117,590,0.094595,4.0,8.738436
2024-04-12 09:55:00,-0.158856,0.060093,-0.1077,-0.460809,0.100231,-0.360657,-1.100287,0.085927,-0.501491,27.231897,48.185714,37.0711,46.689643,-35.716171,-25.052118,-10.664053,1.244995,0.115186,-0.607807,-0.499997,-3.526624,595,0.108108,4.0,10.124515
2024-04-12 10:00:00,-0.215511,0.060945,-0.118122,-0.71625,0.08746,-0.389079,-1.071933,0.085504,-0.548342,25.338862,49.062857,35.799335,47.644643,-38.674244,-27.776544,-10.897701,1.326107,0.113513,-1.292709,-0.560214,-3.572056,600,0.121622,4.0,11.787446
2024-04-12 10:05:00,-0.373377,0.057397,-0.167294,-1.010721,0.076165,-0.471914,-1.178895,0.08694,-0.653874,22.168549,46.38,33.521175,47.016429,-42.86129,-30.793493,-12.067797,1.397115,0.074704,-0.942746,-0.674595,-3.639802,605,0.135135,4.0,11.599674
2024-04-12 10:10:00,-0.236603,0.08769,-0.063888,-0.919751,0.080734,-0.362621,-1.08192,0.087976,-0.560005,27.435395,47.073571,35.803315,47.619286,-44.408846,-33.516564,-10.892283,1.418871,0.163783,-1.490316,-0.597704,-3.615736,610,0.148649,4.0,10.708601
2024-04-12 10:15:00,-0.288508,0.081595,-0.068532,-0.952351,0.080207,-0.363292,-1.186043,0.087079,-0.575345,26.389976,49.368571,35.123605,48.9375,-45.791703,-35.971591,-9.820112,1.42724,0.171982,0.283658,-0.608071,-3.768291,615,0.162162,4.0,10.724654
2024-04-12 10:20:00,-0.276254,0.07944,-0.116992,-1.17523,0.070925,-0.425274,-1.380784,0.086266,-0.655099,23.715956,47.717143,33.32111,49.291786,-48.211985,-38.41967,-9.792315,1.395491,0.130401,-0.035476,-0.686358,-3.898307,620,0.175676,4.0,10.034242
2024-04-12 10:25:00,-0.277408,0.079493,-0.125091,-1.205764,0.070817,-0.448597,-1.299499,0.084599,-0.697003,22.12345,48.505714,32.190998,50.498571,-50.784889,-40.892714,-9.892175,1.358476,0.113044,-1.227502,-0.745641,-3.939297,625,0.189189,4.0,9.722209
2024-04-12 10:30:00,-0.203318,0.067486,-0.122466,-1.143882,0.06937,-0.458849,-1.261295,0.084111,-0.725765,20.87235,51.167143,31.2791,51.959643,-53.238248,-43.361821,-9.876428,1.344905,0.108362,1.54975,-0.747526,-4.18546,630,0.202703,4.0,11.280638
2024-04-12 10:35:00,-0.246155,0.050116,-0.062582,-1.097922,0.071515,-0.389499,-1.253764,0.084204,-0.670153,23.160718,50.462143,32.252338,52.798571,-54.056712,-45.500799,-8.555913,1.287875,0.155848,-0.759227,-0.698081,-4.11045,635,0.216216,4.0,11.672539
2024-04-12 10:40:00,-0.39659,0.079215,-0.168215,-1.29873,0.075566,-0.52361,-1.367894,0.087108,-0.825139,19.201965,52.905,29.394599,52.371429,-57.371729,-47.874985,-9.496744,1.2413,0.043199,1.665477,-0.819574,-4.370967,640,0.22973,4.0,11.817933
2024-04-12 10:45:00,-0.4266,0.082886,-0.203546,-1.32673,0.07668,-0.597442,-1.348332,0.086551,-0.923693,16.951732,55.213571,27.567842,52.470714,-61.687577,-50.637503,-11.050073,1.244248,-0.01191,-0.940377,-0.925197,-4.433743,645,0.243243,4.0,12.163945
2024-04-12 10:50:00,-0.430809,0.082718,-0.185657,-1.216144,0.071364,-0.608234,-1.506615,0.085247,-0.95908,15.860085,56.11,26.631753,53.033929,-65.65985,-53.641973,-12.017877,1.301319,6.1e-05,0.846366,-0.927532,-4.628603,650,0.256757,4.0,12.105855
2024-04-12 10:55:00,-0.171716,0.15483,0.010307,-0.851184,0.088155,-0.369257,-1.34109,0.090937,-0.729952,29.090946,56.945,32.981243,53.079286,-64.542515,-55.822081,-8.720434,1.302827,0.186956,0.974097,-0.650871,-4.422038,655,0.27027,4.0,12.947423
2024-04-12 11:00:00,-0.149226,0.157426,0.040995,-0.831914,0.089121,-0.28803,-1.322747,0.091223,-0.652674,32.021642,60.123571,34.478304,51.416429,-62.045316,-57.066728,-4.978588,1.258275,0.249503,0.457035,-0.565565,-4.252566,660,0.283784,4.0,13.826713
2024-04-12 11:05:00,-0.010044,0.13241,-0.006365,-0.778877,0.087951,-0.306277,-1.313356,0.091162,-0.675489,30.673577,56.295,33.707304,52.240357,-60.256851,-57.704753,-2.552099,1.234948,0.235552,-0.724913,-0.583158,-4.336369,665,0.297297,4.0,13.456997
2024-04-12 11:10:00,0.154605,0.108783,0.014032,-0.706141,0.08917,-0.252445,-1.367436,0.090152,-0.622994,32.337414,54.245,34.530778,51.653929,-57.694301,-57.702662,0.008361,1.199564,0.280008,-0.460847,-0.471759,-4.235343,670,0.310811,4.0,13.562085
2024-04-12 11:15:00,0.385024,0.101215,0.112677,-0.539531,0.098788,-0.088475,-1.176018,0.093752,-0.450598,40.96871,56.710714,38.977744,51.545357,-52.343992,-56.630928,4.286937,1.13125,0.427359,-1.1826,-0.276444,-4.189622,675,0.324324,4.0,15.975693
2024-04-12 11:20:00,0.120035,0.088108,0.033057,-0.627524,0.098295,-0.137029,-1.324584,0.092521,-0.493295,38.799296,55.322143,37.891399,51.197857,-48.648519,-55.034446,6.385928,1.040657,0.390797,0.612375,-0.303492,-4.363058,680,0.337838,4.0,16.397292
2024-04-12 11:25:00,-0.007139,0.096265,-0.028578,-0.637775,0.09851,-0.192589,-1.296822,0.092126,-0.546629,36.307185,52.283571,36.617502,50.826071,-46.514248,-53.330407,6.816159,0.961801,0.336279,1.135729,-0.337144,-4.577068,685,0.351351,4.0,16.211438
2024-04-12 11:30:00,0.117223,0.096455,0.03012,-0.577519,0.100876,-0.107629,-1.126004,0.092572,-0.454772,40.317835,52.935,38.694006,50.326071,-43.034072,-51.27114,8.237067,0.842342,0.43495,-0.793196,-0.252969,-4.501497,690,0.364865,4.0,18.26113
2024-04-12 11:35:00,0.09508,0.096736,0.023607,-0.453596,0.098831,-0.092604,-1.121536,0.092597,-0.431952,40.606956,50.766429,38.843161,49.636071,-39.725285,-48.961969,9.236684,0.751241,0.464408,-0.211816,-0.216823,-4.385759,695,0.378378,4.0,18.270563
2024-04-12 11:40:00,-0.037991,0.062038,0.030341,-0.362588,0.098667,-0.063987,-1.014787,0.092345,-0.39412,41.862368,47.805,39.47524,49.486071,-36.300505,-46.429676,10.129171,0.671125,0.519905,0.27748,-0.137092,-4.23446,700,0.391892,4.0,17.173261
2024-04-12 11:45:00,-0.065353,0.068967,-0.040044,-0.320286,0.096506,-0.139623,-1.148044,0.092384,-0.465234,38.268127,46.432143,37.803431,48.447143,-34.770315,-44.097804,9.327489,0.633275,0.403712,1.110914,-0.192509,-4.44701,705,0.405405,4.0,17.847842
2024-04-12 11:50:00,0.151071,0.085577,0.066917,-0.25166,0.100926,0.000625,-1.013294,0.095174,-0.312658,46.021485,47.433571,41.775892,50.169286,-30.74136,-41.426515,10.685155,0.557637,0.665131,0.186863,-0.010108,-4.299161,710,0.418919,4.0,16.948015
2024-04-12 11:55:00,0.197215,0.093556,0.124516,-0.093205,0.104911,0.109028,-0.786762,0.096325,-0.18558,51.613728,49.442857,44.894639,52.328214,-25.154784,-38.172169,13.017385,0.519482,0.917283,-0.478306,0.126649,-4.20033,715,0.432432,4.0,16.450793
2024-04-12 12:00:00,0.202911,0.093071,0.090298,0.024716,0.102135,0.108575,-0.761217,0.096399,-0.167786,52.10363,50.772857,45.173839,53.441429,-20.300517,-34.597838,14.297321,0.528027,0.929016,0.444509,0.139451,-4.036994,720,0.445946,4.0,16.777118
2024-04-12 12:05:00,0.203004,0.093066,0.07485,0.117414,0.100794,0.118147,-0.684113,0.096361,-0.140112,53.127921,50.884286,45.745177,53.914643,-15.883864,-30.855044,14.97118,0.561939,0.931878,-0.478416,0.169419,-3.940189,725,0.459459,4.0,16.650351
2024-04-12 12:10:00,0.057429,0.1496,-0.107286,-0.059845,0.113693,-0.106456,-0.981555,0.100644,-0.360635,42.618068,51.712857,41.000708,55.918214,-16.33402,-27.950839,11.616819,0.558531,0.517179,0.630352,-0.055129,-4.115765,730,0.472973,4.0,15.886865
2024-04-12 12:15:00,-0.06581,0.132178,-0.060109,-0.071325,0.113554,-0.080808,-0.881798,0.100348,-0.330101,43.493521,50.466429,41.458613,53.380714,-16.203014,-25.601274,9.39826,0.551592,0.554997,0.2154,-0.024389,-3.971464,735,0.486486,4.0,15.335908
2024-04-12 12:20:00,-0.247354,0.109513,-0.081406,0.056486,0.105868,-0.129168,-0.878087,0.100313,-0.376574,41.057434,53.531429,40.287622,53.888214,-16.990254,-23.87907,6.888816,0.546269,0.43686,0.711131,-0.070381,-4.147251,740,0.5,4.0,14.742532
2024-04-12 12:25:00,-0.260783,0.107807,-0.055943,0.191284,0.100657,-0.119128,-0.970184,0.099123,-0.364241,40.958391,50.709286,40.24037,53.71,-17.456494,-22.594555,5.138061,0.504253,0.407754,-1.358949,-0.061287,-4.180791,745,0.513514,4.0,15.908719
2024-04-12 12:30:00,-0.261828,0.107628,-0.023338,0.287325,0.098687,-0.088857,-1.134958,0.094721,-0.329944,42.223089,48.733571,40.846605,52.027857,-17.259883,-21.52762,4.267737,0.411514,0.403069,-1.1588,-0.035413,-4.136823,750,0.527027,4.0,15.187718
2024-04-12 12:35:00,-0.102778,0.045581,-0.066519,0.00917,0.090153,-0.149503,-1.372576,0.091064,-0.390253,38.94541,52.667143,39.336792,52.475357,-18.233367,-20.86877,2.635403,0.409236,0.214736,1.824189,-0.100679,-4.387858,755,0.540541,4.0,14.615499
2024-04-12 12:40:00,-0.324251,0.087914,-0.180799,-0.246487,0.100167,-0.320183,-1.554386,0.094429,-0.570863,31.828491,54.3,35.678771,53.6175,-22.33016,-21.161048,-1.169112,0.497075,-0.121224,-0.210528,-0.294966,-4.498857,760,0.554054,4.0,16.653854
2024-04-12 12:45:00,-0.271727,0.091434,-0.126819,-0.205371,0.099763,-0.298194,-1.557661,0.094412,-0.557512,31.546046,52.285714,35.522917,51.526071,-25.446564,-22.018151,-3.428413,0.565544,-0.044373,-1.105797,-0.28907,-4.546865,765,0.567568,4.0,16.100089
2024-04-12 12:50:00,-0.383725,0.08927,-0.161103,-0.347243,0.101981,-0.373486,-1.786907,0.092607,-0.645489,28.226291,55.55,33.64706,51.6775,-29.581335,-23.530788,-6.050547,0.678478,-0.096956,-1.131584,-0.39196,-4.591068,770,0.581081,4.0,17.589507
2024-04-12 12:55:00,-0.480143,0.071487,-0.158017,-0.577,0.094211,-0.406466,-1.822407,0.092778,-0.692784,26.261684,55.657143,32.473195,51.044643,-33.792778,-25.583186,-8.209592,0.795748,-0.067798,1.64405,-0.439581,-4.826862,775,0.594595,4.0,18.905239
2024-04-12 13:00:00,-0.505575,0.070629,-0.173361,-0.615747,0.095349,-0.459852,-1.803563,0.092461,-0.763136,23.859677,54.88,30.968369,51.156786,-38.465416,-28.159632,-10.305784,0.933954,-0.059639,1.327445,-0.505136,-5.04492,780,0.608108,4.0,18.752488
2024-04-12 13:05:00,-0.378538,0.040697,-0.167057,-0.616998,0.095381,-0.485786,-1.861828,0.092599,-0.807034,22.206286,51.359286,29.882841,50.401071,-43.016965,-31.131098,-11.885867,1.076691,-0.028234,0.696571,-0.55447,-5.220718,785,0.621622,4.0,17.333096
2024-04-12 13:10:00,-0.632064,0.078403,-0.287351,-0.952245,0.105241,-0.677513,-2.133839,0.097647,-1.027218,17.694703,54.436429,26.581528,52.604643,-50.633399,-35.031558,-15.60184,1.300602,-0.102597,1.354442,-0.771413,-5.446272,790,0.635135,4.0,17.786111
2024-04-12 13:15:00,-0.447424,0.118925,-0.144597,-0.887349,0.107964,-0.549669,-1.957977,0.098482,-0.91994,22.24942,51.951429,28.766586,51.417857,-54.807944,-38.986836,-15.821109,1.436276,0.033982,0.947255,-0.669952,-5.24667,795,0.648649,4.0,18.458786
2024-04-12 13:20:00,-0.39262,0.122988,-0.110338,-0.929716,0.106999,-0.516359,-1.795072,0.096189,-0.904045,21.865502,47.549286,28.507365,49.631071,-57.812185,-42.751905,-15.060279,1.542797,0.082744,0.847789,-0.665321,-5.436209,800,0.662162,4.0,19.42659
2024-04-12 13:25:00,-0.230431,0.136077,-0.033141,-0.779916,0.109062,-0.412724,-1.570745,0.095244,-0.811066,25.875079,47.56,30.400627,49.013214,-58.464485,-45.894421,-12.570063,1.615602,0.16293,-0.899799,-0.589279,-5.368068,805,0.675676,4.0,19.498484
2024-04-12 13:30:00,-0.010381,0.157494,0.07334,-0.777212,0.1093,-0.244419,-1.461045,0.098023,-0.642923,34.430871,47.227857,34.63885,50.379643,-55.847518,-47.885041,-7.962477,1.613192,0.274828,1.522685,-0.414729,-5.132125,810,0.689189,4.0,20.703042
2024-04-12 13:35:00,0.211099,0.075137,0.020288,-0.938519,0.102711,-0.259907,-1.400798,0.097453,-0.658815,33.194105,47.707143,33.995365,49.208214,-53.89864,-49.087761,-4.81088,1.569276,0.271261,1.302677,-0.430946,-5.356486,815,0.702703,4.0,22.0934
2024-04-12 13:40:00,-0.076105,0.134142,-0.13058,-1.16333,0.108342,-0.430257,-1.568622,0.10099,-0.839416,27.782218,52.981429,30.989047,50.8575,-55.473296,-50.364868,-5.108428,1.544714,0.165987,-0.753211,-0.629074,-5.436747,820,0.716216,4.0,21.039018
2024-04-12 13:45:00,-0.185032,0.143806,-0.173648,-1.313365,0.107728,-0.506515,-1.683919,0.101898,-0.930548,25.135063,52.204286,29.373244,52.435714,-58.303658,-51.952626,-6.351032,1.509929,0.11628,0.266489,-0.728392,-5.589723,825,0.72973,4.0,22.468507
2024-04-12 13:50:00,-0.404697,0.140094,-0.222163,-1.238174,0.102655,-0.602239,-1.865742,0.103049,-1.046325,22.3245,48.496429,27.545799,51.398214,-62.591336,-54.080368,-8.510968,1.568546,0.06892,-1.545275,-0.867274,-5.61451,830,0.743243,4.0,22.643049
2024-04-12 13:55:00,-0.639247,0.065645,-0.209927,-1.346567,0.101109,-0.628577,-1.892275,0.103269,-1.093821,20.86792,51.725714,26.552788,52.005714,-66.822408,-56.628776,-10.193632,1.610589,0.06482,-0.219672,-0.917042,-5.733423,835,0.756757,4.0,22.077305
2024-04-12 14:00:00,-0.633771,0.067455,-0.164944,-1.32226,0.101332,-0.602688,-1.941812,0.103004,-1.086914,20.293115,47.333571,26.158566,51.441786,-70.014815,-59.305984,-10.708831,1.639057,0.090044,0.204114,-0.913855,-5.883307,840,0.77027,4.0,21.758677
2024-04-12 14:05:00,-0.652569,0.073897,-0.266635,-1.55157,0.106784,-0.757107,-2.055363,0.106091,-1.268147,17.104941,51.324286,23.851134,53.490714,-75.733028,-62.591393,-13.141636,1.707466,0.015197,-0.874082,-1.114428,-5.956955,845,0.783784,4.0,23.636249
2024-04-12 14:10:00,-0.535651,0.091007,-0.186109,-1.584301,0.10541,-0.696558,-1.999348,0.106091,-1.230703,16.95504,48.949286,23.737666,51.914643,-79.559856,-65.985085,-13.574771,1.710355,0.055193,0.43502,-1.064675,-6.124676,850,0.797297,4.0,24.620279
2024-04-12 14:15:00,-0.564143,0.095875,-0.249553,-1.694294,0.108147,-0.799896,-2.05365,0.107356,-1.361699,14.817036,50.777857,22.072736,51.068571,-84.859053,-69.759879,-15.099174,1.75435,0.008177,-1.038588,-1.206025,-6.190211,855,0.810811,4.0,22.831233
2024-04-12 14:20:00,-0.488397,0.105491,-0.177497,-1.509029,0.105376,-0.739097,-2.13989,0.106179,-1.32465,14.642963,47.906429,21.93308,51.171429,-88.324589,-73.472821,-14.851768,1.814433,0.056963,-0.350212,-1.163976,-6.30596,860,0.824324,4.0,22.914691
2024-04-12 14:25:00,-0.505986,0.103231,-0.155075,-1.55405,0.104345,-0.718673,-2.155683,0.106191,-1.325594,14.050093,48.847143,21.463379,50.399286,-90.969728,-76.972202,-13.997526,1.842418,0.076203,1.157819,-1.13579,-6.525858,865,0.837838,4.0,22.774841
2024-04-12 14:30:00,-0.345898,0.07138,-0.152983,-1.514186,0.103991,-0.717546,-2.123765,0.105893,-1.344826,13.268979,53.746429,20.838572,50.647857,-93.269826,-80.231727,-13.038099,1.881302,0.085953,0.696129,-1.119575,-6.715607,870,0.851351,4.0,22.599254
2024-04-12 14:35:00,-0.384862,0.065479,-0.136293,-1.490077,0.104139,-0.695885,-2.104946,0.105825,-1.341538,12.741943,53.710714,20.412846,50.635357,-94.882497,-83.161881,-11.720616,1.910999,0.104654,1.428973,-1.082894,-6.959653,875,0.864865,4.0,22.086099
2024-04-12 14:40:00,-0.292553,0.029389,-0.154637,-1.483818,0.104062,-0.716055,-2.141231,0.10607,-1.380337,11.803192,55.329286,19.639197,51.278571,-96.688864,-85.867278,-10.821586,1.955656,0.103044,-1.623525,-1.131686,-6.989254,880,0.878378,4.0,20.629797
2024-04-12 14:45:00,-0.378151,0.023051,-0.171354,-1.508646,0.104246,-0.740359,-2.26938,0.105875,-1.423995,10.880162,56.945714,18.847133,52.326429,-98.738879,-88.441598,-10.297281,2.009271,0.100581,-0.314145,-1.164721,-7.110328,885,0.891892,4.0,21.491441
2024-04-12 14:50:00,-0.526429,0.058453,-0.250177,-1.449395,0.099301,-0.853633,-2.283229,0.106285,-1.562159,9.318841,56.137143,17.399379,54.559286,-102.674716,-91.288221,-11.386494,2.152493,0.066745,1.593577,-1.247497,-7.361193,890,0.905405,4.0,20.551752
2024-04-12 14:55:00,-0.498987,0.063231,-0.198084,-1.565197,0.093663,-0.81499,-2.194918,0.105474,-1.54611,9.000259,53.067857,17.087599,52.636071,-105.379605,-94.106498,-11.273107,2.246112,0.098908,0.613068,-1.232106,-7.547334,895,0.918919,4.0,20.181711
2024-04-12 15:00:00,-0.316799,0.123054,-0.044499,-1.415092,0.104236,-0.61967,-1.992854,0.108259,-1.36174,17.538828,54.416429,21.205691,51.456429,-104.072272,-96.099653,-7.972619,2.259807,0.190348,1.037479,-1.040125,-7.331797,900,0.932432,4.0,19.579325
2024-04-12 15:05:00,-0.077137,0.151029,0.066656,-1.33245,0.111272,-0.430848,-2.048518,0.10594,-1.171878,25.787762,55.693571,25.430662,53.709643,-99.413795,-96.762481,-2.651314,2.185512,0.276086,0.748311,-0.794572,-7.136208,905,0.945946,4.0,18.851501
2024-04-12 15:10:00,0.107378,0.146942,0.099182,-1.392652,0.105905,-0.315926,-2.018225,0.10658,-1.048381,30.073467,60.570714,27.717339,53.952143,-93.238249,-96.057635,2.819386,1.999602,0.331195,-0.701218,-0.672036,-7.040199,910,0.959459,4.0,19.594738
2024-04-12 15:15:00,0.335616,0.079433,0.081928,-1.326941,0.107835,-0.264503,-1.945428,0.106957,-0.985097,31.309068,54.599286,28.376123,52.961786,-86.934466,-94.233001,7.298535,1.76699,0.360201,-0.21006,-0.618926,-6.909841,915,0.972973,4.0,19.978512
2024-04-12 15:20:00,0.274826,0.10242,-0.016995,-1.219495,0.102525,-0.336284,-2.077518,0.106942,-1.049021,28.827993,58.169286,27.212848,53.559286,-82.826892,-91.951779,9.124887,1.587725,0.315611,-1.533042,-0.709975,-6.947743,920,0.986486,4.0,19.304351
2024-04-12 15:25:00,0.237342,0.096619,0.051433,-0.997924,0.106789,-0.219383,-2.137038,0.104982,-0.918689,33.781382,56.595,29.82776,53.686429,-77.067774,-88.974978,11.907204,1.401766,0.393969,-0.146172,-0.548194,-6.812554,925,1.0,4.0,18.35954
2024-04-15 09:15:00,0.044549,0.086034,0.00225,-0.887389,0.10364,-0.241914,-2.122369,0.104945,-0.928739,32.53648,56.592143,29.271059,52.249286,-72.492651,-85.678513,13.185862,1.247471,0.378168,0.289043,-0.529069,-6.976815,555,0.0,0.0,17.890125
2024-04-15 09:20:00,-0.086581,0.077733,-0.031201,-0.844176,0.103032,-0.263213,-2.096069,0.104841,-0.939361,31.269984,57.952857,28.704073,53.4,-68.914048,-82.32562,13.411572,1.098384,0.355665,0.05291,-0.522617,-7.123829,560,0.013514,0.0,18.85715
2024-04-15 09:25:00,-0.180122,0.076648,-0.067414,-0.876457,0.103206,-0.301324,-2.236647,0.103556,-0.969442,29.507655,56.78,27.905432,55.263214,-66.510367,-79.162569,12.652203,0.926454,0.301065,-1.615522,-0.549983,-7.157291,565,0.027027,0.0,18.983071
2024-04-15 09:30:00,-0.106129,0.065815,-0.06714,-0.676173,0.092911,-0.302746,-2.274359,0.103315,-0.963472,28.679492,57.888571,27.527538,55.799643,-64.433177,-76.216691,11.783514,0.836449,0.280472,-0.6565,-0.529959,-7.255088,570,0.040541,0.0,19.216155
2024-04-15 09:35:00,-0.283027,0.019698,-0.100154,-0.746474,0.093392,-0.348974,-2.376927,0.102974,-1.005146,26.668356,55.068571,26.595647,55.198929,-63.478647,-73.669082,10.190435,0.734367,0.187996,-1.667826,-0.568442,-7.278371,575,0.054054,0.0,18.887991
2024-04-15 09:40:00,-0.284479,0.019548,-0.099779,-0.608634,0.086511,-0.360495,-2.336984,0.102794,-1.013218,25.521139,54.530714,26.051255,55.738214,-62.844999,-71.504265,8.659266,0.70449,0.14791,0.75426,-0.573169,-7.470067,580,0.067568,0.0,18.630111
2024-04-15 09:45:00,-0.379366,0.042602,-0.162658,-0.735535,0.090061,-0.456336,-2.614605,0.100029,-1.111085,22.488009,52.924286,24.534949,54.530714,-64.071002,-70.017613,5.946611,0.708577,-0.001099,-1.430762,-0.640843,-7.505615,585,0.081081,0.0,18.846654
2024-04-15 09:50:00,-0.385893,0.042469,-0.159453,-0.756811,0.090415,-0.481978,-2.805591,0.096912,-1.140685,21.060448,53.58,23.774933,53.323929,-65.592901,-69.13267,3.539769,0.737707,-0.033323,-0.269134,-0.625079,-7.624026,590,0.094595,0.0,17.003229
2024-04-15 09:55:00,-0.177258,0.123199,0.010903,-0.508092,0.10174,-0.277605,-2.645129,0.101952,-0.92905,31.791939,51.897143,29.022396,53.156786,-63.065467,-67.91923,4.853762,0.708516,0.228151,-1.285179,-0.422486,-7.581441,595,0.108108,0.0,18.615287
2024-04-15 10:00:00,-0.141208,0.120742,-0.024063,-0.503705,0.101685,-0.293652,-2.712277,0.101374,-0.937701,30.594615,49.746429,28.478914,52.72,-61.161119,-66.567608,5.406488,0.693129,0.19081,-0.004242,-0.413425,-7.716961,600,0.121622,0.0,17.827644
2024-04-15 10:05:00,-0.154481,0.121472,-0.057898,-0.471,0.100749,-0.322424,-2.543824,0.097981,-0.961052,29.022768,46.853571,27.759061,53.712143,-60.033085,-65.260703,5.227618,0.709836,0.142999,-1.371583,-0.466183,-7.749877,605,0.135135,0.0,17.25933
2024-04-15 10:10:00,0.000472,0.103825,-0.031398,-0.35827,0.099259,-0.282047,-2.550014,0.097894,-0.913413,29.692553,48.820714,28.083644,51.71,-58.282481,-63.865059,5.582578,0.732715,0.193291,-0.981931,-0.42348,-7.690956,610,0.148649,0.0,18.597827
2024-04-15 10:15:00,0.104822,0.094662,-0.002395,-0.127023,0.089456,-0.230146,-2.462447,0.098522,-0.851409,31.483472,48.090714,28.935313,53.13,-55.77688,-62.247423,6.470543,0.751536,0.246328,-1.25239,-0.359978,-7.655964,615,0.162162,0.0,18.82026
2024-04-15 10:20:00,-0.21588,0.068354,-0.098203,-0.225012,0.094344,-0.339093,-2.601299,0.099181,-0.95637,27.547265,49.679286,27.195606,53.137143,-55.625576,-60.923053,5.297478,0.804473,0.097243,1.743315,-0.458092,-7.921174,620,0.175676,0.0,18.862344
2024-04-15 10:25:00,-0.227357,0.068706,-0.104474,-0.41443,0.088598,-0.359669,-2.678653,0.098612,-0.974906,26.128815,51.652143,26.528688,54.122143,-55.859904,-59.910424,4.05052,0.873188,0.08583,1.144627,-0.4602,-8.144529,625,0.189189,0.0,18.279025
2024-04-15 10:30:00,-0.115946,0.079038,-0.037143,-0.509656,0.081497,-0.281487,-2.556669,0.099623,-0.890549,29.395179,50.415714,28.055121,54.184286,-54.583666,-58.845072,4.261406,0.895258,0.178814,-1.271149,-0.399595,-8.107721,630,0.202703,0.0,16.717855
2024-04-15 10:35:00,-0.139167,0.077201,-0.033055,-0.603669,0.077571,-0.265972,-2.369063,0.097286,-0.867775,29.042737,51.815,27.901919,54.2975,-53.171529,-57.710363,4.538835,0.885244,0.195281,0.781704,-0.377784,-8.300851,635,0.216216,0.0,16.9028
2024-04-15 10:40:00,-0.193043,0.071001,-0.039473,-0.653243,0.07654,-0.264313,-2.385491,0.097178,-0.858953,28.275076,53.905,27.57359,55.896786,-51.90035,-56.548361,4.648011,0.854835,0.192178,0.596193,-0.359569,-8.482175,640,0.22973,0.0,18.098062
2024-04-15 10:45:00,0.06203,0.067173,0.047214,-0.436748,0.080736,-0.13958,-2.165468,0.099226,-0.720364,35.965026,54.548571,31.119714,54.808571,-48.451872,-54.929063,6.477191,0.821177,0.340227,-0.106019,-0.220319,-8.351564,645,0.243243,0.0,17.198407
2024-04-15 10:50:00,0.019159,0.079981,-0.036097,-0.631194,0.077727,-0.217863,-2.190381,0.099459,-0.788997,32.514932,53.595,29.73235,54.062857,-46.908229,-53.324896,6.416667,0.753393,0.23354,0.584099,-0.280307,-8.531254,650,0.256757,0.0,18.561162
2024-04-15 10:55:00,-0.058348,0.076526,-0.043207,-0.611983,0.077632,-0.223086,-2.118662,0.099131,-0.785674,31.590953,54.396429,29.348205,53.660357,-45.648472,-51.789611,6.141139,0.686684,0.210572,-0.4935,-0.298235,-8.630741,655,0.27027,0.0,17.434019
2024-04-15 11:00:00,-0.131417,0.083389,-0.085842,-0.648272,0.078511,-0.27914,-2.126879,0.099197,-0.836687,28.951886,53.945714,28.221901,53.762857,-45.583551,-50.548399,4.964848,0.639387,0.1064,-0.441853,-0.365367,-8.732499,660,0.283784,0.0,16.700008
2024-04-15 11:05:00,0.000473,0.102215,0.013296,-0.473504,0.083765,-0.157055,-1.764115,0.096129,-0.703203,36.065363,52.837857,31.589087,52.3675,-43.229513,-49.084622,5.855109,0.571205,0.285843,1.066959,-0.24135,-8.523276,665,0.297297,0.0,17.2059
2024-04-15 11:10:00,-0.330084,0.118797,-0.138295,-0.659962,0.094653,-0.341466,-2.050153,0.098356,-0.886373,29.444534,57.51,28.67948,53.628214,-44.612309,-48.19016,3.57785,0.566527,-0.046527,1.988352,-0.426091,-8.804736,670,0.310811,0.0,17.205965
2024-04-15 11:15:00,-0.327297,0.118596,-0.157904,-0.67531,0.095144,-0.397935,-2.126238,0.098638,-0.945786,27.060449,59.062857,27.508528,52.958214,-46.844958,-47.921119,1.076161,0.617167,-0.106153,-0.330785,-0.497486,-8.913587,675,0.324324,0.0,17.896853
2024-04-15 11:20:00,-0.383171,0.116887,-0.161811,-0.710351,0.095774,-0.436611,-2.268511,0.097659,-0.989752,25.173818,59.419286,26.542608,54.12,-49.485068,-48.233909,-1.251159,0.694817,-0.1089,-1.401639,-0.556976,-8.941682,680,0.337838,0.0,17.155115
2024-04-15 11:25:00,-0.269003,0.125614,-0.088631,-0.538207,0.093236,-0.369075,-2.380027,0.094428,-0.923728,27.044681,57.757143,27.444977,52.923929,-50.502988,-48.687725,-1.815263,0.764252,0.019301,0.03074,-0.496062,-8.809168,685,0.351351,0.0,16.123353
2024-04-15 11:30:00,-0.35055,0.102879,-0.043094,-0.438192,0.093135,-0.312372,-2.314693,0.094976,-0.864939,28.638566,56.515714,28.20367,53.0975,-50.321324,-49.014445,-1.30688,0.817296,0.106533,-0.655552,-0.441925,-8.728913,690,0.364865,0.0,14.256291
2024-04-15 11:35:00,-0.030956,0.08367,0.037531,-0.514367,0.085851,-0.192968,-2.005896,0.093979,-0.736523,34.973058,54.324286,31.288666,52.988214,-47.934308,-48.798417,0.864109,0.791367,0.251429,1.200939,-0.318307,-8.511491,695,0.378378,0.0,13.052579
2024-04-15 11:40:00,-0.114598,0.110713,-0.096468,-0.648842,0.092656,-0.339146,-2.057174,0.095274,-0.881622,29.75877,56.853571,28.926101,53.634643,-48.581126,-48.754959,0.173833,0.816765,0.076341,-0.28943,-0.464255,-8.619698,700,0.391892,0.0,11.976472
2024-04-15 11:45:00,0.009214,0.107209,-0.038279,-0.547567,0.093698,-0.27167,-1.862346,0.094391,-0.810082,32.095525,54.019286,30.099219,52.917143,-47.877737,-48.579515,0.701777,0.827619,0.162043,0.705667,-0.379615,-8.436869,705,0.405405,0.0,10.549506
2024-04-15 11:50:00,-0.07929,0.108914,-0.065226,-0.61754,0.093508,-0.299623,-1.82988,0.094113,-0.835351,30.434161,50.245714,29.334156,52.075357,-47.781376,-48.419887,0.638511,0.836632,0.1316,0.498859,-0.397152,-8.606003,710,0.418919,0.0,10.857967
2024-04-15 11:55:00,-0.197656,0.11095,-0.106475,-0.739029,0.093463,-0.356432,-1.885955,0.094465,-0.892918,27.962966,49.328571,28.157501,51.938571,-48.747231,-48.485356,-0.261875,0.846653,0.068364,0.818171,-0.46242,-8.799254,715,0.432432,0.0,10.194082
2024-04-15 12:00:00,-0.276367,0.089841,-0.057348,-0.574673,0.090697,-0.304103,-1.634819,0.090422,-0.838669,29.303231,48.464286,28.799617,51.029643,-48.604613,-48.509207,-0.095406,0.87098,0.136831,0.22245,-0.412065,-8.647494,720,0.445946,0.0,8.205787
2024-04-15 12:05:00,-0.211929,0.069386,-0.116653,-0.63348,0.092659,-0.381367,-1.738404,0.091155,-0.918161,26.281744,47.256429,27.345311,50.826429,-49.911741,-48.789714,-1.122027,0.930792,0.068188,-1.305219,-0.521314,-8.685794,725,0.459459,0.0,10.68927
2024-04-15 12:10:00,-0.477164,0.090109,-0.229057,-0.907225,0.100235,-0.549785,-1.776504,0.092634,-1.098557,21.650432,51.680714,24.839473,52.813214,-54.16739,-49.865249,-4.302141,1.047613,-0.056117,1.03893,-0.68677,-8.897715,730,0.472973,0.0,9.854416
2024-04-15 12:15:00,-0.48201,0.089647,-0.195742,-0.958741,0.100006,-0.555711,-1.823579,0.092678,-1.117196,20.545553,52.527857,24.188102,52.682857,-57.96122,-51.484443,-6.476776,1.152526,-0.019586,-0.426067,-0.728421,-9.002574,735,0.486486,0.0,8.598907
2024-04-15 12:20:00,-0.558137,0.095524,-0.244495,-1.102126,0.103509,-0.656993,-1.937383,0.094573,-1.236359,17.932746,48.270714,22.561518,52.890357,-63.128109,-53.813177,-9.314933,1.296367,-0.050618,1.42509,-0.838327,-9.243767,740,0.5,0.0,9.838695
2024-04-15 12:25:00,-0.667772,0.065269,-0.222948,-1.299831,0.096052,-0.675593,-1.95253,0.094716,-1.273723,16.731037,46.972857,21.76547,53.017857,-67.954155,-56.641372,-11.312783,1.393098,-0.029826,0.019453,-0.892653,-9.380512,745,0.513514,0.0,11.004129
2024-04-15 12:30:00,-0.543254,0.091738,-0.143672,-1.192223,0.096989,-0.604795,-1.894645,0.09493,-1.217158,17.236985,48.807143,22.007212,54.113214,-70.834001,-59.479898,-11.354103,1.465764,0.04218,-1.482813,-0.86356,-9.358066,750,0.527027,0.0,9.852788
2024-04-15 12:35:00,-0.314641,0.073552,-0.094137,-1.161341,0.097767,-0.545227,-1.798262,0.094734,-1.167574,17.417112,47.270714,22.09043,52.513929,-72.240787,-62.032076,-10.208711,1.503586,0.093947,-0.454053,-0.837191,-9.258381,755,0.540541,0.0,8.378806
2024-04-15 12:40:00,-0.126482,0.111316,0.019972,-0.953847,0.10563,-0.381682,-1.575562,0.096901,-1.004249,25.918618,47.447143,26.094452,51.981429,-70.449627,-63.715586,-6.734041,1.495664,0.206235,0.352522,-0.681077,-9.100001,760,0.554054,0.0,7.378739
2024-04-15 12:45:00,-0.000526,0.079964,-0.016684,-1.103114,0.099269,-0.386035,-1.41894,0.093695,-1.00807,24.91692,46.017857,25.599701,50.171071,-68.994107,-64.77129,-4.222817,1.433515,0.200805,-1.045381,-0.711987,-9.155264,765,0.567568,0.0,8.508225
2024-04-15 12:50:00,-0.081813,0.106563,-0.125174,-1.053975,0.095474,-0.503644,-1.54145,0.095811,-1.131687,21.514907,46.445714,23.820327,51.649643,-69.919337,-65.8009,-4.118437,1.460956,0.125928,-0.061993,-0.828286,-9.278787,770,0.581081,0.0,8.196964
2024-04-15 12:55:00,-0.186015,0.110829,-0.147934,-1.052167,0.095429,-0.543023,-1.76593,0.09331,-1.179716,19.866051,46.5,22.889007,50.259643,-71.457231,-66.932166,-4.525065,1.51439,0.110309,1.183491,-0.854879,-9.489477,775,0.594595,0.0,7.388266
2024-04-15 13:00:00,-0.299981,0.112352,-0.173092,-1.078801,0.09609,-0.592139,-2.017268,0.090198,-1.240081,18.139007,50.231429,21.86623,50.238571,-73.7049,-68.286713,-5.418187,1.593099,0.093663,0.866513,-0.919391,-9.677693,780,0.608108,0.0,7.359894
2024-04-15 13:05:00,-0.562454,0.047307,-0.208368,-1.245282,0.095796,-0.66156,-2.234133,0.089478,-1.324415,16.242738,50.167857,20.671722,49.748214,-76.941736,-70.017717,-6.924019,1.677284,0.068525,-0.307324,-1.004668,-9.784066,785,0.621622,0.0,8.564085
2024-04-15 13:10:00,-0.499621,0.07194,-0.126902,-1.251059,0.095526,-0.582577,-2.239571,0.089394,-1.255891,17.452829,50.960714,21.252607,49.7125,-78.299352,-71.674044,-6.625307,1.706685,0.123146,0.131767,-0.928362,-9.646889,790,0.635135,0.0,7.174535
2024-04-15 13:15:00,-0.4128,0.060046,-0.140549,-1.431911,0.087596,-0.602926,-2.216621,0.089122,-1.286895,16.283262,51.717857,20.532813,49.487143,-79.862733,-73.311782,-6.550951,1.68597,0.111573,1.63363,-0.93049,-9.894425,795,0.648649,0.0,6.790733
2024-04-15 13:20:00,-0.525371,0.083347,-0.233517,-1.459085,0.089609,-0.734578,-2.513401,0.089808,-1.436071,13.797126,49.16,18.877334,50.420357,-83.653157,-75.380057,-8.2731,1.753741,0.049363,-0.260574,-1.076047,-10.007738,800,0.662162,0.0,5.407258
2024-04-15 13:25:00,-0.369587,0.1065,-0.125969,-1.453481,0.089993,-0.624805,-2.42287,0.090821,-1.338071,16.716926,48.672857,20.29824,50.600357,-84.928468,-77.289739,-7.638729,1.738991,0.1129,0.439755,-0.974931,-9.844968,805,0.675676,0.0,7.579413
2024-04-15 13:30:00,-0.26188,0.100714,-0.104954,-1.425741,0.090436,-0.59392,-2.405664,0.090856,-1.316088,16.299647,49.995,20.042731,49.132857,-85.479911,-78.927773,-6.552137,1.705357,0.128806,-1.507562,-0.982881,-9.865047,810,0.689189,0.0,9.397733
2024-04-15 13:35:00,-0.266351,0.099946,-0.060871,-1.319029,0.092221,-0.525334,-2.32402,0.091225,-1.252136,17.268364,47.996429,20.494804,47.484643,-84.71127,-80.084473,-4.626798,1.65451,0.165543,-1.416077,-0.916787,-9.838777,815,0.702703,0.0,10.348895
2024-04-15 13:40:00,-0.192197,0.099782,-0.046982,-1.348717,0.090967,-0.484181,-2.300871,0.091359,-1.212733,17.118856,44.845,20.410947,46.826071,-83.302435,-80.728065,-2.57437,1.547692,0.179998,-0.565495,-0.852177,-9.926503,820,0.716216,0.0,10.215493
2024-04-15 13:45:00,0.058479,0.032676,-0.003988,-1.192056,0.093285,-0.401304,-2.179533,0.092028,-1.126759,20.296821,47.544286,21.829393,47.4075,-80.570471,-80.696546,0.126075,1.428883,0.223814,0.140451,-0.762554,-9.785351,825,0.72973,0.0,10.87462
2024-04-15 13:50:00,-0.00106,0.028135,-0.012488,-0.982047,0.084999,-0.37652,-2.145529,0.092117,-1.097069,19.999862,46.463571,21.685278,46.955357,-77.755964,-80.10843,2.352466,1.364489,0.236081,-0.157914,-0.749507,-9.903921,830,0.743243,0.0,8.772606
2024-04-15 13:55:00,0.130103,0.046734,0.058119,-0.819433,0.091162,-0.250859,-1.906558,0.09312,-0.95968,27.702123,47.799286,25.150197,46.908571,-73.014273,-78.689599,5.675325,1.274619,0.327668,-1.522268,-0.621998,-9.882501,835,0.756757,0.0,9.049033
2024-04-15 14:00:00,0.139676,0.046297,0.054242,-0.626556,0.086848,-0.206027,-1.808677,0.093357,-0.90025,29.410712,44.937857,25.943418,45.691786,-68.081903,-76.568059,8.486156,1.218059,0.364502,-0.480794,-0.568216,-9.787734,840,0.77027,0.0,7.712868
2024-04-15 14:05:00,0.170057,0.041933,0.049986,-0.516631,0.086452,-0.167705,-1.960944,0.088603,-0.845486,30.978231,43.754286,26.662624,45.127143,-63.09783,-73.874014,10.776183,1.171608,0.39891,0.171505,-0.475021,-9.644763,845,0.783784,0.0,6.388095
2024-04-15 14:10:00,0.152112,0.041948,0.048718,-0.501226,0.086836,-0.130888,-1.892201,0.089036,-0.790581,32.768811,41.956429,27.476072,46.093929,-58.090961,-70.717403,12.626442,1.109128,0.436688,-0.371166,-0.416837,-9.540453,850,0.797297,0.0,5.683369
2024-04-15 14:15:00,0.013108,0.093511,-0.06994,-0.656493,0.091129,-0.257206,-1.981281,0.090462,-0.906243,27.636023,43.143571,25.524264,46.655714,-56.051721,-67.784267,11.732545,1.046335,0.317721,-1.330604,-0.520075,-9.577733,855,0.810811,0.0,5.333152
2024-04-15 14:20:00,-0.116695,0.076262,-0.066775,-0.809714,0.083325,-0.260045,-2.02149,0.090177,-0.899797,26.749414,42.85,25.160073,46.905357,-54.315432,-65.0905,10.775068,0.901033,0.299979,0.495225,-0.485007,-9.744694,860,0.824324,0.0,5.907372
2024-04-15 14:25:00,-0.178467,0.071698,-0.070262,-0.803382,0.08332,-0.270194,-2.086551,0.089633,-0.901601,25.618673,41.510714,24.693291,46.614286,-52.975086,-62.667417,9.692331,0.729793,0.255508,-0.955267,-0.467509,-9.812377,865,0.837838,0.0,6.60805
2024-04-15 14:30:00,-0.19277,0.069117,-0.042578,-0.627105,0.077943,-0.238735,-1.938238,0.088643,-0.860441,26.176688,39.483571,24.933099,44.321786,-51.215156,-60.376965,9.161809,0.603683,0.267142,-0.556152,-0.408775,-9.719368,870,0.851351,0.0,6.870723
2024-04-15 14:35:00,-0.357114,0.071586,-0.122822,-0.671785,0.080527,-0.343933,-2.019793,0.089786,-0.961954,22.213566,42.346429,23.238434,45.509643,-51.595551,-58.620682,7.025131,0.531727,0.032959,-1.442149,-0.535596,-9.749834,875,0.864865,0.0,5.926386
2024-04-15 14:40:00,-0.060855,0.102845,0.013566,-0.418222,0.087422,-0.181963,-1.92722,0.09266,-0.788082,33.220293,40.626429,28.344185,45.310714,-48.937164,-56.683978,7.746814,0.449025,0.312066,1.556171,-0.327968,-9.516256,880,0.878378,0.0,6.602373
2024-04-15 14:45:00,-0.0321,0.102384,0.008079,-0.280678,0.082909,-0.165968,-1.916441,0.092737,-0.758791,33.169221,41.492143,28.324443,44.744286,-46.320626,-54.611308,8.290682,0.415205,0.327119,-1.541969,-0.307562,-9.538299,885,0.891892,0.0,6.481426
2024-04-15 14:50:00,-0.119191,0.115769,-0.078446,-0.424114,0.086146,-0.263767,-2.0141,0.093528,-0.849175,28.997234,42.716429,26.651598,43.780714,-45.82242,-52.85353,7.031111,0.39243,0.05109,-0.232999,-0.382315,-9.647633,890,0.905405,0.0,7.661655
2024-04-15 14:55:00,-0.297572,0.130709,-0.167142,-0.512125,0.091617,-0.394193,-2.290651,0.092751,-0.980301,24.463351,42.363571,24.590852,44.953929,-47.755364,-51.833897,4.078533,0.471326,-0.184218,0.329552,-0.510347,-9.79518,895,0.918919,0.0,6.744524
2024-04-15 15:00:00,-0.192209,0.122397,-0.135529,-0.339113,0.080862,-0.38932,-2.226852,0.09242,-0.976567,23.631167,44.667857,24.185267,45.565714,-49.320658,-51.331249,2.010591,0.57035,-0.098848,-0.088721,-0.523935,-9.913364,900,0.932432,0.0,3.981299
2024-04-15 15:05:00,-0.35224,0.074464,-0.10187,-0.400884,0.079548,-0.367905,-2.215617,0.092475,-0.955027,23.225137,42.690714,23.989457,45.245,-50.268958,-51.118791,0.849833,0.65234,-0.019255,-0.755236,-0.513713,-9.986192,905,0.945946,0.0,3.50459
2024-04-15 15:10:00,-0.426783,0.063878,-0.118766,-0.44555,0.080511,-0.401772,-2.206528,0.092401,-0.990536,21.466693,44.131429,23.129742,44.534643,-51.696271,-51.234287,-0.461984,0.74931,-0.023851,-0.028976,-0.535619,-10.108239,910,0.959459,0.0,5.655853
2024-04-15 15:15:00,-0.30007,0.068964,-0.078273,-0.45778,0.080269,-0.362381,-2.308588,0.090082,-0.950725,21.584345,45.719286,23.182275,44.736786,-52.20227,-51.427884,-0.774387,0.823403,0.052699,-0.149327,-0.505304,-9.996045,915,0.972973,0.0,6.124841
2024-04-15 15:20:00,-0.195604,0.032865,-0.097256,-0.515521,0.080808,-0.388961,-2.158816,0.086585,-0.978157,20.028834,44.472857,22.417485,43.214643,-53.117429,-51.765793,-1.351636,0.906425,0.047716,1.732974,-0.515321,-10.227854,920,0.986486,0.0,5.930512
2024-04-15 15:25:00,-0.113245,0.050674,-0.033929,-0.510154,0.081052,-0.310186,-2.016879,0.087133,-0.895965,24.072703,43.996429,24.197181,43.57,-52.464891,-51.905612,-0.559278,0.950922,0.144265,0.504101,-0.416915,-10.073598,925,1.0,0.0,6.814148
2024-04-16 09:15:00,-0.170114,0.05533,-0.072059,-0.569262,0.081721,-0.347647,-2.006479,0.087037,-0.931783,22.145434,44.239286,23.310952,43.544643,-52.577063,-52.039902,-0.53716,1.00657,0.118733,0.601143,-0.442625,-10.236028,555,0.0,1.0,7.31733
2024-04-16 09:20:00,-0.102263,0.0505,-0.053607,-0.67658,0.076183,-0.322163,-2.043027,0.086588,-0.90351,21.932986,42.842143,23.211905,42.176429,-52.202986,-52.072519,-0.130467,1.02707,0.151171,1.429684,-0.41224,-10.454198,560,0.013514,1.0,7.778672
2024-04-16 09:25:00,-0.014719,0.07102,0.023586,-0.611254,0.0801,-0.211229,-1.979356,0.088063,-0.783555,29.690914,44.666429,26.663156,42.075,-49.849587,-51.627933,1.778346,1.000648,0.261196,1.827061,-0.285583,-10.203453,565,0.027027,1.0,7.265126
2024-04-16 09:30:00,0.294297,0.118892,0.176446,-0.392132,0.100198,0.026709,-1.840487,0.094679,-0.522957,45.506975,46.454286,34.893127,44.400357,-43.463424,-49.995031,6.531607,0.929221,0.523044,1.898483,-0.016605,-9.944556,570,0.040541,1.0,7.341297
2024-04-16 09:35:00,0.149211,0.13865,0.051961,-0.513036,0.101149,-0.064811,-1.758094,0.092783,-0.596555,41.409364,45.927857,33.309687,43.277143,-39.588072,-47.913639,8.325567,0.83414,0.438659,-1.561547,-0.108201,-9.965227,575,0.054054,1.0,7.542489
2024-04-16 09:40:00,0.177335,0.133871,0.003902,-0.405991,0.096759,-0.100317,-1.841746,0.092167,-0.617329,39.610587,46.016429,32.591417,43.754286,-36.86091,-45.703093,8.842183,0.784908,0.402051,-0.591347,-0.139156,-10.051289,580,0.067568,1.0,6.899827
2024-04-16 09:45:00,0.104548,0.143423,-0.051406,-0.456577,0.097695,-0.163992,-1.862801,0.092323,-0.670635,36.602843,46.907143,31.359605,44.811786,-35.639562,-43.690387,8.050825,0.74338,0.318478,1.670241,-0.204163,-10.298209,585,0.081081,1.0,5.781097
2024-04-16 09:50:00,0.089395,0.141776,0.014961,-0.344554,0.099951,-0.08164,-1.69743,0.09327,-0.573956,41.00088,46.633571,33.727529,44.498571,-33.059194,-41.564148,8.504954,0.694838,0.436844,-0.822601,-0.126288,-10.230481,590,0.094595,1.0,5.92012
2024-04-16 09:55:00,-0.260244,0.074341,-0.062663,-0.459472,0.101826,-0.172354,-1.824617,0.093517,-0.655662,36.930965,45.163571,32.03688,44.915714,-32.456465,-39.742612,7.286147,0.643222,0.29831,-0.800506,-0.224973,-10.297781,595,0.108108,1.0,6.88857
2024-04-16 10:00:00,-0.207259,0.069736,-0.071942,-0.363415,0.09813,-0.19684,-1.753496,0.092798,-0.673315,35.362443,45.755,31.360459,44.222857,-32.359438,-38.265977,5.906539,0.635548,0.253386,0.209278,-0.248557,-10.438785,600,0.121622,1.0,7.535874
2024-04-16 10:05:00,-0.162652,0.071828,-0.048909,-0.507436,0.090644,-0.179396,-1.531546,0.088691,-0.648423,35.312294,43.100714,31.339153,43.616071,-31.937786,-37.000339,5.062553,0.557158,0.261807,1.295715,-0.226263,-10.656263,605,0.135135,1.0,8.029852
2024-04-16 10:10:00,-0.172468,0.073597,-0.093161,-0.596348,0.091599,-0.244388,-1.557553,0.088973,-0.709884,32.140346,44.582143,29.974462,45.150714,-32.738396,-36.14795,3.409554,0.467932,0.086414,-0.980896,-0.309901,-10.712175,610,0.148649,1.0,8.534167
2024-04-16 10:15:00,-0.334085,0.043434,-0.120878,-0.558963,0.0899,-0.300749,-1.475945,0.087073,-0.766357,29.384305,45.229286,28.717081,44.851071,-34.442027,-35.806766,1.364738,0.454979,-0.057242,-1.301011,-0.383142,-10.742137,615,0.162162,1.0,11.11817
2024-04-16 10:20:00,-0.267026,0.037123,-0.108411,-0.428976,0.083382,-0.309823,-1.428538,0.086661,-0.776308,28.155125,42.893571,28.138389,43.445,-36.069521,-35.859317,-0.210204,0.507423,-0.03941,-1.340539,-0.402749,-10.765292,620,0.175676,1.0,11.378053
2024-04-16 10:25:00,-0.416639,0.072517,-0.20246,-0.58746,0.091995,-0.456584,-1.628422,0.08962,-0.932293,23.253893,45.260714,25.63221,44.75,-40.139614,-36.715376,-3.424238,0.644821,-0.180933,1.678482,-0.544257,-11.009978,625,0.189189,1.0,12.420091
2024-04-16 10:30:00,-0.547143,0.057601,-0.223346,-0.702036,0.094758,-0.53269,-1.761211,0.090563,-1.022232,20.633987,49.803571,24.123134,46.322857,-45.042398,-38.380781,-6.661618,0.809499,-0.162129,-0.748771,-0.659777,-11.078405,630,0.202703,1.0,14.377191
2024-04-16 10:35:00,-0.490311,0.06714,-0.171473,-0.659768,0.094264,-0.512578,-1.916169,0.087584,-1.014629,20.016565,48.014286,23.754427,46.340357,-48.92233,-40.48909,-8.433239,0.950643,-0.064553,0.5555,-0.645518,-11.241644,635,0.216216,1.0,14.430254
2024-04-16 10:40:00,-0.382342,0.086058,-0.100872,-0.641021,0.09472,-0.445719,-1.852127,0.087973,-0.955929,21.536547,41.811429,24.474084,44.132857,-51.072791,-42.605831,-8.46696,1.048108,0.037657,0.639307,-0.590884,-11.070217,640,0.22973,1.0,14.694785
2024-04-16 10:45:00,-0.351565,0.090194,-0.07448,-0.584572,0.094451,-0.413193,-1.694655,0.085899,-0.929088,21.303876,39.522857,24.346907,42.725357,-52.352693,-44.555203,-7.79749,1.133452,0.088662,0.628634,-0.565081,-11.242026,645,0.243243,1.0,15.738831
2024-04-16 10:50:00,-0.317314,0.078928,-0.15695,-0.790561,0.097047,-0.519082,-1.757824,0.087321,-1.046235,18.161894,40.986429,22.540743,43.501429,-55.39213,-46.722588,-8.669542,1.251746,0.031054,0.608735,-0.693072,-11.411099,650,0.256757,1.0,17.426494
2024-04-16 10:55:00,-0.220919,0.069038,-0.128598,-0.75257,0.096707,-0.502204,-1.683307,0.086626,-1.039759,17.541541,41.080714,22.16113,43.993929,-57.728531,-48.923777,-8.804754,1.362509,0.070489,-0.21757,-0.677726,-11.519325,655,0.27027,1.0,17.7396
2024-04-16 11:00:00,-0.102698,0.090515,-0.029326,-0.660201,0.100365,-0.378255,-1.462672,0.086855,-0.918772,24.129458,40.628571,25.243116,43.631071,-57.517123,-50.642446,-6.874677,1.424459,0.171401,-1.2257,-0.585438,-11.485784,660,0.283784,1.0,18.102617
2024-04-16 11:05:00,-0.060719,0.096972,0.021973,-0.686733,0.098819,-0.286157,-1.419192,0.08757,-0.823705,28.647969,41.94,27.436125,43.551786,-55.677336,-51.649424,-4.027912,1.442962,0.242367,-0.162129,-0.496408,-11.375781,665,0.297297,1.0,18.193457
2024-04-16 11:10:00,-0.047226,0.097204,0.016435,-0.923102,0.075422,-0.256554,-1.333786,0.087309,-0.789102,28.844526,43.012143,27.531078,44.383571,-53.557532,-52.031046,-1.526487,1.37805,0.265742,0.633576,-0.461714,-11.211114,670,0.310811,1.0,16.987858
2024-04-16 11:15:00,0.040321,0.065994,-0.038013,-0.898429,0.074721,-0.298482,-1.19914,0.083532,-0.828433,26.67746,44.024286,26.544749,43.5625,-52.487743,-52.122385,-0.365358,1.334889,0.237039,-0.883367,-0.517597,-11.267387,675,0.324324,1.0,18.105526
2024-04-16 11:20:00,0.147768,0.06558,0.022294,-0.781862,0.079133,-0.205616,-1.172774,0.084065,-0.728048,32.027297,42.511429,29.106927,43.546786,-49.882777,-51.674464,1.791686,1.267864,0.310238,-0.307327,-0.429924,-11.171521,680,0.337838,1.0,17.853027
2024-04-16 11:25:00,0.020102,0.063536,-0.013718,-0.744002,0.078531,-0.224785,-1.184085,0.084103,-0.740601,30.58534,43.490714,28.488621,44.36,-47.974581,-50.934487,2.959906,1.212964,0.297134,-0.959212,-0.458185,-11.22261,685,0.351351,1.0,16.134274
2024-04-16 11:30:00,-0.140334,0.067178,-0.074629,-0.91468,0.075057,-0.292113,-1.294632,0.084572,-0.80547,27.528618,45.980714,27.120412,44.437143,-47.538649,-50.255319,2.71667,1.121229,0.234073,-0.79109,-0.538627,-11.286872,690,0.364865,1.0,15.990138
2024-04-16 11:35:00,-0.205669,0.066054,-0.091594,-0.868889,0.073716,-0.321005,-1.347104,0.084696,-0.833967,25.758862,43.682143,26.284735,44.471429,-47.680427,-49.740341,2.059914,1.055606,0.199513,0.647374,-0.561058,-11.45229,695,0.378378,1.0,14.263108
2024-04-16 11:40:00,0.019274,0.10428,0.040042,-0.673465,0.085682,-0.153548,-1.237852,0.087902,-0.656799,36.404636,40.981429,31.571742,45.3925,-44.769621,-48.746197,3.976576,0.948084,0.3607,1.597685,-0.372802,-11.216127,700,0.391892,1.0,13.258412
2024-04-16 11:45:00,-0.01653,0.099601,0.050467,-0.636646,0.086812,-0.10672,-1.188062,0.088309,-0.597149,38.634199,41.960714,32.7486,44.9875,-41.395747,-47.276107,5.88036,0.800601,0.419476,-0.351693,-0.31677,-11.119188,705,0.405405,1.0,13.279496
2024-04-16 11:50:00,0.151955,0.110725,0.117338,-0.421437,0.092388,0.016942,-1.162519,0.08912,-0.453881,45.837589,45.037857,36.724008,43.424643,-36.22652,-45.06619,8.839669,0.662608,0.62409,-0.378993,-0.16917,-11.022156,710,0.418919,1.0,12.36257
2024-04-16 11:55:00,0.220808,0.093737,0.058507,-0.363021,0.091069,-0.011382,-1.214663,0.088869,-0.4644,44.513307,45.782857,36.201733,42.652857,-32.247137,-42.502379,10.255242,0.537877,0.631854,-1.364453,-0.167897,-11.047195,715,0.432432,1.0,13.437893
2024-04-16 12:00:00,0.389856,0.073888,0.109535,-0.21597,0.094952,0.08543,-1.130633,0.09055,-0.345035,50.080091,47.295714,39.404821,44.141071,-27.029249,-39.407753,12.378504,0.428035,0.938474,0.19911,-0.007427,-10.911049,720,0.445946,1.0,11.973753
2024-04-16 12:05:00,0.197731,0.075639,0.04641,-0.06068,0.084894,0.041196,-1.192866,0.090337,-0.369726,48.11968,46.586429,38.646097,43.833571,-23.286467,-36.183496,12.897029,0.405985,0.87142,-0.885207,-0.042623,-10.968668,725,0.459459,1.0,12.242886
2024-04-16 12:10:00,0.164936,0.077454,0.032883,0.074793,0.079238,0.039915,-1.038057,0.088448,-0.352481,48.279414,44.833571,38.735717,42.731071,-20.040853,-32.954967,12.914115,0.423361,0.854233,1.075137,-0.022883,-10.767468,730,0.472973,1.0,12.807154
2024-04-16 12:15:00,0.294438,0.123869,0.191814,0.363854,0.096478,0.266873,-0.755691,0.096649,-0.094496,59.889838,44.235,45.891184,43.0875,-13.091145,-28.982203,15.891058,0.557214,1.194725,-0.751414,0.266713,-10.698949,735,0.486486,1.0,14.274626
2024-04-16 12:20:00,0.416427,0.113694,0.1892,0.435903,0.097885,0.324877,-0.625944,0.097762,-0.002406,63.117325,44.195714,48.163824,43.603929,-5.984551,-24.382672,18.398121,0.703085,1.150905,-1.126409,0.367778,-10.658434,740,0.5,1.0,15.204598
2024-04-16 12:25:00,0.282338,0.122425,0.107474,0.418795,0.098257,0.26858,-0.65999,0.097747,-0.02907,61.50382,44.201429,47.536976,44.112857,-0.806399,-19.667418,18.861019,0.801272,1.009984,-0.810131,0.344435,-10.72086,745,0.513514,1.0,15.445802
2024-04-16 12:30:00,0.334646,0.114107,0.079812,0.592959,0.088541,0.254072,-0.506908,0.096028,-0.016136,61.965344,42.605,47.847233,42.558214,3.461571,-15.04162,18.503191,0.866862,0.951343,0.553127,0.36047,-10.557393,750,0.527027,1.0,15.534476
2024-04-16 12:35:00,0.38386,0.109237,0.087846,0.681364,0.087292,0.276937,-0.59769,0.093894,0.034423,63.936404,40.876429,49.16694,42.183571,7.620332,-10.50923,18.129562,0.921937,0.943958,0.038633,0.430593,-10.433013,755,0.540541,1.0,15.484444
2024-04-16 12:40:00,0.265309,0.064648,0.149619,0.73358,0.08962,0.374375,-0.460436,0.096211,0.16438,68.552625,40.327857,52.449034,43.154286,13.03896,-5.799592,18.838552,1.024244,0.99763,0.446245,0.54867,-10.27812,760,0.554054,1.0,16.631919
2024-04-16 12:45:00,0.148714,0.06794,0.083477,0.646377,0.090401,0.316534,-0.359399,0.094763,0.134527,66.908997,39.612143,51.830588,41.647143,16.735275,-1.292618,18.027893,1.09885,0.912106,1.40642,0.493583,-10.503064,765,0.567568,1.0,15.984121
2024-04-16 12:50:00,0.033779,0.102725,-0.039491,0.500178,0.098386,0.15695,-0.329844,0.093798,-0.007924,58.112312,41.855714,48.363513,41.418571,17.092841,2.384473,14.708367,1.116604,0.754864,-0.808968,0.345249,-10.571255,770,0.581081,1.0,16.514359
2024-04-16 12:55:00,0.018246,0.102753,-0.028497,0.570762,0.095911,0.139036,-0.297116,0.093702,-0.010736,57.9256,39.789286,48.287254,40.875,17.124748,5.332528,11.792219,1.108766,0.727996,0.311903,0.331004,-10.718856,775,0.594595,1.0,16.430232
2024-04-16 13:00:00,-0.008342,0.100287,-0.002086,0.524422,0.095376,0.148762,-0.254639,0.093791,0.014062,59.032124,38.862143,48.939004,41.95,17.3718,7.740383,9.631417,1.1099,0.727057,0.054522,0.341535,-10.588233,780,0.608108,1.0,16.680631
2024-04-16 13:05:00,-0.10995,0.071373,0.021857,0.6026,0.093987,0.166167,-0.14371,0.093385,0.047023,60.567482,40.295,49.840285,43.038929,17.940951,9.780496,8.160455,1.096551,0.734245,0.850382,0.350213,-10.400164,785,0.621622,1.0,16.428245
2024-04-16 13:10:00,0.064484,0.104815,0.114707,0.852809,0.092548,0.286438,0.004939,0.095863,0.189608,66.410612,38.658571,53.508315,42.977143,20.654549,11.955307,8.699242,1.070879,0.840757,0.790833,0.467956,-10.214486,790,0.635135,1.0,18.573619
2024-04-16 13:15:00,0.263157,0.058573,0.113569,0.97232,0.089187,0.309578,0.128301,0.095671,0.235747,68.288497,40.853571,54.780853,43.72,23.462587,14.256763,9.205824,1.002148,0.871464,-1.170041,0.507757,-10.17099,795,0.648649,1.0,17.926886
2024-04-16 13:20:00,0.370149,0.052238,0.144658,0.923572,0.086862,0.373842,0.185388,0.09654,0.326093,71.480764,41.920714,57.047521,43.377143,27.100764,16.825563,10.2752,0.996561,0.931416,-0.968334,0.582975,-10.11584,800,0.662162,1.0,18.190695
2024-04-16 13:25:00,0.266543,0.085835,0.044437,0.809026,0.091177,0.26744,0.181648,0.096603,0.238217,66.082646,41.524286,54.897226,42.879643,28.357218,19.131894,9.225324,0.946566,0.828904,0.835066,0.463805,-10.299614,805,0.675676,1.0,18.477582
2024-04-16 13:30:00,0.341608,0.088319,0.102783,0.793107,0.090465,0.341427,0.299977,0.09774,0.334544,69.568435,44.260714,57.250772,44.228214,30.828489,21.471213,9.357276,0.950814,0.901529,-1.326892,0.565894,-10.273745,810,0.689189,1.0,19.096819
2024-04-16 13:35:00,0.418659,0.110166,0.219884,1.051909,0.098043,0.51487,0.438403,0.101994,0.5403,75.244967,46.682857,61.560476,45.442143,36.163434,24.409657,11.753776,1.004388,1.054729,1.856633,0.727238,-10.020801,815,0.702703,1.0,19.558572
2024-04-16 13:40:00,0.464929,0.109165,0.214363,1.047828,0.097931,0.558069,0.298651,0.097306,0.617275,77.293277,48.953571,63.284188,45.779286,41.615103,27.850746,13.764357,1.097078,1.053292,0.212359,0.779726,-9.888301,820,0.716216,1.0,19.994607
2024-04-16 13:45:00,0.414223,0.110272,0.178115,1.141633,0.095509,0.552758,0.450496,0.096343,0.644071,78.299948,50.587143,64.152058,45.731786,46.288803,31.538358,14.750446,1.150686,1.024129,1.835422,0.768841,-9.638093,825,0.72973,1.0,20.988105
2024-04-16 13:50:00,0.536699,0.07309,0.14802,1.18318,0.094727,0.539837,0.541028,0.096133,0.661182,79.128683,51.247143,64.868273,45.7875,50.152143,35.261115,14.891028,1.175122,1.000528,-0.923635,0.787017,-9.580769,830,0.743243,1.0,19.494839
2024-04-16 13:55:00,0.627154,0.084163,0.231834,1.127477,0.089364,0.669735,0.823603,0.098825,0.828245,82.414926,54.715,67.89111,47.163571,55.920377,39.392967,16.527409,1.325153,1.052841,1.259184,0.926773,-9.373,835,0.756757,1.0,19.516574
2024-04-16 14:00:00,0.341168,0.093702,0.115949,0.976174,0.092414,0.553096,0.691054,0.099015,0.739668,78.562529,50.934286,66.183302,46.395,58.844316,43.283237,15.561079,1.422017,0.939891,0.676522,0.818856,-9.542669,840,0.77027,1.0,18.294892
2024-04-16 14:05:00,0.259518,0.093479,0.090824,1.024834,0.090932,0.518628,0.821325,0.09742,0.730117,78.935993,51.063571,66.491179,45.426429,60.801997,46.786989,14.015008,1.486261,0.900086,0.447821,0.770003,-9.387086,845,0.783784,1.0,18.539488
2024-04-16 14:10:00,0.281766,0.094067,0.110625,1.088327,0.090607,0.537264,0.942744,0.097353,0.773957,80.302367,50.920714,67.621478,44.891429,62.890528,50.007697,12.882831,1.546325,0.898164,-0.658478,0.779695,-9.30852,850,0.797297,1.0,17.368881
2024-04-16 14:15:00,0.340443,0.095777,0.142084,1.139417,0.091246,0.579015,1.047669,0.09802,0.842596,82.01797,51.227857,69.097804,45.761429,65.514071,53.108972,12.4051,1.619721,0.908559,1.842075,0.806121,-9.05557,855,0.810811,1.0,16.421063
2024-04-16 14:20:00,0.131103,0.064315,0.088536,0.992118,0.090345,0.515212,1.130203,0.096794,0.800371,81.332245,50.582143,68.805361,44.620357,66.669793,55.821136,10.848657,1.686058,0.857488,-1.350546,0.771944,-9.084387,860,0.824324,1.0,16.372817
2024-04-16 14:25:00,0.251018,0.044504,0.100352,1.079323,0.088684,0.522253,1.282175,0.095613,0.828761,82.399453,46.601429,69.700929,43.7275,67.846956,58.2263,9.620656,1.738403,0.851506,-1.072923,0.818601,-9.035129,865,0.837838,1.0,17.781662
2024-04-16 14:30:00,0.237516,0.047094,0.07145,1.230588,0.076769,0.478507,1.331373,0.095161,0.802637,82.518484,44.69,69.800366,43.305357,68.110124,60.203065,7.907059,1.722955,0.822967,-0.305852,0.777588,-8.930141,870,0.851351,1.0,18.371647
2024-04-16 14:35:00,0.207478,0.044529,0.077723,1.279584,0.075381,0.473742,1.575381,0.089645,0.814616,83.318795,44.638571,70.462589,43.081429,68.291579,61.820767,6.470811,1.68075,0.820074,1.143537,0.769743,-8.728224,875,0.864865,1.0,18.680968
2024-04-16 14:40:00,0.12646,0.028664,0.066208,1.275767,0.075486,0.448052,1.732074,0.086494,0.803334,83.703463,41.03,70.78071,42.645357,68.015265,63.059667,4.955598,1.611476,0.807813,0.334304,0.717981,-8.579217,880,0.878378,1.0,20.097115
2024-04-16 14:45:00,0.061773,0.052633,-0.005098,1.165736,0.081335,0.338184,1.691277,0.08732,0.700148,77.156476,39.944286,68.178817,43.313571,65.794389,63.606611,2.187778,1.494141,0.743479,0.927634,0.602246,-8.768739,885,0.891892,1.0,19.164854
2024-04-16 14:50:00,0.032737,0.047096,0.018582,1.047254,0.078512,0.335794,1.704189,0.087299,0.704394,77.984416,40.040714,68.711344,44.497143,63.853425,63.655974,0.197451,1.403077,0.745663,-1.359023,0.624233,-8.737004,890,0.905405,1.0,17.085831
2024-04-16 14:55:00,0.144788,0.068881,0.091612,1.111078,0.079921,0.411551,1.836109,0.08787,0.791534,80.700837,40.132857,70.554159,45.36,63.584198,63.641619,-0.057421,1.32353,0.808679,1.069187,0.6987,-8.538633,895,0.918919,1.0,16.675131
2024-04-16 15:00:00,0.043546,0.077278,0.023709,0.950022,0.082766,0.321378,1.943093,0.08424,0.706066,75.942083,41.115714,68.578835,46.181429,61.715325,63.25636,-1.541035,1.233724,0.747187,0.533499,0.590515,-8.700013,900,0.932432,1.0,16.410171
2024-04-16 15:05:00,0.035299,0.077022,0.024711,1.042195,0.077872,0.3028,1.993307,0.083638,0.691109,76.300963,38.267143,68.794885,46.491071,59.770364,62.559161,-2.788797,1.062554,0.750798,-0.38861,0.569065,-8.602105,905,0.945946,1.0,17.658209
2024-04-16 15:10:00,0.20917,0.070292,0.083039,1.032209,0.077515,0.364458,2.008745,0.083833,0.760392,78.842258,40.801429,70.374329,45.867857,59.229436,61.893216,-2.66378,0.911931,0.845635,-1.277268,0.640746,-8.56501,910,0.959459,1.0,19.810756
2024-04-16 15:15:00,0.11145,0.085296,0.012275,0.738121,0.069757,0.271036,1.879399,0.08505,0.667879,73.359667,42.167857,68.062271,46.615714,57.05373,60.925319,-3.871589,0.814769,0.762178,-1.227491,0.532671,-8.602761,915,0.972973,1.0,18.494422
2024-04-16 15:20:00,0.047379,0.07073,0.044712,0.690843,0.068228,0.294848,1.932497,0.084936,0.694495,74.950699,42.267143,68.959251,46.593929,55.612322,59.86272,-4.250397,0.745742,0.813855,-1.006426,0.565359,-8.552394,920,0.986486,1.0,20.985329
2024-04-16 15:25:00,0.040463,0.072377,-0.012147,0.574266,0.071418,0.209641,1.943237,0.084666,0.606254,69.795212,43.745,66.72724,47.486429,52.800252,58.450226,-5.649974,0.656773,0.716765,-0.977962,0.461542,-8.604598,925,1.0,1.0,22.563392
2024-04-17 09:15:00,0.173176,0.095432,0.089209,0.676845,0.076065,0.321972,2.019183,0.085906,0.723427,74.225094,44.005,69.131236,47.293571,52.429198,57.24602,-4.816823,0.597401,0.926537,-0.690486,0.565675,-8.532878,555,0.0,2.0,23.415669
2024-04-17 09:20:00,0.332041,0.139014,0.231772,0.735908,0.083584,0.525762,2.326886,0.09043,0.94497,79.865165,49.572143,72.752066,48.086786,55.857469,56.96831,-1.110841,0.718011,1.164621,1.185605,0.734935,-8.325479,560,0.013514,2.0,23.797477
2024-04-17 09:25:00,0.628997,0.13211,0.308536,1.027089,0.091045,0.685485,2.664291,0.091697,1.131633,83.37641,53.770714,75.430849,49.230357,61.77583,57.929814,3.846016,0.900718,1.230517,1.165237,0.872542,-8.116039,565,0.027027,2.0,26.237363
2024-04-17 09:30:00,0.592393,0.137861,0.217762,1.025151,0.09108,0.636542,2.747658,0.090321,1.104642,83.621842,50.677143,75.62911,47.657857,66.017442,59.54734,6.470103,1.025377,1.109646,-0.507252,0.860206,-8.027319,570,0.040541,2.0,26.331738
2024-04-17 09:35:00,0.766326,0.096559,0.21836,1.060241,0.091892,0.675501,2.704659,0.089589,1.167519,85.042053,51.705,76.789023,46.3675,70.43184,61.72424,8.7076,1.171269,1.0827,0.139964,0.926243,-7.894819,575,0.054054,2.0,25.871885
2024-04-17 09:40:00,0.671099,0.106943,0.179751,1.008609,0.091143,0.657528,2.720813,0.089553,1.171131,85.668648,51.615,77.313283,45.779643,73.950906,64.169573,9.781333,1.31126,1.021337,1.595079,0.875346,-7.655567,580,0.067568,2.0,26.024863
2024-04-17 09:45:00,0.461469,0.084471,0.153011,1.068269,0.090067,0.639875,2.643121,0.088951,1.1731,86.26974,49.057143,77.817504,44.548929,76.70287,66.676232,10.026638,1.425035,0.977323,0.470772,0.882958,-7.495113,585,0.081081,2.0,24.669531
2024-04-17 09:50:00,0.417836,0.066989,0.227059,1.195198,0.094965,0.749234,2.866123,0.090173,1.30883,88.266095,49.791429,79.589467,44.962143,81.139846,69.568955,11.570891,1.586412,1.010023,-1.059788,1.010455,-7.442458,590,0.094595,2.0,25.155515
2024-04-17 09:55:00,0.31452,0.099759,0.094868,1.10276,0.099708,0.600475,2.670553,0.092049,1.174692,82.443101,52.197143,76.722583,46.656429,82.268305,72.108825,10.15948,1.669104,0.90059,-0.287914,0.875778,-7.548982,595,0.108108,2.0,25.059702
2024-04-17 10:00:00,0.346096,0.104362,0.157482,1.200038,0.101519,0.67152,2.856737,0.091896,1.265431,84.307303,55.051429,78.091034,46.659286,84.594496,74.605959,9.988537,1.775205,0.922915,1.318042,0.913709,-7.32493,600,0.121622,2.0,25.404301
2024-04-17 10:05:00,0.331295,0.105195,0.129369,1.215249,0.101277,0.640506,2.891417,0.091619,1.250815,84.759489,51.735714,78.432212,46.268571,86.070406,76.898849,9.171558,1.859488,0.890822,0.633172,0.897318,-7.150468,605,0.135135,2.0,25.778536
2024-04-17 10:10:00,0.457356,0.114882,0.20323,1.467831,0.099206,0.738787,2.809855,0.088759,1.371778,86.732883,55.785714,79.981787,48.976786,89.205431,79.360165,9.845266,1.946675,0.926354,0.176091,1.002554,-7.006947,610,0.148649,2.0,24.733745
2024-04-17 10:15:00,0.328994,0.101539,0.175188,1.494898,0.098819,0.722254,2.776557,0.088604,1.375318,87.334144,55.780714,80.476983,49.023929,91.652582,81.818649,9.833934,2.01464,0.90465,-1.133648,1.015441,-6.954868,615,0.162162,2.0,26.064067
2024-04-17 10:20:00,0.391894,0.079932,0.102142,1.352229,0.100472,0.633127,2.782717,0.088494,1.299405,85.799063,53.804286,79.727209,48.774643,92.156047,83.886128,8.269919,2.061678,0.851879,-0.673821,0.938739,-7.039822,620,0.175676,2.0,25.063396
2024-04-17 10:25:00,0.319008,0.071774,0.11388,1.478684,0.096201,0.634959,2.840706,0.088298,1.31461,86.596389,53.672143,80.3246,48.838571,92.660973,85.641097,7.019875,2.074257,0.84745,-0.923371,0.974467,-6.974634,625,0.189189,2.0,25.965758
2024-04-17 10:30:00,0.395077,0.072625,0.150887,1.579271,0.095493,0.676431,2.902914,0.088655,1.371792,87.8046,49.677857,81.262783,49.625,93.90237,87.293352,6.609018,2.079598,0.863065,-0.666758,1.014929,-6.892531,630,0.202703,2.0,24.386683
2024-04-17 10:35:00,0.265427,0.048684,0.131346,1.524794,0.095612,0.653634,2.809976,0.087923,1.362227,88.27258,47.753571,81.636071,50.762143,94.586629,88.752007,5.834622,2.082158,0.848352,-0.760401,1.033233,-6.818892,635,0.216216,2.0,24.77256
2024-04-17 10:40:00,0.295199,0.05143,0.147115,1.681186,0.089738,0.672296,2.926886,0.087285,1.395048,89.141218,50.997143,82.342242,50.837143,95.558095,90.113225,5.44487,2.039771,0.858565,-0.299482,1.08091,-6.714677,640,0.22973,2.0,23.966996
2024-04-17 10:45:00,0.310704,0.045477,0.093759,1.618988,0.091786,0.602055,3.067252,0.082922,1.333378,88.634351,52.056429,82.107499,51.880714,95.121744,91.114929,4.006816,1.958776,0.828873,0.068034,1.013747,-6.8456,645,0.243243,2.0,24.02424
2024-04-17 10:50:00,0.0822,0.108188,-0.043769,1.521022,0.101695,0.399599,2.906464,0.088139,1.125528,76.918011,52.475714,76.482894,52.045357,90.997176,91.091378,-0.094202,1.747897,0.733613,-0.168354,0.782244,-6.95958,650,0.256757,2.0,23.387526
2024-04-17 10:55:00,0.098793,0.112056,0.056828,1.503843,0.101146,0.478565,3.013169,0.08859,1.206221,79.30264,55.806429,77.761511,52.431786,88.912831,90.655669,-1.742838,1.561811,0.796534,-1.346029,0.8696,-6.930466,655,0.27027,2.0,21.219051
2024-04-17 11:00:00,0.16282,0.119248,0.111322,1.353562,0.091971,0.532857,3.090719,0.088804,1.265405,81.09978,55.191429,78.78386,52.491429,88.133213,90.151178,-2.017965,1.462633,0.846175,-0.663115,0.90557,-6.85551,660,0.283784,2.0,20.119282
2024-04-17 11:05:00,0.131373,0.116299,0.112826,1.178359,0.083486,0.534516,2.995688,0.087864,1.271501,81.986612,51.271429,79.303357,51.734286,87.500825,89.621107,-2.120282,1.427464,0.854273,1.186143,0.897694,-6.650508,665,0.297297,2.0,20.203011
2024-04-17 11:10:00,0.188387,0.115076,0.108885,1.210859,0.082979,0.52928,2.990392,0.087871,1.270149,82.747313,48.104286,79.75199,51.577857,86.865755,89.070037,-2.204282,1.372313,0.861471,-0.753115,0.875054,-6.580867,670,0.310811,2.0,20.842156
2024-04-17 11:15:00,0.49138,0.041743,0.167682,1.244016,0.084325,0.608269,3.030759,0.088449,1.358424,84.711587,53.079286,80.961094,52.4075,87.800947,88.816219,-1.015272,1.364046,0.923201,0.530056,0.919411,-6.419837,675,0.324324,2.0,19.38822
2024-04-17 11:20:00,0.362668,0.055172,0.112289,1.192861,0.085406,0.550788,3.111928,0.086631,1.305279,84.722689,47.475714,80.96808,51.630714,87.547426,88.56246,-1.015034,1.330413,0.889749,1.538129,0.82627,-6.186068,680,0.337838,2.0,17.278372
2024-04-17 11:25:00,0.229393,0.063794,0.059654,1.119426,0.087352,0.477391,2.97543,0.087145,1.231325,82.974294,45.719286,80.146421,50.75,85.964212,88.042811,-2.078598,1.265916,0.847403,1.615283,0.738361,-6.430424,685,0.351351,2.0,16.421523
2024-04-17 11:30:00,0.197953,0.063851,0.057471,0.956811,0.081794,0.455853,2.769317,0.083783,1.208275,83.404706,44.606429,80.387291,49.205357,84.195664,87.273381,-3.077718,1.243973,0.836546,-0.184509,0.729233,-6.316216,690,0.364865,2.0,16.225484
2024-04-17 11:35:00,0.30526,0.083428,0.143394,1.201516,0.079081,0.555429,2.826709,0.084792,1.313518,85.714216,45.429286,81.750735,49.550714,84.531693,86.725044,-2.19335,1.202238,0.930018,0.39464,0.836286,-6.161703,695,0.378378,2.0,15.607667
2024-04-17 11:40:00,0.075115,0.090192,0.037453,0.970611,0.083069,0.42312,2.682814,0.087167,1.176679,79.15281,46.122143,78.615897,47.9,82.348678,85.84977,-3.501093,1.148163,0.831835,0.641389,0.69903,-6.330271,700,0.391892,2.0,14.813421
2024-04-17 11:45:00,0.232523,0.109386,0.130347,1.093241,0.086539,0.526211,2.799959,0.088412,1.283583,81.865343,46.615,80.05499,47.184286,82.390603,85.157937,-2.767334,1.122503,0.93217,-0.655073,0.818076,-6.247556,705,0.405405,2.0,15.679448
2024-04-17 11:50:00,0.23938,0.108341,0.076245,0.900014,0.082948,0.461396,2.578607,0.086456,1.217154,80.725137,45.075,79.495749,48.036071,81.213302,84.36901,-3.155708,1.121079,0.878315,0.773902,0.712668,-6.42403,710,0.418919,2.0,16.660765
2024-04-17 11:55:00,0.152945,0.118932,0.011005,0.77966,0.086061,0.36306,2.576539,0.086508,1.110871,76.426381,43.859286,77.393236,47.957857,78.348313,83.16487,-4.816558,1.095015,0.797008,0.824391,0.575831,-6.604165,715,0.432432,2.0,17.417958
2024-04-17 12:00:00,0.160011,0.120846,0.117114,0.967764,0.089189,0.477843,2.724655,0.087866,1.226741,79.646167,46.2,78.983304,49.337857,78.016389,82.135174,-4.118785,1.083206,0.908179,-0.296479,0.700603,-6.498897,720,0.445946,2.0,16.495414
2024-04-17 12:05:00,0.283171,0.101515,0.101903,0.934541,0.089094,0.464631,2.684253,0.087848,1.212828,80.277188,42.545714,79.311542,49.176071,77.477515,81.203642,-3.726127,1.075203,0.90119,-0.861882,0.694188,-6.431221,725,0.459459,2.0,16.587102
2024-04-17 12:10:00,0.0462,0.097439,0.015521,0.741938,0.091851,0.348862,2.498504,0.089482,1.088407,74.793255,42.092143,76.587436,48.641786,74.832216,79.929357,-5.097141,1.054047,0.799239,1.786768,0.524033,-6.672729,730,0.472973,2.0,16.40887
2024-04-17 12:15:00,0.07308,0.096438,0.017645,0.706449,0.092003,0.325466,2.519165,0.089258,1.055902,75.048926,43.002143,76.703017,47.136786,72.093565,78.362199,-6.268634,1.029171,0.782852,-0.913106,0.487819,-6.606698,735,0.486486,2.0,14.996831
2024-04-17 12:20:00,0.266542,0.097901,0.100739,0.750865,0.093881,0.41548,2.592423,0.090027,1.143594,77.982246,45.914286,78.072215,47.009286,71.403015,76.970362,-5.567347,1.048239,0.86961,-0.512207,0.596364,-6.513472,740,0.5,2.0,15.894732
2024-04-17 12:25:00,0.260164,0.096113,0.172702,0.916893,0.097008,0.519517,2.747866,0.091047,1.252016,80.860512,44.228571,79.552505,48.653929,72.752549,76.126799,-3.37425,1.095688,0.956816,1.265653,0.691534,-6.303215,745,0.513514,2.0,15.998094
2024-04-17 12:30:00,0.228702,0.098436,0.117993,1.08229,0.084967,0.47379,2.706002,0.091312,1.206588,80.934936,44.142143,79.592122,45.808929,73.055774,75.512594,-2.45682,1.044305,0.931757,-0.994939,0.637874,-6.242366,750,0.527027,2.0,15.52858
2024-04-17 12:35:00,0.391326,0.069801,0.134361,1.03635,0.083442,0.504382,2.769645,0.091292,1.239919,82.344406,47.089286,80.344975,46.404286,73.890314,75.188138,-1.297824,1.038322,0.965211,-1.10238,0.673128,-6.191248,755,0.540541,2.0,16.961516
2024-04-17 12:40:00,0.493595,0.059365,0.164759,1.039019,0.083542,0.558616,2.961592,0.089733,1.300354,84.059048,48.41,81.310917,46.508214,75.633383,75.277187,0.356196,1.081571,1.00335,-1.353815,0.752134,-6.160541,760,0.554054,2.0,17.740723
2024-04-17 12:45:00,0.343201,0.07345,0.098879,0.964003,0.084891,0.490295,2.910832,0.090287,1.232835,82.80349,47.920714,80.71452,46.675,75.857117,75.393173,0.463944,1.09888,0.936588,0.612984,0.693196,-6.323149,765,0.567568,2.0,18.612102
2024-04-17 12:50:00,0.263221,0.055539,0.118265,0.992271,0.085166,0.514735,2.869377,0.089907,1.260237,84.037571,46.84,81.394703,46.481071,76.513693,75.617277,0.896416,1.128183,0.951193,-0.599977,0.73798,-6.241371,770,0.581081,2.0,19.827496
2024-04-17 12:55:00,0.300664,0.04963,0.10664,0.890453,0.082289,0.503397,2.969962,0.088459,1.250777,84.667622,49.087857,81.74963,47.851429,76.87171,75.868164,1.003546,1.182662,0.928165,-1.391567,0.761787,-6.21472,775,0.594595,2.0,20.560661
2024-04-17 13:00:00,0.210653,0.05496,0.066913,0.883314,0.082501,0.449575,2.949792,0.088706,1.195081,84.133375,47.595714,81.508743,46.335357,76.169281,75.928387,0.240894,1.205788,0.878104,-1.271693,0.735021,-6.246536,780,0.608108,2.0,19.310637
2024-04-17 13:05:00,0.095525,0.03999,0.043141,0.90407,0.08175,0.4046,2.844826,0.088902,1.145554,83.933326,46.287143,81.421475,45.073214,74.713427,75.685395,-0.971968,1.193375,0.842333,-0.510325,0.703755,-6.330332,785,0.621622,2.0,18.936987
2024-04-17 13:10:00,0.162819,0.036216,0.062675,0.928601,0.081641,0.412108,2.963638,0.087185,1.149535,84.83709,41.335,81.889526,43.7675,73.594072,75.26713,-1.673059,1.175995,0.851374,0.687115,0.705907,-6.16582,790,0.635135,2.0,19.955271
2024-04-17 13:15:00,0.131474,0.028062,0.073261,0.817295,0.077329,0.415583,2.955844,0.087198,1.149813,85.6447,42.862857,82.318539,42.704286,72.688889,74.751482,-2.062593,1.194641,0.851357,0.194379,0.705175,-6.031807,795,0.648649,2.0,19.201388
2024-04-17 13:20:00,0.080219,0.030273,0.042508,0.895598,0.072366,0.367251,3.010883,0.086001,1.095021,84.669558,40.498571,81.914492,41.295357,70.988602,73.998906,-3.010304,1.157307,0.815819,0.370838,0.643574,-6.178795,800,0.662162,2.0,19.253253
2024-04-17 13:25:00,0.09013,0.028737,0.030783,0.739997,0.067706,0.335489,2.864443,0.085429,1.05519,84.74201,38.871429,81.950071,40.936786,68.910502,72.981225,-4.070724,1.14725,0.78956,-0.319905,0.62375,-6.074942,805,0.675676,2.0,19.665721
2024-04-17 13:30:00,0.242351,0.062569,0.12041,0.90706,0.070972,0.439409,2.75289,0.081472,1.158798,87.367463,37.66,83.338183,41.787143,69.070503,72.199081,-3.128578,1.152277,0.87945,-1.485625,0.756772,-6.04884,810,0.689189,2.0,21.121886
2024-04-17 13:35:00,0.255708,0.062981,0.123056,1.03216,0.06661,0.455693,2.581688,0.077395,1.175199,88.297781,37.356429,83.889405,40.7925,69.512777,71.66182,-2.149043,1.123352,0.900725,0.505012,0.755265,-5.898087,815,0.702703,2.0,22.435204
2024-04-17 13:40:00,0.336478,0.071482,0.167222,0.99492,0.063752,0.528182,2.693916,0.077999,1.252732,89.894359,39.924286,84.920027,42.033214,71.266436,71.582743,-0.316307,1.165331,0.95374,2.038043,0.813811,-5.642868,820,0.716216,2.0,23.348033
2024-04-17 13:45:00,0.504393,0.065516,0.216661,1.118171,0.068065,0.621051,2.743115,0.078998,1.356421,91.448042,40.239286,86.063258,43.664286,74.547662,72.175727,2.371935,1.244689,1.007298,-0.705821,0.931272,-5.567578,825,0.72973,2.0,23.175877
2024-04-17 13:50:00,0.60051,0.038499,0.210568,1.298151,0.060848,0.651865,2.792316,0.079254,1.399137,92.255945,43.246429,86.721064,45.828214,77.982382,73.337058,4.645324,1.28986,1.016637,1.174063,0.941608,-5.371766,830,0.743243,2.0,24.104884
2024-04-17 13:55:00,0.710357,0.074285,0.313085,1.549648,0.07338,0.825153,3.007455,0.084339,1.595797,93.882334,45.673571,88.226915,46.797143,84.262321,75.522111,8.74021,1.403151,1.105569,-0.887378,1.135977,-5.310265,835,0.756757,2.0,24.646958
2024-04-17 14:00:00,0.610076,0.106601,0.184861,1.378317,0.076195,0.713714,2.778071,0.083305,1.497721,91.060685,46.672143,86.82796,46.756071,87.608799,77.939448,9.66935,1.477745,1.004102,0.379308,1.032097,-5.454882,840,0.77027,2.0,24.498979
2024-04-17 14:05:00,0.601842,0.106547,0.202938,1.339101,0.074258,0.754155,2.988053,0.081314,1.554664,91.941229,46.095,87.520693,47.591429,91.303175,80.612194,10.690982,1.597602,0.999678,-1.283588,1.113218,-5.419065,845,0.783784,2.0,25.87037
2024-04-17 14:10:00,0.455629,0.113331,0.143399,1.347112,0.07393,0.693028,2.855264,0.08069,1.504763,92.028204,48.731429,87.590303,48.163571,93.37013,83.163781,10.206349,1.670475,0.94489,1.70881,1.014727,-5.188775,850,0.797297,2.0,26.378473
2024-04-17 14:15:00,0.575633,0.127279,0.241442,1.484123,0.08135,0.825721,3.042648,0.083836,1.658099,93.395547,53.342143,88.749558,49.814643,97.719451,86.074915,11.644536,1.804021,0.992905,-0.924779,1.198861,-5.132211,855,0.810811,2.0,25.635815
2024-04-17 14:20:00,0.520015,0.113198,0.29672,1.576346,0.086059,0.932085,3.071704,0.084721,1.790826,94.36656,57.987143,89.682258,49.661071,103.553712,89.570674,13.983038,1.991177,1.010044,0.663522,1.300554,-4.97174,860,0.824324,2.0,26.915229
2024-04-17 14:25:00,0.411118,0.150666,0.101663,1.446935,0.097396,0.711535,2.8622,0.089512,1.579021,84.870991,59.662143,84.545981,51.2625,104.442963,92.545132,11.897831,2.05853,0.887606,-0.572581,1.078021,-5.052306,865,0.837838,2.0,26.673089
2024-04-17 14:30:00,0.240549,0.15906,0.034109,1.316186,0.101132,0.597434,2.832794,0.090112,1.466993,81.765851,63.257143,82.822112,51.877857,103.072741,94.650654,8.422087,2.089009,0.826074,-0.881678,0.982203,-5.112004,870,0.851351,2.0,27.279551
2024-04-17 14:35:00,0.33298,0.159207,0.092394,1.379765,0.101331,0.635233,2.869589,0.090358,1.510418,83.141478,65.015714,83.542782,51.943571,102.640199,96.248563,6.391636,2.123873,0.83774,-0.728088,1.047514,-5.042143,875,0.864865,2.0,25.767743
2024-04-17 14:40:00,0.23012,0.140126,0.139001,1.503838,0.100264,0.679998,2.873341,0.090405,1.563463,84.538912,64.743571,84.302551,51.201786,103.151454,97.629141,5.522313,2.151671,0.852764,1.376179,1.019087,-4.83108,880,0.878378,2.0,25.760655
2024-04-17 14:45:00,0.137076,0.118445,0.166489,1.618512,0.098877,0.715615,2.939762,0.090713,1.6092,85.753418,64.913571,84.988869,51.135,104.305383,98.96439,5.340994,2.166963,0.864425,0.375081,1.059812,-4.684996,885,0.891892,2.0,24.826464
2024-04-17 14:50:00,0.315027,0.071687,0.133428,1.601094,0.09922,0.677713,2.882535,0.090661,1.578006,86.111523,64.435,85.193492,52.179643,104.608714,100.093254,4.515459,2.158786,0.84448,1.663461,0.991744,-4.447961,890,0.905405,2.0,23.865439
2024-04-17 14:55:00,0.449407,0.033671,0.144555,1.63788,0.09893,0.688684,2.974983,0.090271,1.596526,86.983558,62.492857,85.694,51.366071,105.109286,101.096461,4.012826,2.140949,0.848389,-0.662085,0.991052,-4.370251,895,0.918919,2.0,21.966247
2024-04-17 15:00:00,0.446827,0.033408,0.164294,1.751134,0.09666,0.715423,3.244372,0.084793,1.632335,87.977453,62.040714,86.281929,52.643571,106.082564,102.093681,3.988882,2.095956,0.863149,-1.255484,1.063731,-4.336076,900,0.932432,2.0,24.120728
2024-04-17 15:05:00,0.362555,0.037362,0.130912,1.78011,0.095573,0.676102,3.144413,0.08438,1.598671,88.281658,57.838571,86.46405,51.756071,106.19778,102.914501,3.283279,1.998548,0.852643,-0.570457,1.053794,-4.252667,905,0.945946,2.0,23.981665
2024-04-17 15:10:00,0.388744,0.045096,0.178508,1.766914,0.095176,0.73585,3.171949,0.084775,1.668485,89.50045,60.107857,87.213943,53.39,107.470183,103.825638,3.644546,1.93955,0.88898,0.323561,1.133485,-4.106819,910,0.959459,2.0,24.230545
2024-04-17 15:15:00,0.178614,0.124093,0.001692,1.522965,0.111925,0.505403,2.931074,0.091223,1.430634,78.241277,63.261429,81.218996,54.678214,104.168731,103.894256,0.274474,1.792084,0.779923,-1.40478,0.901012,-4.130805,915,0.972973,2.0,25.349037
2024-04-17 15:20:00,0.193962,0.125744,0.066962,1.493515,0.1114,0.546782,2.980713,0.0914,1.469916,79.779158,64.129286,81.941648,56.430357,102.120484,103.539502,-1.419017,1.663721,0.816469,-0.671792,0.954566,-4.056478,920,0.986486,2.0,25.237534
2024-04-17 15:25:00,0.03183,0.126284,0.004587,1.272709,0.113425,0.439883,2.772232,0.092096,1.35299,76.248119,60.971429,79.99946,57.156786,98.302166,102.492035,-4.189868,1.531911,0.762924,0.970775,0.838119,-4.244139,925,1.0,2.0,25.761164
2024-04-18 09:15:00,0.128648,0.138085,0.089,1.302715,0.114113,0.514908,2.903906,0.092348,1.424689,78.452825,60.252857,81.001889,59.12,96.443915,101.282411,-4.838496,1.423107,0.82838,1.777486,0.894958,-4.000095,555,0.0,3.0,24.412044
2024-04-18 09:20:00,0.007431,0.123577,0.069775,1.056614,0.104892,0.47989,2.94347,0.091826,1.383321,78.711952,57.356429,81.121375,58.509286,94.16336,99.858601,-5.69524,1.379142,0.812021,-0.28447,0.861538,-3.901011,560,0.013514,3.0,24.618212
2024-04-18 09:25:00,0.135959,0.08483,0.014917,1.044546,0.105452,0.390966,2.867389,0.092933,1.282265,75.74889,54.682143,79.554189,58.969643,90.474682,97.981817,-7.507135,1.271672,0.760048,-1.11651,0.754306,-3.94195,565,0.027027,3.0,24.213923
2024-04-18 09:30:00,0.109363,0.079912,0.058067,0.99667,0.10438,0.419123,2.77959,0.091815,1.301544,77.159649,53.229286,80.159796,59.1225,87.816434,95.94874,-8.132307,1.191816,0.796536,-0.828993,0.771076,-3.883659,570,0.040541,3.0,24.723963
2024-04-18 09:35:00,0.119152,0.07749,0.005179,0.933496,0.106474,0.333417,2.817456,0.090795,1.200988,73.932379,53.322143,78.480083,59.032857,83.853118,93.529616,-9.676498,1.063866,0.741071,1.313993,0.630583,-4.089668,575,0.054054,3.0,24.914279
2024-04-18 09:40:00,-0.060639,0.054953,-0.030448,0.661843,0.100402,0.255442,2.602931,0.09079,1.103958,70.712601,52.522143,76.793162,58.717857,78.902905,90.604274,-11.701368,0.987613,0.67466,1.552863,0.508379,-4.31757,580,0.067568,3.0,23.537819
2024-04-18 09:45:00,-0.189639,0.067516,-0.095931,0.343172,0.097004,0.128222,2.502878,0.093279,0.950127,64.018285,52.271429,73.157252,58.353214,72.142222,86.911863,-14.769642,0.95156,0.543896,-0.653827,0.378781,-4.387845,585,0.081081,3.0,21.694983
2024-04-18 09:50:00,-0.109869,0.07388,-0.042304,0.520272,0.089319,0.145448,2.597452,0.091979,0.944044,65.039119,52.116429,73.529495,57.304643,66.591233,82.847737,-16.256504,0.855969,0.556534,1.172547,0.345011,-4.188232,590,0.094595,3.0,20.688903
2024-04-18 09:55:00,-0.100265,0.077005,0.026317,0.653286,0.088253,0.205686,2.512507,0.09063,0.985979,67.535575,47.992143,74.454133,55.016429,62.91281,78.860752,-15.947942,0.708145,0.638,0.761286,0.334093,-4.016065,595,0.108108,3.0,21.434811
2024-04-18 10:00:00,0.081347,0.098926,0.105134,0.680356,0.089602,0.305159,2.610532,0.091337,1.074366,71.107604,51.96,75.860007,54.899286,61.612132,75.411028,-13.798896,0.597622,0.826885,-0.664975,0.436719,-3.945305,600,0.121622,3.0,21.868471
2024-04-18 10:05:00,0.152511,0.091709,0.083555,0.583899,0.087514,0.294363,2.711959,0.089515,1.051427,71.625755,48.949286,76.070478,54.528571,60.245139,72.37785,-12.132711,0.518658,0.859543,0.836652,0.385889,-3.770557,605,0.135135,3.0,22.280023
2024-04-18 10:10:00,0.399455,0.053083,0.144256,0.606091,0.088729,0.386744,2.837178,0.08999,1.13867,74.82064,43.68,77.412246,53.470714,60.814529,70.065186,-9.250657,0.520763,1.055524,1.651191,0.475357,-3.533146,610,0.148649,3.0,20.268846
2024-04-18 10:15:00,0.401471,0.052641,0.119151,0.606893,0.088731,0.381119,2.735517,0.089336,1.12705,75.590789,41.365,77.748908,52.747143,61.17306,68.286761,-7.113701,0.526638,1.057453,0.98426,0.454399,-3.340501,615,0.162162,3.0,17.587315
2024-04-18 10:20:00,0.342931,0.058346,0.095051,0.546594,0.087849,0.365992,2.597132,0.08815,1.105152,76.125425,42.361429,77.980293,51.666429,61.168456,66.8631,-5.694644,0.552696,1.024273,1.053576,0.448062,-3.14348,620,0.175676,3.0,16.971029
2024-04-18 10:25:00,0.29774,0.048909,0.120907,0.530922,0.087218,0.40936,2.68121,0.088021,1.145146,78.032409,40.606429,78.82084,50.429643,61.982643,65.887008,-3.904365,0.626738,1.058054,-1.239906,0.484223,-3.111392,625,0.189189,3.0,16.645454
2024-04-18 10:30:00,0.409828,0.051931,0.168574,0.631277,0.090359,0.490044,2.730888,0.088629,1.227905,80.587717,45.055714,80.03055,51.206071,64.232361,65.556079,-1.323718,0.743686,1.105851,0.403657,0.58441,-2.959277,630,0.202703,3.0,16.048795
2024-04-18 10:35:00,0.27504,0.053672,0.11129,0.49214,0.087104,0.441765,2.613525,0.088554,1.177685,80.469777,43.865,79.975125,49.273571,65.235846,65.492032,-0.256187,0.843065,1.003298,0.003289,0.546362,-3.084716,635,0.216216,3.0,16.409819
2024-04-18 10:40:00,0.247659,0.057523,0.078977,0.676234,0.073516,0.406074,2.637698,0.088247,1.137985,80.61267,44.336429,80.042156,48.782857,65.405461,65.474718,-0.069257,0.893395,0.945148,1.5576,0.50904,-2.846288,640,0.22973,3.0,16.244747
2024-04-18 10:45:00,0.238781,0.058651,0.062377,0.591571,0.071989,0.380517,2.572124,0.088319,1.107051,80.917174,43.317857,80.181481,48.32,65.049855,65.389745,-0.339891,0.948368,0.903555,-1.099423,0.50731,-2.799798,645,0.243243,3.0,15.064505
2024-04-18 10:50:00,0.189561,0.054536,0.066373,0.68944,0.068837,0.377905,2.56747,0.088331,1.099273,81.705208,41.980714,80.540243,47.251429,64.684068,65.24861,-0.564542,0.983432,0.892037,0.055824,0.516706,-2.667712,650,0.256757,3.0,14.189957
2024-04-18 10:55:00,0.000771,0.034867,0.00644,0.502759,0.067922,0.290355,2.515729,0.089278,1.000705,76.517857,45.862143,78.29954,49.066786,62.663192,64.731526,-2.068335,1.010793,0.800237,-1.135268,0.425762,-2.716158,655,0.27027,3.0,14.338076
2024-04-18 11:00:00,0.128387,0.066062,0.088307,0.613682,0.071506,0.376947,2.647214,0.089598,1.083321,79.616291,47.000714,79.607557,49.558571,62.58264,64.301749,-1.719109,1.06432,0.875057,-0.246012,0.519667,-2.604416,660,0.283784,3.0,14.415473
2024-04-18 11:05:00,0.110913,0.067722,0.052025,0.651052,0.069838,0.331632,2.584509,0.090034,1.030459,78.706752,47.201429,79.204923,47.596786,61.626052,63.766609,-2.140558,1.088342,0.827394,-1.022122,0.473192,-2.65885,665,0.297297,3.0,14.345657
2024-04-18 11:10:00,0.167547,0.070795,0.082132,0.650036,0.069808,0.364529,2.609075,0.090076,1.058691,80.384302,43.867143,79.936443,47.913571,61.427516,63.298791,-1.871274,1.130911,0.849451,-0.173664,0.519879,-2.544731,670,0.310811,3.0,16.617227
2024-04-18 11:15:00,0.078528,0.08018,0.020251,0.648584,0.069899,0.282771,2.565737,0.090855,0.966584,75.714615,43.676429,77.871405,46.312857,59.660943,62.571221,-2.910278,1.132378,0.774513,-0.997483,0.458373,-2.597941,675,0.324324,3.0,16.358447
2024-04-18 11:20:00,0.195615,0.070217,0.053664,0.760458,0.067305,0.310409,2.62377,0.090609,0.986732,77.363874,44.712143,78.54094,44.196071,58.657947,61.788567,-3.130619,1.116981,0.798386,-0.259516,0.497778,-2.491909,680,0.337838,3.0,16.482232
2024-04-18 11:25:00,0.132345,0.054598,0.077664,0.938258,0.057235,0.337762,2.534569,0.089517,1.008597,78.969059,44.961429,79.221348,43.163214,58.310894,61.093032,-2.782138,1.048576,0.833329,1.524047,0.519582,-2.253598,685,0.351351,3.0,15.489562
2024-04-18 11:30:00,0.127646,0.055421,0.041805,0.890377,0.058816,0.291949,2.453472,0.089961,0.954181,77.560826,45.454286,78.606826,43.907857,57.111227,60.296671,-3.185444,0.950967,0.805094,0.313015,0.483236,-2.404928,690,0.364865,3.0,15.133533
2024-04-18 11:35:00,0.273223,0.103086,0.172236,1.026329,0.070005,0.460538,2.544388,0.092404,1.126415,82.450741,49.104286,80.842778,44.855357,59.339964,60.10533,-0.765365,0.924265,0.993537,0.616555,0.66609,-2.234774,695,0.378378,3.0,15.660483
2024-04-18 11:40:00,0.384496,0.084794,0.154241,0.953451,0.067459,0.470254,2.44338,0.091104,1.139232,83.510335,45.950714,81.394933,45.503214,61.455699,60.375404,1.080295,0.938611,0.998547,1.433069,0.666184,-2.002908,700,0.391892,3.0,16.229981
2024-04-18 11:45:00,0.51697,0.097899,0.230959,1.127129,0.074415,0.599894,2.53855,0.093094,1.280751,86.387212,49.127857,83.04233,46.496429,65.812064,61.462736,4.349328,1.008038,1.099885,-0.580441,0.819394,-1.915731,705,0.405405,3.0,16.074642
2024-04-18 11:50:00,0.568274,0.095262,0.229827,1.107983,0.0735,0.646007,2.389913,0.088593,1.340642,87.752937,49.147143,83.918761,46.741786,70.492611,63.268711,7.223901,1.129033,1.087901,-0.507223,0.903045,-1.822519,710,0.418919,3.0,16.47138
2024-04-18 11:55:00,0.542292,0.104241,0.125901,1.031884,0.076479,0.547048,2.384446,0.088698,1.247742,84.482926,48.671429,82.337788,45.994643,72.633637,65.141696,7.491941,1.190476,0.97968,0.027801,0.829849,-1.952916,715,0.432432,3.0,16.527962
2024-04-18 12:00:00,0.31014,0.095036,0.074082,0.993315,0.077679,0.481314,2.247053,0.088493,1.183921,83.276736,48.415714,81.761251,45.198214,73.222491,66.757855,6.464636,1.215492,0.916739,-0.777709,0.794108,-2.028384,720,0.445946,3.0,14.647766
2024-04-18 12:05:00,0.313341,0.095024,0.090974,0.969155,0.077265,0.491944,2.298278,0.088405,1.197564,84.299909,47.03,82.305838,46.446071,73.95504,68.197292,5.757748,1.255966,0.91461,-1.354842,0.82447,-1.996486,725,0.459459,3.0,11.373291
2024-04-18 12:10:00,0.147023,0.061464,0.07809,0.862447,0.074812,0.468667,2.101575,0.084819,1.175495,84.722599,47.23,82.532953,47.115357,74.150456,69.387925,4.762531,1.309402,0.884796,-0.554613,0.796871,-1.908531,730,0.472973,3.0,13.684463
2024-04-18 12:15:00,0.057501,0.039974,0.068332,0.888637,0.074222,0.446023,1.918794,0.08155,1.152596,85.124981,46.473571,82.747216,46.8375,73.891702,70.28868,3.603022,1.344498,0.85992,-0.824033,0.79324,-1.841124,735,0.486486,3.0,14.515379
2024-04-18 12:20:00,0.090247,0.030936,0.040177,0.87324,0.0747,0.396065,2.057269,0.077537,1.09908,84.336407,45.312143,82.401666,44.589643,72.704112,70.771767,1.932345,1.354317,0.819087,0.350226,0.714788,-1.990545,740,0.5,3.0,14.458616
2024-04-18 12:25:00,-0.048349,0.084018,-0.075398,0.704023,0.086591,0.219163,1.952373,0.081274,0.906863,70.881143,48.152143,76.128459,45.914286,68.22809,70.263031,-2.034941,1.314158,0.685044,0.748309,0.500879,-2.169436,745,0.513514,3.0,12.720577
2024-04-18 12:30:00,-0.114183,0.074524,-0.052619,0.663047,0.087017,0.195065,1.842355,0.080924,0.867587,70.60334,49.284286,75.991067,46.998214,63.881485,68.986722,-5.105237,1.26767,0.662956,-0.985555,0.477131,-2.229582,750,0.527027,3.0,11.445101
2024-04-18 12:35:00,-0.33333,0.099037,-0.163993,0.525467,0.098972,0.001282,1.527604,0.086362,0.64609,57.298786,50.899286,68.897347,47.930357,56.325011,66.45438,-10.129369,1.173017,0.48872,1.095153,0.237895,-2.431749,755,0.540541,3.0,12.801011
2024-04-18 12:40:00,-0.305864,0.105907,-0.074755,0.451089,0.096393,0.048195,1.467973,0.085641,0.670842,59.505036,49.857857,69.685216,47.656071,50.681791,63.299862,-12.618071,1.107379,0.514704,-0.618085,0.246618,-2.347877,760,0.554054,3.0,10.012834
2024-04-18 12:45:00,-0.350634,0.102109,-0.085149,0.408178,0.097623,-0.004328,1.380047,0.086421,0.593173,56.311917,45.906429,67.868305,47.505357,44.74637,59.589164,-14.842794,1.027006,0.444513,0.559693,0.154374,-2.509944,765,0.567568,3.0,9.688502
2024-04-18 12:50:00,-0.250239,0.090973,-0.091828,0.284,0.098156,-0.051484,1.242259,0.086763,0.518988,53.25779,44.225714,66.094879,45.088214,38.656836,55.402698,-16.745862,0.965161,0.371879,-1.023014,0.066808,-2.565466,770,0.581081,3.0,10.557067
2024-04-18 12:55:00,-0.252815,0.090649,-0.0653,0.329768,0.097067,-0.052096,1.132992,0.086144,0.49265,52.899749,40.736429,65.887982,44.932143,33.337608,50.98968,-17.652072,0.87423,0.332843,1.616554,0.052109,-2.803349,775,0.594595,3.0,10.700298
2024-04-18 13:00:00,-0.019676,0.049577,-0.016881,0.309467,0.096692,-0.010956,1.140937,0.086169,0.511851,55.036221,41.808571,66.599577,45.477857,29.496987,46.691141,-17.194155,0.790563,0.346217,-0.876717,0.072922,-2.734959,780,0.608108,3.0,11.455091
2024-04-18 13:05:00,-0.194041,0.060573,-0.092951,0.123664,0.100713,-0.120751,0.878923,0.08696,0.373421,47.872755,44.648571,62.460522,46.66,23.98679,42.150271,-18.163481,0.748919,0.166087,1.858547,-0.060739,-2.996407,785,0.621622,3.0,11.323841
2024-04-18 13:10:00,-0.294194,0.079934,-0.164172,-0.014844,0.106807,-0.247801,0.901569,0.085996,0.210971,40.73803,48.761429,57.805605,48.588571,16.69126,37.058469,-20.367209,0.755466,-0.032389,1.307209,-0.228865,-3.222437,790,0.635135,3.0,13.717293
2024-04-18 13:15:00,-0.330606,0.080875,-0.168877,-0.319894,0.095321,-0.304691,0.712203,0.086496,0.11693,37.266731,46.499286,55.324116,46.764643,9.215261,31.489827,-22.274567,0.863036,-0.050414,1.164131,-0.305077,-3.441879,795,0.648649,3.0,12.689297
2024-04-18 13:20:00,-0.506234,0.08635,-0.234184,-0.560476,0.100455,-0.440308,0.589005,0.090284,-0.063009,31.378991,47.530714,50.708299,47.380357,0.04295,25.200452,-25.157502,1.042731,-0.102875,-1.170035,-0.493674,-3.49308,800,0.662162,3.0,11.32707
2024-04-18 13:25:00,-0.626593,0.042751,-0.210225,-0.831736,0.086525,-0.471582,0.378061,0.089603,-0.138332,29.176918,50.262143,48.834033,48.367857,-8.567754,18.446811,-27.014565,1.212402,-0.05079,-0.029138,-0.560753,-3.623324,805,0.675676,3.0,11.601602
2024-04-18 13:30:00,-0.34405,0.135646,-0.032732,-0.784627,0.091536,-0.281346,0.524379,0.092206,0.02202,38.44226,53.484286,52.462973,49.398214,-12.380496,12.281349,-24.661846,1.263385,0.129387,1.466751,-0.385104,-3.384267,810,0.689189,3.0,13.031183
2024-04-18 13:35:00,-0.281755,0.128625,-0.082391,-0.834324,0.092259,-0.336622,0.480661,0.092965,-0.066136,35.615121,50.595,50.375349,49.373571,-16.824434,6.460193,-23.284627,1.328856,0.11093,0.8981,-0.456701,-3.585567,815,0.702703,3.0,12.975291
2024-04-18 13:40:00,-0.122271,0.137973,-0.007822,-0.749589,0.095502,-0.240857,0.479175,0.092945,0.004357,39.351326,48.574286,51.918672,48.929286,-18.871572,1.39384,-20.265411,1.353882,0.197738,-0.955937,-0.385593,-3.513833,820,0.716216,3.0,14.024296
2024-04-18 13:45:00,-0.06195,0.12249,-0.086587,-0.932499,0.094236,-0.328157,0.407052,0.09443,-0.113052,35.518884,49.838571,49.180078,50.368929,-22.406262,-3.366181,-19.040082,1.377162,0.148442,-0.784983,-0.500659,-3.595205,825,0.72973,3.0,13.493459
2024-04-18 13:50:00,0.055006,0.117145,-0.033803,-0.922854,0.094657,-0.264584,0.494213,0.09412,-0.074147,37.448034,48.815,49.984579,49.336429,-24.289268,-7.550798,-16.73847,1.355834,0.203336,-0.046376,-0.455492,-3.464265,830,0.743243,3.0,12.308184
2024-04-18 13:55:00,-0.129833,0.081572,-0.038245,-0.970384,0.09337,-0.260717,0.584613,0.092562,-0.093863,36.672765,47.087143,49.451906,46.496786,-25.901773,-11.220993,-14.68078,1.302957,0.210588,1.12772,-0.461697,-3.678708,835,0.756757,3.0,13.708105
2024-04-18 14:00:00,-0.038536,0.073209,-0.025167,-0.961917,0.093585,-0.235495,0.552417,0.092526,-0.089706,36.702675,49.037143,49.463743,46.631429,-26.86118,-14.349031,-12.51215,1.218607,0.230535,-1.475009,-0.46242,-3.647862,840,0.77027,3.0,15.276818
2024-04-18 14:05:00,-0.049712,0.070328,0.022895,-0.750942,0.093122,-0.159361,0.530021,0.092231,-0.029045,40.320507,49.835714,50.885281,45.286071,-26.26093,-16.731411,-9.52952,1.150846,0.298933,-0.797012,-0.391608,-3.571892,845,0.783784,3.0,16.809947
2024-04-18 14:10:00,0.244322,0.075798,0.129745,-0.57693,0.104107,0.011015,0.570558,0.093479,0.13711,49.327819,51.405,54.701321,46.606786,-22.471208,-17.87937,-4.591838,1.042252,0.470259,0.730786,-0.200531,-3.386939,850,0.797297,3.0,16.371694
2024-04-18 14:15:00,0.231024,0.076592,0.101566,-0.361838,0.097123,0.030461,0.572994,0.093484,0.153516,50.392672,48.092857,55.178272,46.370714,-18.84711,-18.072918,-0.774192,0.987503,0.509929,1.509031,-0.159263,-3.144137,855,0.810811,3.0,15.216487
2024-04-18 14:20:00,0.269993,0.069375,0.077896,-0.398365,0.096071,0.041413,0.454912,0.091832,0.162216,51.14016,44.355714,55.506687,46.558571,-15.523306,-17.562996,2.03969,0.903909,0.549924,-0.072862,-0.127943,-3.01606,860,0.824324,3.0,14.047114
2024-04-18 14:25:00,0.179585,0.094069,-0.007892,-0.43495,0.097081,-0.043692,0.330197,0.092805,0.069565,46.700845,44.713571,53.14126,45.606429,-14.321769,-16.91475,2.592982,0.825556,0.472442,-1.510664,-0.20052,-3.038786,865,0.837838,3.0,13.822479
2024-04-18 14:30:00,0.177618,0.093949,0.033106,-0.325233,0.098356,0.012528,0.3644,0.093057,0.122176,49.715982,42.048571,54.43292,44.789643,-12.204077,-15.972616,3.768539,0.753918,0.567817,0.625219,-0.128054,-2.865446,870,0.851351,3.0,14.404917
2024-04-18 14:35:00,-0.016173,0.055972,0.007418,-0.341057,0.098334,-0.008546,0.255791,0.092438,0.096246,48.585621,41.227143,53.845111,45.744643,-10.792734,-14.936639,4.143905,0.669421,0.569121,0.946648,-0.138764,-3.064051,875,0.864865,3.0,14.914088
2024-04-18 14:40:00,0.040989,0.067281,0.058156,-0.30138,0.09994,0.06449,0.203556,0.091264,0.169239,52.785576,40.946429,55.649506,47.215357,-8.158402,-13.580992,5.42259,0.550371,0.756734,-0.947941,-0.045664,-2.999853,880,0.878378,3.0,13.479683
2024-04-18 14:45:00,0.021601,0.067328,0.036046,-0.183165,0.096694,0.054656,0.201018,0.091268,0.15867,52.549447,41.89,55.534503,46.2425,-6.073289,-12.079451,6.006162,0.480239,0.804889,-0.01875,-0.038207,-3.129472,885,0.891892,3.0,13.674856
2024-04-18 14:50:00,0.276487,0.07437,0.13394,0.134925,0.097901,0.19872,0.359049,0.094062,0.31113,60.292439,45.577143,59.083877,47.075714,-1.464345,-9.95643,8.492085,0.534201,1.07061,-1.370678,0.148746,-3.098581,890,0.905405,3.0,13.692586
2024-04-18 14:55:00,0.028901,0.132108,-0.037204,0.034294,0.105365,0.008018,0.154257,0.098077,0.116305,50.15111,44.811429,53.945346,47.325,-1.180707,-8.201286,7.020578,0.539401,0.709572,1.455362,-0.017191,-3.331807,895,0.918919,3.0,13.782714
2024-04-18 15:00:00,0.020707,0.132589,-0.044913,0.186759,0.096496,-0.020037,0.086825,0.098062,0.08273,48.748205,44.538571,53.183281,46.676786,-1.47631,-6.85629,5.37998,0.534935,0.637424,0.419473,-0.038221,-3.492558,900,0.932432,3.0,13.759016
2024-04-18 15:05:00,0.022003,0.132775,0.02412,0.349338,0.095306,0.05526,0.224831,0.098322,0.157491,52.589096,48.266429,54.957772,47.676786,-0.262366,-5.537506,5.275139,0.519056,0.76442,0.149957,0.057741,-3.349111,905,0.945946,3.0,13.557096
2024-04-18 15:10:00,-0.010549,0.13409,-0.008339,0.150874,0.089682,0.016847,0.061982,0.0969,0.116072,50.739378,48.254286,53.999021,48.645714,0.046363,-4.420732,4.467095,0.524228,0.677467,-1.310815,0.029081,-3.387686,910,0.959459,3.0,14.150371
2024-04-18 15:15:00,-0.254255,0.097561,-0.058368,0.162541,0.089045,-0.056425,-0.007023,0.097556,0.035342,46.898791,52.14,51.966496,50.987857,-1.107497,-3.758085,2.650588,0.505218,0.511181,1.164252,-0.033718,-3.605195,915,0.972973,3.0,14.277231
2024-04-18 15:20:00,-0.09483,0.059592,-0.058887,0.061777,0.088164,-0.078144,-0.108085,0.097095,0.005166,45.497162,49.970714,51.211023,50.687857,-2.52619,-3.511706,0.985516,0.499334,0.445143,0.700363,-0.056818,-3.7914,920,0.986486,3.0,14.502642
2024-04-18 15:25:00,-0.200952,0.080008,-0.13019,0.047411,0.089286,-0.19401,-0.192678,0.098702,-0.126054,39.684753,54.25,47.923172,51.171429,-6.008458,-4.011056,-1.997402,0.484045,0.156917,0.814323,-0.166416,-3.988182,925,1.0,3.0,13.811886
2024-04-19 09:15:00,-0.27656,0.054326,-0.083292,0.016797,0.088943,-0.170768,-0.247483,0.098279,-0.11602,40.005804,56.512857,48.057687,50.434286,-8.574925,-4.92383,-3.651095,0.479069,0.162673,-0.259787,-0.150554,-3.867147,555,0.0,4.0,14.207663
2024-04-19 09:20:00,-0.015169,0.13834,0.09457,0.26586,0.101831,0.04908,-0.085429,0.103135,0.104837,51.746222,58.922143,53.360395,51.817857,-6.526488,-5.244362,-1.282126,0.442218,0.613434,0.772104,0.088332,-3.67485,560,0.013514,4.0,14.086511
2024-04-19 09:25:00,0.16563,0.137039,0.130684,0.367117,0.103649,0.136254,0.030909,0.104138,0.19832,55.936767,61.224286,55.487027,51.636429,-3.059519,-4.807393,1.747874,0.412834,0.823037,1.397169,0.18693,-3.435217,565,0.027027,4.0,11.97135
2024-04-19 09:30:00,0.082092,0.151003,0.011471,0.193728,0.107183,0.020602,-0.298489,0.100565,0.08144,50.642511,60.53,52.701419,50.878571,-2.306657,-4.307246,2.000589,0.379222,0.526923,1.521015,0.071758,-3.687808,570,0.040541,4.0,12.45496
2024-04-19 09:35:00,0.126915,0.140655,-0.053459,-0.069766,0.102293,-0.064282,-0.448778,0.100833,-0.009859,46.790904,60.181429,50.57501,50.563929,-3.30431,-4.106659,0.802348,0.386114,0.29814,-1.068531,-0.021197,-3.748852,575,0.054054,4.0,12.190659
2024-04-19 09:40:00,0.073757,0.144506,-0.067499,-0.140134,0.102559,-0.101374,-0.687325,0.096685,-0.055377,44.875902,58.836429,49.49598,50.363214,-4.889089,-4.263145,-0.625945,0.401753,0.204579,-1.249556,-0.074702,-3.794927,580,0.067568,4.0,13.116941
2024-04-19 09:45:00,-0.066028,0.10031,0.011898,-0.070147,0.104539,-0.014527,-0.715608,0.095999,0.028804,48.89961,54.508571,51.416378,50.042857,-4.572901,-4.325096,-0.247805,0.401258,0.425546,0.199808,0.00692,-3.641465,585,0.081081,4.0,12.954842
2024-04-19 09:50:00,-0.255884,0.079956,-0.051212,-0.069167,0.104497,-0.09338,-0.763207,0.096506,-0.057559,45.206352,53.302143,49.392156,49.056786,-5.834202,-4.626917,-1.207285,0.413032,0.221374,1.348237,-0.084379,-3.88294,590,0.094595,4.0,12.859099
2024-04-19 09:55:00,-0.219487,0.07434,-0.085405,-0.203441,0.104692,-0.154005,-0.824903,0.096898,-0.129131,42.231251,53.327143,47.705231,48.932857,-8.108051,-5.323144,-2.784907,0.44697,0.093444,0.451324,-0.156092,-4.059452,595,0.108108,4.0,13.070789
2024-04-19 10:00:00,-0.055987,0.083553,-0.008923,-0.109559,0.106233,-0.074227,-0.815301,0.097069,-0.054902,45.828252,54.016429,49.384785,51.141429,-8.530376,-5.96459,-2.565786,0.457653,0.272109,-0.038876,-0.085129,-3.916939,600,0.121622,4.0,13.058933
2024-04-19 10:05:00,0.061275,0.087092,0.040366,-0.119884,0.105821,-0.004332,-0.772358,0.097647,0.013979,49.119723,53.453571,50.960523,50.853929,-7.541937,-6.28006,-1.261877,0.45143,0.436027,-0.09503,-0.020139,-3.777407,605,0.135135,4.0,12.612003
2024-04-19 10:10:00,-0.07287,0.079247,-0.005618,-0.164531,0.10625,-0.048048,-0.844971,0.097586,-0.033436,46.961496,53.54,49.830605,52.84,-7.539919,-6.532032,-1.007887,0.44875,0.345326,0.479801,-0.075542,-3.960153,610,0.148649,4.0,10.818803
2024-04-19 10:15:00,-0.104276,0.087414,-0.083834,-0.448618,0.100782,-0.152094,-0.956071,0.098658,-0.147473,42.06331,52.421429,47.161878,51.196071,-9.564777,-7.138581,-2.426197,0.4075,0.090279,1.42076,-0.186177,-4.214026,615,0.162162,4.0,12.661491
2024-04-19 10:20:00,-0.189058,0.107033,-0.163723,-0.420894,0.098524,-0.283758,-0.964519,0.098901,-0.296841,36.543302,49.659286,43.884213,51.954643,-13.882888,-8.487442,-5.395446,0.49216,-0.124547,0.544609,-0.335766,-4.404599,620,0.175676,4.0,11.082705
2024-04-19 10:25:00,-0.342327,0.087958,-0.163585,-0.47212,0.099441,-0.330456,-1.041843,0.099262,-0.36341,34.114404,50.177857,42.346635,53.345357,-18.538925,-10.497739,-8.041186,0.595244,-0.113487,0.197917,-0.400402,-4.571882,625,0.189189,4.0,10.741183
2024-04-19 10:30:00,-0.638126,0.069883,-0.260835,-0.779077,0.106061,-0.504432,-1.075811,0.100586,-0.567103,28.441566,50.892857,38.453335,54.9075,-25.963354,-13.590862,-12.372492,0.770813,-0.217506,-0.352377,-0.605204,-4.698379,630,0.202703,4.0,11.394321
2024-04-19 10:35:00,-0.535221,0.10547,-0.137585,-0.688394,0.108119,-0.407286,-1.073087,0.100628,-0.492665,31.390921,49.153571,39.830444,55.188929,-30.52707,-16.978103,-13.548967,0.867907,-0.034963,1.211908,-0.519327,-4.456711,635,0.216216,4.0,11.774338
2024-04-19 10:40:00,-0.492276,0.105918,-0.143063,-0.686176,0.108071,-0.438048,-1.096852,0.100838,-0.547047,29.546148,52.801429,38.571474,56.665714,-35.101297,-20.602742,-14.498555,0.981021,-0.016521,-0.141223,-0.577928,-4.600996,640,0.22973,4.0,12.341606
2024-04-19 10:45:00,-0.303248,0.111493,-0.076785,-0.628631,0.108968,-0.371279,-1.017148,0.100983,-0.498969,31.129027,51.373571,39.2941,55.7775,-37.796076,-24.041409,-13.754667,1.058499,0.077183,-1.239385,-0.537211,-4.534901,645,0.243243,4.0,13.110796
2024-04-19 10:50:00,-0.062947,0.146671,0.054878,-0.33449,0.113928,-0.192412,-0.853477,0.104119,-0.327207,39.469511,52.593571,43.237649,55.715,-36.691802,-26.571488,-10.120314,1.088435,0.249796,1.55342,-0.35222,-4.26745,650,0.256757,4.0,14.374169
2024-04-19 10:55:00,0.25761,0.087117,0.098237,-0.247598,0.116454,-0.090567,-0.801454,0.104968,-0.225815,43.738372,57.773571,45.378442,56.141071,-33.788319,-28.014854,-5.773465,1.098115,0.34727,0.518071,-0.246671,-4.072741,655,0.27027,4.0,14.671452
2024-04-19 11:00:00,0.073589,0.118477,-0.020533,-0.600234,0.104747,-0.198507,-0.807815,0.105104,-0.340578,39.548601,58.580714,43.030837,55.941429,-33.388401,-29.089563,-4.298838,1.089318,0.25546,-0.204486,-0.358025,-4.213802,660,0.283784,4.0,17.578095
2024-04-19 11:05:00,0.213134,0.107373,0.027881,-0.639076,0.102503,-0.123297,-0.593609,0.10378,-0.267529,42.419039,61.994286,44.470466,57.660714,-31.602501,-29.592151,-2.01035,1.021622,0.331505,0.902814,-0.280744,-3.995753,665,0.297297,4.0,16.564683
2024-04-19 11:10:00,0.274519,0.108768,0.078069,-0.43757,0.10404,-0.030912,-0.416191,0.104135,-0.171536,46.347051,63.377857,46.478567,58.697143,-28.279616,-29.329644,1.050028,0.966974,0.436808,1.194385,-0.171088,-3.75649,670,0.310811,4.0,16.792062
2024-04-19 11:15:00,0.022681,0.106586,-0.009538,-0.438244,0.104064,-0.111467,-0.326408,0.101818,-0.253366,43.071429,64.537143,44.741593,58.995357,-26.972517,-28.858218,1.885702,0.937093,0.359773,1.252681,-0.243171,-4.003131,675,0.324324,4.0,16.431209
2024-04-19 11:20:00,-0.182189,0.103704,-0.081393,-0.502722,0.105902,-0.202578,-0.357832,0.102385,-0.351307,39.417684,61.803571,42.725048,57.671786,-27.612225,-28.60902,0.996794,0.927837,0.264372,-1.877045,-0.344046,-4.025016,680,0.337838,4.0,15.886072
2024-04-19 11:25:00,-0.086383,0.09033,-0.076306,-0.62048,0.102656,-0.213174,-0.551347,0.099503,-0.369228,38.388715,62.186429,42.147054,57.303929,-28.3771,-28.562636,0.185536,0.884491,0.250669,-0.424503,-0.365543,-4.14977,685,0.351351,4.0,16.173337
2024-04-19 11:30:00,-0.323551,0.099934,-0.167688,-0.706483,0.106942,-0.351132,-0.635274,0.101576,-0.522519,33.412379,62.827143,39.231156,56.243214,-31.71702,-29.193513,-2.523508,0.900346,0.100169,0.198022,-0.511586,-4.318204,690,0.364865,4.0,17.631578
2024-04-19 11:35:00,-0.296923,0.110402,-0.034607,-0.514837,0.111597,-0.213172,-0.590329,0.102532,-0.39124,39.037975,60.287857,41.982693,55.232857,-31.946906,-29.744191,-2.202715,0.887638,0.253653,0.946876,-0.369904,-4.093855,695,0.378378,4.0,16.921369
2024-04-19 11:40:00,-0.456792,0.141266,-0.191529,-0.837515,0.119913,-0.421021,-0.720205,0.10696,-0.617701,32.577631,58.965,38.084907,54.928929,-36.177536,-31.03086,-5.146676,0.911082,0.02939,0.710666,-0.590983,-4.303732,700,0.391892,4.0,16.210413
2024-04-19 11:45:00,-0.474219,0.142132,-0.214417,-1.035198,0.118441,-0.498309,-0.884873,0.107936,-0.717818,29.845987,63.402143,36.290504,56.277857,-41.346975,-33.094083,-8.252892,0.92313,-0.048634,0.255709,-0.691676,-4.482612,705,0.405405,4.0,16.934902
2024-04-19 11:50:00,-0.49216,0.140388,-0.177074,-1.037472,0.118439,-0.497086,-0.912144,0.108037,-0.738606,28.824798,59.454286,35.607917,56.127857,-45.815373,-35.638341,-10.177032,0.933036,-0.041683,-0.689136,-0.710471,-4.593219,710,0.418919,4.0,17.478896
2024-04-19 11:55:00,-0.365028,0.134451,-0.149847,-0.965663,0.117352,-0.492864,-0.959817,0.10808,-0.755281,27.867934,58.958571,34.972257,55.166071,-49.622975,-38.435268,-11.187707,0.970995,-0.019613,0.939878,-0.698276,-4.820102,715,0.432432,4.0,19.436653
2024-04-19 12:00:00,-0.491174,0.096492,-0.107127,-0.815967,0.114505,-0.455843,-1.029404,0.107491,-0.736157,27.644408,57.912143,34.826432,55.252857,-52.228098,-41.193834,-11.034264,1.030372,0.039454,-1.809124,-0.677494,-4.856487,720,0.445946,4.0,20.464533
2024-04-19 12:05:00,-0.240605,0.050738,-0.07233,-0.736299,0.11441,-0.413807,-1.200467,0.103893,-0.708761,27.614971,53.075,34.807858,55.424286,-53.697092,-43.694486,-10.002606,1.082728,0.094443,-1.194559,-0.662916,-4.932195,725,0.459459,4.0,20.694124
2024-04-19 12:10:00,-0.158658,0.023733,-0.080204,-0.557646,0.105348,-0.417796,-1.270217,0.103725,-0.726936,26.518146,51.095,34.127043,54.837857,-55.070496,-45.969688,-9.100808,1.164166,0.105653,0.620137,-0.678842,-5.134402,730,0.472973,4.0,20.364751
2024-04-19 12:15:00,-0.027908,0.052205,-0.000297,-0.532721,0.106526,-0.306186,-1.206532,0.10464,-0.622453,31.399311,47.748571,36.277143,54.871429,-54.130906,-47.601931,-6.528975,1.202282,0.206353,-1.671063,-0.578489,-5.096915,735,0.486486,4.0,20.580014
2024-04-19 12:20:00,-0.211998,0.115626,-0.154761,-0.686719,0.115602,-0.486235,-1.346947,0.108315,-0.819513,25.997436,44.84,33.029735,54.108929,-56.809565,-49.443458,-7.366107,1.305692,0.078988,0.900155,-0.749832,-5.320733,740,0.5,4.0,20.404797
2024-04-19 12:25:00,-0.230453,0.114654,-0.122731,-0.743547,0.114682,-0.466507,-1.432558,0.107624,-0.815535,25.404211,43.845714,32.647742,54.191429,-58.768975,-51.308561,-7.460414,1.393506,0.11121,0.638571,-0.730984,-5.527197,745,0.513514,4.0,19.039706
2024-04-19 12:30:00,-0.326518,0.113337,-0.146925,-0.998094,0.105537,-0.510258,-1.507136,0.108057,-0.876889,23.480272,43.855,31.392339,52.829286,-61.328753,-53.3126,-8.016153,1.461021,0.096805,-0.692896,-0.793017,-5.638854,750,0.527027,4.0,19.047941
2024-04-19 12:35:00,-0.296305,0.115292,-0.10977,-1.107058,0.100456,-0.477803,-1.603091,0.106902,-0.859626,23.139085,43.547143,31.167638,52.866786,-62.941698,-55.238419,-7.703278,1.476196,0.126532,-1.71599,-0.784824,-5.676994,755,0.540541,4.0,18.872819
2024-04-19 12:40:00,-0.385591,0.093088,-0.079738,-0.989118,0.099406,-0.441328,-1.608725,0.106875,-0.835536,22.939964,42.321429,31.039834,52.574286,-63.658032,-56.922342,-6.73569,1.499171,0.158717,-1.621098,-0.762545,-5.717005,760,0.554054,4.0,18.640278
2024-04-19 12:45:00,-0.2719,0.049642,-0.131716,-1.167397,0.096852,-0.505676,-1.886456,0.103653,-0.915346,20.640937,44.135,29.530567,52.211429,-65.535979,-58.645069,-6.89091,1.508352,0.121782,0.340834,-0.813949,-5.901911,765,0.567568,4.0,18.210969
2024-04-19 12:50:00,-0.335081,0.049697,-0.149575,-1.346958,0.090569,-0.541182,-1.791222,0.10165,-0.967987,19.028452,42.166429,28.405947,50.565714,-67.863876,-60.488831,-7.375045,1.471389,0.09552,0.86523,-0.844274,-6.123308,770,0.581081,4.0,19.901039
2024-04-19 12:55:00,-0.194685,0.065447,-0.071041,-1.213241,0.093646,-0.451057,-1.719237,0.102264,-0.889326,22.07794,38.402857,29.697508,50.9025,-68.16848,-62.024761,-6.14372,1.408719,0.151087,-0.054495,-0.758716,-5.966543,775,0.594595,4.0,20.597305
2024-04-19 13:00:00,-0.176591,0.067394,-0.047065,-1.101511,0.09378,-0.407859,-1.798458,0.101029,-0.854309,22.111726,38.010714,29.711571,48.7325,-67.622304,-63.144269,-4.478035,1.347965,0.176633,0.410297,-0.720902,-5.776184,780,0.608108,4.0,21.534168
2024-04-19 13:05:00,-0.26436,0.070468,-0.096537,-1.165487,0.094086,-0.457285,-1.858479,0.101403,-0.91423,20.120008,40.293571,28.459881,49.626071,-68.114932,-64.138402,-3.97653,1.286756,0.131003,-1.844458,-0.793069,-5.807466,785,0.621622,4.0,20.926496
2024-04-19 13:10:00,0.013314,0.106813,0.042385,-0.833384,0.10179,-0.269456,-1.623266,0.104984,-0.726005,31.076058,43.717143,33.239355,50.814643,-64.953373,-64.301396,-0.651977,1.217082,0.275269,1.00005,-0.59271,-5.57497,790,0.635135,4.0,19.903875
2024-04-19 13:15:00,0.291708,0.116723,0.151859,-0.764526,0.108431,-0.07642,-1.411247,0.109425,-0.520714,41.151971,45.909286,38.202398,49.492143,-58.523738,-63.145864,4.622127,1.035852,0.451676,0.590915,-0.385622,-5.370989,795,0.648649,4.0,19.620991
2024-04-19 13:20:00,0.074809,0.156947,-0.014435,-0.68568,0.101413,-0.225823,-1.447672,0.110289,-0.666061,35.868265,48.743571,35.63205,49.919286,-55.825149,-61.681721,5.856573,0.95551,0.302369,0.954635,-0.499284,-5.601952,800,0.662162,4.0,19.865063
2024-04-19 13:25:00,0.068079,0.157132,-0.013799,-0.562632,0.099016,-0.210017,-1.459078,0.110228,-0.64609,35.690146,48.030714,35.54254,47.889643,-53.183176,-59.982012,6.798837,0.9039,0.315353,-1.242621,-0.467484,-5.673716,805,0.675676,4.0,19.519734
2024-04-19 13:30:00,0.36947,0.161351,0.126153,-0.309688,0.111459,-0.006576,-1.480931,0.10922,-0.42688,45.196049,48.700714,40.564461,46.770357,-46.988431,-57.383296,10.394865,0.844428,0.560965,-0.950188,-0.240663,-5.583344,810,0.689189,4.0,19.331506
2024-04-19 13:35:00,0.247685,0.154072,0.109908,-0.223551,0.11182,0.029108,-1.542677,0.108035,-0.373124,46.814083,47.843571,41.468262,45.844643,-40.927039,-54.092045,13.165005,0.796647,0.627378,-0.203741,-0.160881,-5.440262,815,0.702703,4.0,20.292926
2024-04-19 13:40:00,0.046852,0.134742,0.063101,-0.227977,0.111824,0.01257,-1.445961,0.107399,-0.373107,46.236852,50.690714,41.213076,47.272857,-35.975727,-50.468781,14.493055,0.745189,0.631103,0.041214,-0.123814,-5.599069,820,0.716216,4.0,20.59215
2024-04-19 13:45:00,0.16406,0.101035,0.004512,-0.28282,0.112239,-0.03957,-1.411111,0.107094,-0.412433,44.07105,54.971429,40.262165,49.259286,-32.663721,-46.907769,14.244048,0.681539,0.581491,-0.4554,-0.128431,-5.724563,825,0.72973,4.0,19.608135
2024-04-19 13:50:00,0.081851,0.114715,-0.055899,-0.323096,0.113239,-0.115705,-1.451109,0.107398,-0.480872,40.840355,54.053571,38.806068,48.1875,-31.22903,-43.772021,12.542991,0.624263,0.473338,-0.410184,-0.206493,-5.855622,830,0.743243,4.0,19.180136
2024-04-19 13:55:00,-0.178539,0.049076,-0.075626,-0.459895,0.111262,-0.156701,-1.591848,0.106181,-0.517131,38.844891,51.395714,37.881587,47.765357,-30.746249,-41.166867,10.420617,0.508945,0.399613,0.837082,-0.231118,-6.072968,835,0.756757,4.0,18.522596
2024-04-19 14:00:00,-0.306992,0.030483,-0.110421,-0.318534,0.101344,-0.223114,-1.593125,0.106195,-0.582996,35.892604,50.76,36.473015,46.463214,-31.576364,-39.248766,7.672402,0.494834,0.247203,-0.657443,-0.290808,-6.186109,840,0.77027,4.0,18.703534
2024-04-19 14:05:00,-0.259243,0.049955,-0.051865,-0.256768,0.101859,-0.172396,-1.485229,0.106382,-0.529033,37.741571,53.717857,37.349593,46.060357,-31.30131,-37.659275,6.357965,0.475897,0.332727,-0.037979,-0.211857,-6.031523,845,0.783784,4.0,17.536282
2024-04-19 14:10:00,-0.279162,0.051178,-0.085425,-0.235443,0.101032,-0.224905,-1.631259,0.105546,-0.581303,35.190169,58.819286,36.14235,48.415,-32.04933,-36.537286,4.487956,0.489154,0.20554,-0.590837,-0.254723,-6.148116,850,0.797297,4.0,17.357535
2024-04-19 14:15:00,-0.271493,0.050063,-0.110731,-0.29829,0.102201,-0.27637,-1.778847,0.104707,-0.635708,32.676163,58.166429,34.905852,49.23,-33.665365,-35.962902,2.297537,0.522939,0.099045,-1.20025,-0.311324,-6.220881,855,0.810811,4.0,18.050177
2024-04-19 14:20:00,-0.367018,0.067019,-0.176036,-0.441336,0.106758,-0.388489,-1.881526,0.106006,-0.757326,28.51109,56.987857,32.702751,50.3525,-37.197069,-36.209735,-0.987333,0.608997,-0.059288,0.510121,-0.433127,-6.41145,860,0.824324,4.0,18.078901
2024-04-19 14:25:00,-0.321304,0.067334,-0.14684,-0.367914,0.104529,-0.391432,-1.806918,0.105346,-0.769957,27.428383,54.0,32.098592,49.954643,-40.301998,-37.028188,-3.27381,0.699773,-0.023411,-1.858332,-0.453571,-6.432318,865,0.837838,4.0,17.165024
2024-04-19 14:30:00,-0.478089,0.043055,-0.181044,-0.399889,0.105963,-0.466731,-1.770506,0.104575,-0.858915,24.589497,54.533571,30.451614,51.638571,-44.426008,-38.507752,-5.918257,0.823923,-0.071162,1.59445,-0.538433,-6.698794,870,0.851351,4.0,16.54861
2024-04-19 14:35:00,-0.459179,0.045949,-0.158933,-0.49983,0.105192,-0.474091,-1.7466,0.104414,-0.8801,23.393113,56.757857,29.725875,52.394286,-48.137572,-40.433716,-7.703856,0.950018,-0.029185,0.16277,-0.565696,-6.862691,875,0.864865,4.0,16.672961
2024-04-19 14:40:00,-0.320457,0.082337,-0.066973,-0.441981,0.106725,-0.376321,-1.464825,0.101455,-0.790035,27.28917,54.014286,31.458245,51.3575,-49.487799,-42.244533,-7.243267,1.030099,0.089919,-0.319878,-0.472913,-6.733281,880,0.878378,4.0,17.156043
2024-04-19 14:45:00,-0.17337,0.0675,-0.048609,-0.350507,0.105265,-0.345948,-1.524573,0.100788,-0.76494,27.138769,55.560714,31.377079,51.702143,-50.083814,-43.812389,-6.271425,1.098053,0.125806,-0.282965,-0.460141,-6.863417,885,0.891892,4.0,17.993113
2024-04-19 14:50:00,-0.122351,0.069545,-0.027782,-0.503063,0.096885,-0.306838,-1.441881,0.100701,-0.728538,27.642053,53.947143,31.591577,52.318929,-49.860363,-45.021984,-4.83838,1.150992,0.170818,-0.69462,-0.426346,-6.763414,890,0.905405,4.0,17.847901
2024-04-19 14:55:00,-0.005093,0.041373,-0.023461,-0.694643,0.083484,-0.284382,-1.476739,0.100416,-0.707237,27.424448,48.24,31.482722,51.605714,-49.244721,-45.866531,-3.37819,1.161773,0.197404,1.223969,-0.394772,-7.002845,895,0.918919,4.0,16.530652
2024-04-19 15:00:00,0.016306,0.034664,-0.039565,-0.557996,0.076886,-0.289759,-1.668681,0.096644,-0.713942,26.342704,49.122857,30.947082,51.588214,-48.819421,-46.457109,-2.362312,1.199531,0.200335,0.17292,-0.408035,-7.165323,900,0.932432,4.0,17.955644
2024-04-19 15:05:00,-0.096113,0.024894,-0.062292,-0.605336,0.076916,-0.31086,-1.812472,0.094948,-0.73755,24.764103,51.216429,30.148825,51.306071,-48.857611,-46.93721,-1.920401,1.239579,0.191088,-1.354015,-0.453866,-7.218244,905,0.945946,4.0,18.253531
2024-04-19 15:10:00,-0.161401,0.032236,-0.089054,-0.877571,0.054189,-0.345665,-1.75581,0.09415,-0.776846,22.816823,49.747143,29.118755,50.253571,-49.557645,-47.461297,-2.096348,1.234859,0.167949,0.278996,-0.50298,-7.386044,910,0.959459,4.0,18.659602
2024-04-19 15:15:00,-0.13852,0.039924,-0.039485,-0.886375,0.053506,-0.285903,-1.787727,0.093572,-0.718121,25.459901,44.69,30.154984,49.203929,-49.027612,-47.77456,-1.253053,1.181074,0.2156,0.649843,-0.446578,-7.193036,915,0.972973,4.0,18.965119
2024-04-19 15:20:00,-0.276319,0.063252,-0.123286,-1.015419,0.057524,-0.389999,-2.017957,0.093043,-0.828923,21.583838,41.721429,28.081818,50.270357,-50.555278,-48.330703,-2.224575,1.140785,0.123092,-0.333545,-0.570368,-7.315621,920,0.986486,4.0,17.927629
2024-04-19 15:25:00,-0.156041,0.089885,-0.025807,-0.875789,0.064994,-0.276616,-1.844381,0.094397,-0.715935,28.410622,41.839286,30.945406,50.002857,-49.720996,-48.608762,-1.112234,1.062771,0.216063,1.535269,-0.453678,-7.064823,925,1.0,4.0,17.608324
2024-04-22 09:15:00,-0.141852,0.089211,-0.043649,-0.827503,0.06415,-0.286143,-1.772793,0.093771,-0.725909,27.214602,39.044286,30.357811,48.016071,-49.182786,-48.723567,-0.45922,0.998443,0.199683,0.283082,-0.466773,-7.231993,555,0.0,0.0,17.865583
2024-04-22 09:20:00,-0.184711,0.09616,-0.10523,-0.883699,0.066114,-0.362024,-1.852495,0.094423,-0.806597,24.07434,40.532143,28.730083,47.266071,-50.163018,-49.011457,-1.151561,0.958768,0.114673,-0.848061,-0.567942,-7.323169,560,0.013514,0.0,18.898211
2024-04-22 09:25:00,-0.304081,0.090075,-0.130016,-0.883481,0.066106,-0.40864,-1.768543,0.092635,-0.860814,21.93375,38.277143,27.527953,46.405357,-51.900544,-49.589274,-2.311269,0.953763,0.065207,0.435984,-0.616283,-7.500182,565,0.027027,0.0,18.958393
2024-04-22 09:30:00,-0.266499,0.082498,-0.15854,-1.02262,0.064943,-0.467038,-1.988059,0.090542,-0.930039,19.674397,38.264286,26.166289,47.511071,-54.518713,-50.575162,-3.943551,0.938136,-0.00189,1.685463,-0.658332,-7.763272,570,0.040541,0.0,15.838444
2024-04-22 09:35:00,-0.379231,0.039483,-0.124703,-0.97526,0.064858,-0.448384,-1.767901,0.085203,-0.920987,19.115219,39.595714,25.817059,46.805,-56.436097,-51.747349,-4.688748,0.925012,0.013116,0.595045,-0.636929,-7.951722,575,0.054054,0.0,15.597093
2024-04-22 09:40:00,-0.451267,0.035947,-0.157796,-1.006274,0.066029,-0.506779,-1.750141,0.084832,-0.991834,17.060642,39.209286,24.483736,47.385,-59.212895,-53.240458,-5.972437,0.953726,-0.036352,-1.777491,-0.737337,-7.972858,580,0.067568,0.0,15.949747
2024-04-22 09:45:00,-0.273142,0.074555,-0.062241,-0.790309,0.066158,-0.400563,-1.636472,0.085962,-0.891845,22.245854,38.639286,26.744112,46.293214,-59.608815,-54.514129,-5.094685,0.975544,0.08197,-1.21397,-0.650733,-7.914579,585,0.081081,0.0,17.243636
2024-04-22 09:50:00,-0.301614,0.078878,-0.120375,-0.863903,0.068461,-0.469238,-1.706022,0.086785,-0.969889,19.801814,39.490714,25.304187,43.865357,-61.265119,-55.864327,-5.400792,1.027399,0.030389,-1.472654,-0.737808,-7.949851,590,0.094595,0.0,17.954952
2024-04-22 09:55:00,-0.453374,0.120199,-0.253563,-0.998041,0.082199,-0.658961,-1.950827,0.092369,-1.179614,15.721224,46.42,22.542919,47.771429,-66.30792,-57.953046,-8.354874,1.191836,-0.080063,0.819296,-0.922765,-8.150848,595,0.108108,0.0,20.445161
2024-04-22 10:00:00,-0.5383,0.115083,-0.244971,-1.05397,0.083418,-0.698938,-2.061037,0.092791,-1.241966,14.332451,48.137143,21.481508,49.676786,-71.443243,-60.651085,-10.792158,1.366216,-0.050316,1.499155,-0.955738,-8.404606,600,0.121622,0.0,21.869504
2024-04-22 10:05:00,-0.660855,0.128556,-0.320125,-1.34433,0.088443,-0.844278,-2.244333,0.09674,-1.417084,11.979972,54.222857,19.514669,51.985,-78.657036,-64.252275,-14.40476,1.58077,-0.080898,-0.162539,-1.131205,-8.538822,605,0.135135,0.0,23.217167
2024-04-22 10:10:00,-0.772938,0.089185,-0.245839,-1.386173,0.087388,-0.80792,-2.369515,0.095039,-1.408103,11.560689,55.722143,19.141751,50.206071,-84.234143,-68.248649,-15.985494,1.747798,-0.01332,-0.20171,-1.106265,-8.672538,610,0.148649,0.0,24.159955
2024-04-22 10:15:00,-0.599782,0.131273,-0.126723,-1.337789,0.090295,-0.681195,-2.088001,0.092357,-1.300516,15.260056,55.635714,20.956089,48.678571,-86.692057,-71.937331,-14.754727,1.834893,0.077651,1.105812,-0.980453,-8.44857,615,0.162162,0.0,22.777519
2024-04-22 10:20:00,-0.324125,0.114995,-0.073324,-1.313905,0.091296,-0.601605,-2.042884,0.092718,-1.234206,16.390284,52.753571,21.504211,47.296429,-87.344246,-75.018714,-12.325532,1.874903,0.130547,-1.05645,-0.91894,-8.376846,620,0.175676,0.0,23.62457
2024-04-22 10:25:00,-0.381986,0.123747,-0.163408,-1.448,0.093946,-0.699249,-2.11554,0.094217,-1.349493,14.291624,56.810714,20.031509,47.9275,-89.779502,-77.970871,-11.808631,1.939688,0.092223,0.476143,-1.0248,-8.556145,625,0.189189,0.0,24.224054
2024-04-22 10:30:00,-0.264346,0.093533,-0.187127,-1.510461,0.094339,-0.738535,-2.212998,0.094728,-1.408476,13.064086,56.867143,19.106833,48.699643,-92.653854,-80.907468,-11.746386,2.012098,0.086556,1.588318,-1.065177,-8.817087,630,0.202703,0.0,23.698033
2024-04-22 10:35:00,-0.092258,0.12284,-0.042166,-1.317878,0.104435,-0.557051,-2.082024,0.097585,-1.236289,20.811852,58.637857,23.005433,48.4575,-91.745567,-83.075088,-8.670479,2.020441,0.18179,0.965036,-0.869475,-8.596941,635,0.216216,0.0,24.284679
2024-04-22 10:40:00,-0.162875,0.116012,-0.03792,-1.361851,0.102738,-0.517514,-1.98096,0.097039,-1.202354,20.577523,56.792143,22.869813,47.528214,-90.238099,-84.50769,-5.730409,1.98573,0.2032,1.113232,-0.839311,-8.82897,640,0.22973,0.0,24.702746
2024-04-22 10:45:00,-0.22412,0.112685,-0.054988,-1.262249,0.101228,-0.508604,-1.933825,0.096744,-1.198083,19.848583,56.231429,22.45405,47.913571,-88.78492,-85.363136,-3.421784,1.968993,0.210254,0.740538,-0.809665,-9.0348,645,0.243243,0.0,24.237726
2024-04-22 10:50:00,0.00282,0.092747,0.000217,-1.291195,0.09916,-0.410524,-1.921837,0.096971,-1.099055,23.473225,57.092143,24.227653,48.150714,-85.695677,-85.429644,-0.266033,1.874538,0.259565,0.35732,-0.70396,-8.854782,650,0.256757,0.0,24.114335
2024-04-22 10:55:00,0.308617,0.096272,0.125546,-1.066166,0.11417,-0.201875,-1.737688,0.102025,-0.877419,34.352133,58.084286,29.886394,48.361786,-79.10387,-84.164489,5.060619,1.724038,0.378364,-1.106557,-0.487524,-8.778461,655,0.27027,0.0,23.85104
2024-04-22 11:00:00,0.262603,0.090864,0.1358,-0.875642,0.116863,-0.112057,-1.564665,0.102848,-0.768782,38.284755,58.432857,32.075969,48.961786,-71.708079,-81.673207,9.965128,1.575424,0.444394,1.064628,-0.368869,-8.548934,660,0.283784,0.0,24.081519
2024-04-22 11:05:00,0.245533,0.094267,0.069326,-0.818069,0.116384,-0.13008,-1.753372,0.099056,-0.769128,37.307308,56.464286,31.65957,51.442143,-65.636528,-78.465871,12.829344,1.431459,0.445408,-1.690267,-0.379604,-8.585164,665,0.297297,0.0,23.656944
2024-04-22 11:10:00,0.278934,0.086883,0.038703,-0.722261,0.115468,-0.127877,-1.946316,0.093878,-0.749924,36.947181,53.128571,31.509192,50.632857,-60.323072,-74.837312,14.514239,1.300991,0.459211,0.916574,-0.329498,-8.802278,670,0.310811,0.0,24.201857
2024-04-22 11:15:00,0.237188,0.088905,0.034928,-0.680418,0.116,-0.103337,-1.762697,0.092139,-0.707663,37.734706,48.745,31.917213,51.483929,-55.239732,-70.917796,15.678064,1.150757,0.495531,0.527872,-0.273148,-8.613366,675,0.324324,0.0,22.284269
2024-04-22 11:20:00,-0.054225,0.066085,-0.045451,-0.671577,0.115702,-0.186674,-1.857785,0.092528,-0.778469,34.265381,48.498571,30.498895,52.110357,-52.380935,-67.210423,14.829488,1.022097,0.427163,1.183043,-0.348795,-8.850627,680,0.337838,0.0,22.002341
2024-04-22 11:25:00,-0.277429,0.066401,-0.127207,-0.879904,0.115845,-0.300211,-2.199098,0.086991,-0.886782,30.071493,48.693571,28.639863,52.164643,-52.013947,-64.171128,12.157181,0.824146,0.287135,-1.715538,-0.461044,-8.884902,685,0.351351,0.0,20.317653
2024-04-22 11:30:00,-0.285441,0.065776,-0.111342,-0.80198,0.114522,-0.307587,-2.275856,0.086164,-0.890194,29.026043,52.11,28.153568,52.431786,-51.808541,-61.698611,9.89007,0.629586,0.222262,0.461673,-0.445402,-9.073131,690,0.364865,0.0,19.834754
2024-04-22 11:35:00,-0.408422,0.067371,-0.163977,-0.67743,0.104902,-0.399842,-2.392519,0.086943,-0.983823,25.762962,49.829286,26.570767,53.32,-53.340277,-60.026944,6.686667,0.584725,0.029193,1.371611,-0.529897,-9.329318,695,0.378378,0.0,20.35169
2024-04-22 11:40:00,-0.472317,0.047944,-0.143014,-0.61453,0.103311,-0.40742,-2.386832,0.086936,-0.993661,24.645365,49.932143,26.002915,53.399643,-54.787645,-58.979084,4.191439,0.586732,-0.002618,1.013185,-0.505258,-9.562553,700,0.391892,0.0,20.373302
2024-04-22 11:45:00,-0.404892,0.054127,-0.118965,-0.415641,0.091507,-0.400665,-2.335094,0.086761,-0.988746,23.864333,46.431429,25.605357,52.534643,-55.89635,-58.362537,2.466187,0.650188,0.024076,0.220513,-0.488404,-9.739252,705,0.405405,0.0,20.262667
2024-04-22 11:50:00,-0.082252,0.116072,0.039325,-0.189963,0.1014,-0.201989,-2.104761,0.092408,-0.780724,35.02809,50.104286,31.104917,53.448214,-53.111816,-57.312393,4.200577,0.658087,0.314122,1.368349,-0.279017,-9.477248,710,0.418919,0.0,20.33146
2024-04-22 11:55:00,-0.167533,0.126195,-0.057219,-0.370609,0.103314,-0.295783,-2.139151,0.092908,-0.869653,31.527015,50.402143,29.513747,53.316786,-52.446078,-56.33913,3.893052,0.68266,0.164929,-0.509009,-0.363872,-9.601844,715,0.432432,0.0,21.900961
2024-04-22 12:00:00,-0.088705,0.114815,-0.075298,-0.442845,0.103282,-0.317982,-2.225629,0.092274,-0.888939,30.086215,48.243571,28.833226,52.667857,-52.270516,-55.525407,3.254891,0.710419,0.130907,-1.742313,-0.373821,-9.629383,720,0.445946,0.0,20.794709
2024-04-22 12:05:00,-0.097842,0.115537,-0.089952,-0.331049,0.097624,-0.341585,-2.209344,0.092189,-0.911184,28.58202,47.190714,28.114364,52.6375,-52.546409,-54.929608,2.383199,0.766376,0.101809,0.202051,-0.385954,-9.805126,725,0.459459,0.0,21.682442
2024-04-22 12:10:00,-0.064842,0.115348,-0.061557,-0.216441,0.094725,-0.311281,-2.13272,0.092229,-0.87801,28.521323,45.820714,28.085663,52.126786,-52.203631,-54.384412,2.180781,0.811249,0.134225,0.423905,-0.370234,-9.999641,730,0.472973,0.0,20.169845
2024-04-22 12:15:00,-0.186984,0.067858,-0.003903,-0.284596,0.090749,-0.23142,-1.927867,0.091868,-0.790753,32.187548,42.735714,29.841579,49.6,-50.397253,-53.58698,3.189727,0.838028,0.229174,-1.452028,-0.30191,-9.949972,735,0.486486,0.0,19.702404
2024-04-22 12:20:00,-0.152036,0.057588,-0.062692,-0.359793,0.092324,-0.290808,-1.97297,0.092152,-0.845926,29.547463,43.987143,28.667382,48.557857,-49.932915,-52.856167,2.923253,0.883234,0.161561,-0.589204,-0.377663,-10.068666,740,0.5,0.0,19.866001
2024-04-22 12:25:00,-0.217624,0.070775,-0.122733,-0.436364,0.095045,-0.37275,-1.969738,0.092091,-0.928728,26.408344,43.744286,27.175146,46.244643,-51.052616,-52.495457,1.442841,0.959558,0.085024,0.233249,-0.462205,-10.245778,745,0.513514,0.0,19.014321
2024-04-22 12:30:00,-0.356668,0.100035,-0.214474,-0.689336,0.100995,-0.516797,-2.108635,0.094779,-1.082089,22.243322,46.220714,24.969206,47.359643,-54.707281,-52.937822,-1.769459,1.092495,-0.014395,-1.42749,-0.631973,-10.298651,750,0.527027,0.0,19.219459
2024-04-22 12:35:00,-0.484748,0.094204,-0.230322,-1.005653,0.08837,-0.585754,-2.294024,0.094439,-1.164606,20.010816,45.780714,23.660886,47.237143,-59.153674,-54.180992,-4.972682,1.212896,-0.029322,1.178782,-0.719155,-10.547118,755,0.540541,0.0,19.948151
2024-04-22 12:40:00,-0.532077,0.075437,-0.148237,-1.074939,0.084296,-0.522925,-2.28027,0.094583,-1.1117,20.544859,45.038571,23.917962,48.574286,-61.825991,-55.709992,-6.115999,1.262845,0.040528,-1.72954,-0.702088,-10.521894,760,0.554054,0.0,18.754408
2024-04-22 12:45:00,-0.480434,0.081591,-0.124355,-1.081376,0.084218,-0.507807,-2.324418,0.094282,-1.10493,19.874406,42.302143,23.532377,46.065714,-63.858877,-57.339769,-6.519108,1.297771,0.065224,-1.746436,-0.724716,-10.54054,765,0.567568,0.0,18.677036
2024-04-22 12:50:00,-0.497736,0.08328,-0.175432,-1.207494,0.0856,-0.584689,-2.452702,0.094983,-1.194003,17.627476,42.407857,22.187018,46.17,-67.058787,-59.283573,-7.775214,1.34882,0.024103,-1.5574,-0.852876,-10.56811,770,0.581081,0.0,18.30047
2024-04-22 12:55:00,-0.376732,0.062163,-0.168679,-1.297582,0.08384,-0.599099,-2.493322,0.095043,-1.221368,16.506254,43.775714,21.476629,45.103571,-70.104314,-61.447721,-8.656593,1.376894,0.024962,1.083436,-0.877454,-10.810161,775,0.594595,0.0,16.360086
2024-04-22 13:00:00,-0.284968,0.05483,-0.13844,-1.234199,0.083545,-0.57738,-2.478725,0.095055,-1.210991,15.958023,40.437857,21.124839,45.271071,-72.344835,-63.627144,-8.717691,1.408705,0.052021,-0.261721,-0.885545,-10.94496,780,0.608108,0.0,16.173012
2024-04-22 13:05:00,-0.286935,0.054248,-0.08822,-1.084369,0.082458,-0.517116,-2.403139,0.095335,-1.158185,16.43248,40.188571,21.33694,45.295357,-73.172082,-65.536131,-7.635951,1.44359,0.104616,-0.828026,-0.851412,-10.857494,785,0.621622,0.0,15.375242
2024-04-22 13:10:00,-0.346245,0.055488,-0.123962,-1.141695,0.082931,-0.556125,-2.527596,0.094898,-1.206136,14.99104,41.885,20.435652,45.064286,-74.626454,-67.354196,-7.272258,1.487724,0.089372,0.941064,-0.887351,-11.088634,790,0.635135,0.0,16.714327
2024-04-22 13:15:00,-0.27254,0.040087,-0.125918,-1.072702,0.080957,-0.561864,-2.449005,0.093945,-1.221024,14.106939,42.124286,19.858535,44.6575,-76.003567,-69.08407,-6.919497,1.554144,0.099867,-0.521981,-0.915548,-11.20095,795,0.648649,0.0,15.838764
2024-04-22 13:20:00,-0.408082,0.082788,-0.226232,-1.233879,0.088439,-0.700786,-2.739463,0.094705,-1.376362,11.671213,46.102143,18.115238,45.961429,-79.791749,-71.225606,-8.566143,1.673797,0.038541,-1.223692,-1.098898,-11.25224,800,0.662162,0.0,17.538236
2024-04-22 13:25:00,-0.518581,0.083304,-0.250785,-1.346942,0.090307,-0.769261,-2.846638,0.095606,-1.465219,10.325679,44.310714,17.028815,43.523214,-84.356031,-73.851691,-10.50434,1.812848,0.028927,1.26754,-1.16569,-11.50939,805,0.675676,0.0,17.004789
2024-04-22 13:30:00,-0.411827,0.123085,-0.091758,-1.410638,0.081793,-0.594474,-2.625208,0.098247,-1.301004,18.024532,44.435,20.756927,44.211071,-85.075328,-76.096418,-8.97891,1.811392,0.129609,-0.596145,-0.98997,-11.405791,810,0.689189,0.0,18.942933
2024-04-22 13:35:00,-0.56115,0.144152,-0.226268,-1.531471,0.090202,-0.761053,-2.778931,0.101911,-1.485573,14.997417,48.048571,18.840396,45.896429,-88.807138,-78.638562,-10.168576,1.888435,0.055003,1.013367,-1.164231,-11.644085,815,0.702703,0.0,19.482322
2024-04-22 13:40:00,-0.567891,0.143625,-0.198702,-1.547169,0.090074,-0.753503,-2.743802,0.101666,-1.496047,14.252943,45.949286,18.333422,46.085,-91.91386,-81.293622,-10.620238,1.954063,0.0731,-1.21898,-1.18079,-11.692545,820,0.716216,0.0,19.936169
2024-04-22 13:45:00,-0.373744,0.136093,-0.144866,-1.506644,0.090978,-0.698845,-2.734106,0.10173,-1.455729,14.059275,44.873571,18.202534,45.327143,-93.60837,-83.756572,-9.851799,1.992011,0.109808,-0.515632,-1.130573,-11.79771,825,0.72973,0.0,20.741883
2024-04-22 13:50:00,-0.298593,0.129732,-0.146274,-1.577694,0.089327,-0.699731,-2.697638,0.101443,-1.470053,13.276151,43.738571,17.675024,44.388571,-95.110469,-86.027351,-9.083118,2.004845,0.114769,-1.015617,-1.135826,-11.863413,830,0.743243,0.0,21.644191
2024-04-22 13:55:00,-0.526467,0.086512,-0.174436,-1.745958,0.083715,-0.737269,-2.872558,0.100313,-1.522519,12.148815,45.729286,16.889817,44.015714,-97.123562,-88.246593,-8.876968,1.978361,0.095928,1.299897,-1.168952,-12.123331,835,0.756757,0.0,23.047482
2024-04-22 14:00:00,-0.32358,0.036299,-0.1457,-1.700645,0.084286,-0.707124,-2.800352,0.099954,-1.505398,11.739387,43.896429,16.598178,43.152143,-98.326257,-90.262526,-8.063731,1.937546,0.108806,0.531728,-1.121627,-12.322481,840,0.77027,0.0,24.78019
2024-04-22 14:05:00,-0.290354,0.037753,-0.122733,-1.618929,0.084481,-0.674702,-2.584533,0.095584,-1.483544,11.37991,42.183571,16.343457,42.979643,-98.785392,-91.967099,-6.818293,1.895289,0.122766,-1.533155,-1.103981,-12.348587,845,0.783784,0.0,24.433477
2024-04-22 14:10:00,-0.317122,0.032205,-0.112059,-1.467554,0.080121,-0.651616,-2.517811,0.095176,-1.46914,10.953158,41.593571,16.041826,41.015714,-98.772402,-93.32816,-5.444242,1.886121,0.135992,-0.896095,-1.080836,-12.42428,850,0.797297,0.0,23.183342
2024-04-22 14:15:00,-0.457544,0.075985,-0.218288,-1.550789,0.085333,-0.78369,-2.498495,0.094433,-1.616369,9.190868,44.975714,14.705518,42.582143,-101.211997,-94.904927,-6.30707,1.943135,0.076492,0.561746,-1.193823,-12.62084,855,0.810811,0.0,20.511585
2024-04-22 14:20:00,-0.393174,0.076445,-0.179432,-1.608751,0.08319,-0.755192,-2.50083,0.094433,-1.601982,8.831034,44.881429,14.412725,43.383214,-102.810746,-96.486091,-6.324655,1.960351,0.095558,-0.052222,-1.122509,-12.767185,860,0.824324,0.0,20.124332
2024-04-22 14:25:00,-0.466432,0.07516,-0.198041,-1.686815,0.082933,-0.789472,-2.669953,0.093621,-1.651399,8.045423,44.517857,13.754972,43.321071,-104.838931,-98.156659,-6.682272,1.974321,0.082055,-0.050216,-1.157461,-12.912149,865,0.837838,0.0,20.884581
2024-04-22 14:30:00,-0.515816,0.069099,-0.190718,-1.636805,0.081973,-0.793882,-2.771877,0.093173,-1.670871,7.507948,42.359286,13.285149,44.230714,-106.688262,-99.86298,-6.825282,2.008564,0.086465,-1.227719,-1.221246,-12.960035,870,0.851351,0.0,21.262943
2024-04-22 14:35:00,-0.48464,0.076681,-0.13655,-1.574281,0.083392,-0.731398,-2.618264,0.091842,-1.619637,7.423039,43.985,13.210749,44.147857,-107.152686,-101.320921,-5.831765,2.018036,0.120523,0.828798,-1.118699,-13.177749,875,0.864865,0.0,21.378129
2024-04-22 14:40:00,-0.244263,0.057083,-0.073903,-1.5106,0.086246,-0.639024,-2.478862,0.092028,-1.53272,9.453652,43.04,14.129054,43.7375,-105.869455,-102.230628,-3.638828,1.98168,0.164623,-0.462996,-1.001813,-13.068986,880,0.878378,0.0,21.027932
2024-04-22 14:45:00,-0.143213,0.072217,-0.015617,-1.466934,0.088996,-0.53305,-2.550556,0.089743,-1.425652,13.461609,39.484286,15.937571,43.766429,-102.822372,-102.348977,-0.473395,1.8782,0.212039,-1.450215,-0.92851,-13.045829,885,0.891892,0.0,20.38794
2024-04-22 14:50:00,-0.10703,0.062197,-0.06466,-1.450817,0.08884,-0.555822,-2.615511,0.089679,-1.447648,12.501404,40.000714,15.395769,42.975,-100.609046,-102.00099,1.391945,1.780933,0.191728,-0.217024,-0.937072,-13.168378,890,0.905405,0.0,20.104266
2024-04-22 14:55:00,0.034839,0.056343,-0.007158,-1.333631,0.093276,-0.454556,-2.519529,0.09094,-1.340518,16.739933,40.692857,17.327299,42.783214,-96.836565,-100.968105,4.131541,1.642544,0.239191,-0.54622,-0.803072,-13.074641,895,0.918919,0.0,20.493242
2024-04-22 15:00:00,0.127071,0.06251,0.047342,-1.045395,0.091987,-0.340963,-2.49727,0.091541,-1.214432,22.594713,41.791429,20.071075,42.765,-91.484261,-99.071336,7.587075,1.530356,0.30524,-1.150008,-0.701693,-13.033579,900,0.932432,0.0,18.728634
2024-04-22 15:05:00,0.176493,0.066361,0.081647,-0.822457,0.093206,-0.240797,-2.607314,0.086796,-1.095977,27.849566,41.626429,22.632049,43.677857,-85.004658,-96.258001,11.253342,1.431528,0.372977,-0.045464,-0.534582,-12.901,905,0.945946,0.0,19.457556
2024-04-22 15:10:00,0.225689,0.07253,0.120846,-0.836173,0.09204,-0.127938,-2.586435,0.087507,-0.95868,34.230893,42.228571,25.899657,43.0625,-77.308848,-92.46817,15.159322,1.240882,0.467556,-0.136607,-0.413394,-12.777814,910,0.959459,0.0,17.999098
2024-04-22 15:15:00,0.261346,0.057144,0.049977,-0.635681,0.078367,-0.15717,-2.600149,0.087462,-0.965052,32.793673,45.401429,25.388012,43.7925,-71.157785,-88.206093,17.048308,1.127816,0.452028,-1.226346,-0.44912,-12.813495,915,0.972973,0.0,17.840847
2024-04-22 15:20:00,0.159183,0.072499,0.001307,-0.612156,0.077912,-0.185592,-2.635939,0.087261,-0.97326,31.311002,45.975714,24.854756,43.784643,-66.322989,-83.829472,17.506484,1.021584,0.430179,0.992976,-0.462897,-13.027222,920,0.986486,0.0,17.206329
2024-04-22 15:25:00,0.128356,0.068789,0.03246,-0.546681,0.079823,-0.125136,-2.603133,0.087918,-0.890327,34.460508,41.455,26.436243,43.215357,-60.994268,-79.262432,18.268163,0.893991,0.503923,0.43179,-0.339287,-12.859028,925,1.0,0.0,16.836799
2024-04-23 09:15:00,-0.107067,0.099926,-0.085201,-0.631937,0.084637,-0.258009,-2.658806,0.08895,-1.008331,29.530297,41.891429,24.619493,43.386429,-58.77827,-75.165599,16.387329,0.781436,0.340109,0.875368,-0.439886,-13.061322,555,0.0,1.0,15.78904
2024-04-23 09:20:00,-0.216568,0.075848,-0.063533,-0.527238,0.082404,-0.242592,-2.526982,0.088164,-0.978764,29.247219,41.385714,24.509763,42.951786,-56.538975,-71.440275,14.901299,0.695357,0.343861,0.911073,-0.404329,-13.269365,560,0.013514,1.0,14.633318
2024-04-23 09:25:00,-0.250556,0.077633,-0.095602,-0.562885,0.083193,-0.291649,-2.566074,0.088241,-1.016773,27.035773,40.672143,23.643859,41.515714,-55.461249,-68.244469,12.78322,0.616999,0.240466,0.453211,-0.406154,-13.441004,565,0.027027,1.0,14.399945
2024-04-23 09:30:00,-0.266521,0.077852,-0.106411,-0.5884,0.083555,-0.32171,-2.497211,0.087453,-1.038195,25.380893,40.506429,22.97,42.245714,-55.042617,-65.604099,10.561482,0.543419,0.141988,1.237813,-0.416057,-13.672823,570,0.040541,1.0,13.311912
2024-04-23 09:35:00,-0.506843,0.074453,-0.200129,-0.735965,0.091267,-0.465977,-2.636921,0.089766,-1.182213,21.161355,43.32,21.084934,43.18,-57.287021,-63.940683,6.653662,0.543763,-0.14562,-1.027178,-0.590763,-13.725439,575,0.054054,1.0,15.767181
2024-04-23 09:40:00,-0.459296,0.067827,-0.208448,-0.633687,0.083233,-0.523146,-2.71198,0.090112,-1.243237,19.172492,46.105,20.094076,42.794643,-60.246517,-63.20185,2.955333,0.659379,-0.154418,-0.958136,-0.646864,-13.780501,580,0.067568,1.0,15.34615
2024-04-23 09:45:00,-0.478438,0.062344,-0.158587,-0.612387,0.083114,-0.49996,-2.913474,0.083708,-1.222899,18.680284,47.087143,19.84234,43.543929,-62.361261,-63.033732,0.672471,0.760527,-0.0656,-0.641801,-0.639303,-13.85779,585,0.081081,1.0,14.68453
2024-04-23 09:50:00,-0.341573,0.093609,-0.067434,-0.438148,0.082703,-0.400696,-2.735933,0.084747,-1.120827,22.867756,48.099286,21.836396,44.396071,-62.35975,-62.898936,0.539186,0.827071,0.075615,0.145905,-0.519604,-13.720614,590,0.094595,1.0,14.12908
2024-04-23 09:55:00,-0.210107,0.111927,0.000241,-0.282914,0.08349,-0.301495,-2.615687,0.086522,-1.012841,27.602392,46.284286,24.14419,44.037857,-60.530307,-62.42521,1.894903,0.86517,0.188749,-0.43955,-0.432656,-13.625899,595,0.108108,1.0,13.051319
2024-04-23 10:00:00,-0.049835,0.074226,-0.022102,-0.302258,0.083601,-0.302997,-2.590134,0.08656,-1.005289,26.732072,44.952857,23.785508,43.289643,-58.957606,-61.731689,2.774083,0.906654,0.182883,1.511878,-0.419885,-13.869676,600,0.121622,1.0,10.588542
2024-04-23 10:05:00,0.01952,0.054021,-0.043491,-0.370934,0.083247,-0.313148,-2.629852,0.08627,-1.007303,25.609172,45.635714,23.321551,43.932143,-57.76432,-60.938215,3.173895,0.952455,0.172398,0.609167,-0.432897,-14.04424,605,0.135135,1.0,10.326024
2024-04-23 10:10:00,-0.054654,0.07245,-0.097974,-0.524244,0.083642,-0.376771,-2.784758,0.085095,-1.06665,23.103655,45.035714,22.242915,45.218571,-57.875059,-60.325584,2.450525,1.01544,0.116908,-1.198982,-0.494863,-14.081278,610,0.148649,1.0,10.629703
2024-04-23 10:15:00,-0.097961,0.064347,-0.055871,-0.429109,0.083055,-0.328199,-2.683258,0.08553,-1.011737,24.199191,46.916429,22.751156,46.446071,-57.068543,-59.674176,2.605633,1.067557,0.168901,0.972219,-0.427733,-13.87675,615,0.162162,1.0,9.118964
2024-04-23 10:20:00,-0.212582,0.041931,-0.068566,-0.529549,0.081279,-0.339419,-2.610765,0.084986,-1.017153,23.030589,47.805714,22.252322,44.630357,-56.559295,-59.0512,2.491905,1.117674,0.165505,0.675198,-0.449296,-14.058615,620,0.175676,1.0,9.117456
2024-04-23 10:25:00,-0.144641,0.054738,-0.022614,-0.572804,0.078875,-0.275909,-2.382859,0.083196,-0.944654,25.875033,48.312143,23.535215,45.101786,-54.94539,-58.230038,3.284647,1.13427,0.226084,0.404173,-0.388501,-13.895645,625,0.189189,1.0,7.900589
2024-04-23 10:30:00,0.042568,0.093218,0.081049,-0.504126,0.084945,-0.119478,-2.113902,0.086643,-0.77055,36.408887,48.227143,28.619215,44.806429,-50.68076,-56.720182,6.039422,1.096859,0.370887,-0.496864,-0.222744,-13.803578,630,0.202703,1.0,7.857632
2024-04-23 10:35:00,0.121341,0.074314,0.037489,-0.627811,0.079713,-0.130515,-2.146138,0.086373,-0.764199,35.474848,49.670714,28.2837,45.171429,-47.1704,-54.810226,7.639826,1.014261,0.367022,-0.582055,-0.230627,-13.891287,635,0.216216,1.0,8.209548
2024-04-23 10:40:00,-0.056275,0.112749,-0.083898,-0.744543,0.084975,-0.265643,-2.268488,0.088016,-0.890177,30.015118,49.457143,26.187508,44.981786,-46.57168,-53.162517,6.590836,0.953957,0.226844,1.594757,-0.361538,-14.143284,640,0.22973,1.0,8.687575
2024-04-23 10:45:00,-0.111488,0.119622,-0.124076,-0.798359,0.086189,-0.332669,-2.232719,0.087378,-0.952944,27.197571,48.482143,24.987148,45.901071,-47.252664,-51.980546,4.727882,0.911988,0.146338,1.136528,-0.437206,-14.364774,645,0.243243,1.0,9.115183
2024-04-23 10:50:00,-0.304195,0.127537,-0.188307,-1.002326,0.087471,-0.443955,-2.311783,0.088726,-1.066695,23.517961,47.651429,23.27483,46.878214,-49.849074,-51.554252,1.705178,0.865972,0.003245,0.52296,-0.561601,-14.539612,650,0.256757,1.0,8.4033
2024-04-23 10:55:00,-0.580115,0.056605,-0.214196,-0.975294,0.085867,-0.521663,-2.403635,0.089549,-1.151725,20.958727,48.34,21.966516,47.713571,-53.495389,-51.942479,-1.55291,0.911288,-0.063797,-0.606171,-0.672465,-14.632873,655,0.27027,1.0,9.2756
2024-04-23 11:00:00,-0.45064,0.11203,-0.072698,-0.860918,0.092265,-0.377254,-2.30679,0.091858,-1.006859,27.673209,46.952143,25.410914,47.525714,-54.015488,-52.357081,-1.658408,0.874852,0.081844,1.346582,-0.535215,-14.395328,660,0.283784,1.0,8.819603
2024-04-23 11:05:00,-0.284396,0.109664,-0.046143,-0.778215,0.092404,-0.338289,-2.207832,0.091824,-0.964423,27.892589,48.385714,25.524288,47.335,-53.749977,-52.63566,-1.114317,0.838343,0.114253,-0.303797,-0.510836,-14.279681,665,0.297297,1.0,9.161547
2024-04-23 11:10:00,-0.343818,0.118672,-0.13862,-0.875244,0.096296,-0.452107,-2.302597,0.093271,-1.080957,24.236533,51.178571,23.792354,48.065714,-55.581841,-53.224896,-2.356945,0.859012,-0.013196,-1.402962,-0.659631,-14.313135,670,0.310811,1.0,9.858017
2024-04-23 11:15:00,-0.140575,0.115161,-0.062271,-0.637882,0.091436,-0.368386,-2.04939,0.090976,-0.995913,27.114215,52.37,25.263302,49.002857,-55.641771,-53.708271,-1.9335,0.89614,0.093947,-0.581717,-0.597382,-14.218454,675,0.324324,1.0,9.54563
2024-04-23 11:20:00,0.095968,0.109803,0.027552,-0.422908,0.094153,-0.239912,-1.800731,0.091868,-0.858547,33.354853,51.225,28.537925,48.130357,-53.356283,-53.637874,0.281591,0.911412,0.237265,0.452793,-0.46037,-14.051808,680,0.337838,1.0,8.252814
2024-04-23 11:25:00,-0.059145,0.100922,-0.014785,-0.443236,0.094356,-0.262007,-1.960819,0.0893,-0.872543,31.941031,49.032857,27.928741,47.974643,-51.77288,-53.264875,1.491995,0.934304,0.214314,0.548306,-0.472074,-14.226625,685,0.351351,1.0,8.857904
2024-04-23 11:30:00,-0.141631,0.104483,-0.062559,-0.579149,0.093218,-0.308475,-1.79526,0.084335,-0.91394,29.780837,49.549286,26.979685,48.6775,-51.237816,-52.859463,1.621647,0.955781,0.168534,-0.214095,-0.531227,-14.345806,690,0.364865,1.0,7.732206
2024-04-23 11:35:00,-0.026209,0.076693,-0.072592,-0.692572,0.09043,-0.320984,-1.770365,0.084194,-0.922542,28.56263,47.442857,26.434184,47.8775,-50.993333,-52.486237,1.492904,0.954994,0.156174,-0.138041,-0.532022,-14.471921,695,0.378378,1.0,6.832558
2024-04-23 11:40:00,-0.058043,0.072664,-0.039443,-0.646042,0.09107,-0.278366,-1.738999,0.084448,-0.873873,29.46442,46.787857,26.879146,47.5075,-50.000494,-51.989089,1.988594,0.940695,0.199553,-1.333591,-0.486506,-14.429467,700,0.391892,1.0,5.721296
2024-04-23 11:45:00,-0.113728,0.051845,0.005621,-0.555567,0.092762,-0.208689,-1.618651,0.085053,-0.794248,32.72191,45.506429,28.476978,47.588571,-47.868664,-51.165004,3.29634,0.911684,0.272881,0.724575,-0.39317,-14.243255,705,0.405405,1.0,6.555184
2024-04-23 11:50:00,0.035965,0.071802,0.070443,-0.35297,0.095161,-0.098469,-1.406497,0.086224,-0.667896,39.058174,44.496429,31.712068,46.976786,-44.013598,-49.734722,5.721125,0.885787,0.398942,-0.229324,-0.255442,-14.124639,710,0.418919,1.0,6.383163
2024-04-23 11:55:00,0.218787,0.062848,0.115994,-0.263926,0.098765,0.004528,-1.260901,0.088179,-0.542975,44.852874,43.315714,34.876783,45.898929,-38.79332,-47.546442,8.753122,0.846551,0.532135,-1.225184,-0.126779,-14.075342,715,0.432432,1.0,4.125624
2024-04-23 12:00:00,0.367218,0.040831,0.145115,-0.115561,0.101641,0.096123,-1.122553,0.089964,-0.424556,49.8967,41.87,37.814872,44.760714,-32.59164,-44.555482,11.963841,0.82444,0.663445,0.99427,0.005855,-13.876015,720,0.445946,1.0,4.851573
2024-04-23 12:05:00,0.473285,0.027134,0.176132,-0.031219,0.105104,0.194827,-0.959867,0.092095,-0.293958,55.08386,40.537143,41.048737,44.438571,-25.403753,-40.725136,15.321383,0.815757,0.813356,0.048966,0.125285,-13.737326,725,0.459459,1.0,6.913467
2024-04-23 12:10:00,0.478561,0.024887,0.152798,-0.12218,0.100318,0.224399,-0.693465,0.088176,-0.231539,57.214363,42.544286,42.435244,44.748214,-18.608413,-36.301791,17.693378,0.767058,0.910739,0.304584,0.175062,-13.583056,730,0.472973,1.0,8.70446
2024-04-23 12:15:00,0.223254,0.113929,-0.001138,-0.251539,0.105628,0.063133,-0.796339,0.09025,-0.370391,49.823063,44.621429,39.628172,46.503571,-15.611513,-32.163736,16.552223,0.681097,0.753937,-0.983443,0.023989,-13.652252,735,0.486486,1.0,8.127345
2024-04-23 12:20:00,0.098754,0.111398,-0.01461,-0.109219,0.099561,0.03831,-0.700226,0.089057,-0.375811,48.908132,41.105714,39.265976,46.142143,-13.42703,-28.416395,14.989365,0.652133,0.741712,0.297716,0.011818,-13.804891,740,0.5,1.0,8.195384
2024-04-23 12:25:00,0.019177,0.10206,0.005017,0.015098,0.09705,0.054697,-0.590823,0.088551,-0.339929,49.962422,39.010714,39.873165,45.690357,-11.198765,-24.972869,13.774104,0.655476,0.773153,-0.003487,0.040564,-13.6701,745,0.513514,1.0,8.694772
2024-04-23 12:30:00,-0.14315,0.079575,-0.025558,0.130267,0.0903,0.010247,-0.620007,0.088663,-0.368159,47.878781,39.014286,39.079706,45.119643,-10.037717,-21.985838,11.948121,0.666589,0.69367,-0.778407,0.0162,-13.753277,750,0.527027,1.0,9.578647
2024-04-23 12:35:00,-0.116078,0.087111,0.036456,0.343994,0.085424,0.0819,-0.565857,0.089473,-0.276912,51.879309,39.139286,41.321215,44.086071,-7.695041,-19.127679,11.432638,0.678992,0.783163,-1.704542,0.109036,-13.733605,755,0.540541,1.0,9.603763
2024-04-23 12:40:00,-0.001602,0.052036,-0.002264,0.198397,0.083687,0.038025,-0.655654,0.089111,-0.304259,49.833437,38.278571,40.552682,43.913929,-6.426848,-16.587513,10.160665,0.690686,0.706203,0.04591,0.068678,-13.869297,760,0.554054,1.0,8.499429
2024-04-23 12:45:00,-0.073701,0.066968,-0.063435,0.101846,0.086793,-0.049648,-0.667096,0.089305,-0.381335,45.346174,40.693571,38.808536,44.068214,-6.886048,-14.64722,7.761172,0.690153,0.564241,1.76328,-0.011934,-14.119797,765,0.567568,1.0,9.244186
2024-04-23 12:50:00,0.037037,0.09479,0.046299,0.397325,0.081853,0.075333,-0.58864,0.0912,-0.239123,52.005047,41.778571,42.479181,44.283214,-4.983985,-12.714573,7.730588,0.674975,0.733379,-0.076857,0.125262,-13.988697,770,0.581081,1.0,9.849289
2024-04-23 12:55:00,0.14015,0.092151,0.070648,0.411753,0.08215,0.122183,-0.607026,0.090864,-0.172552,54.677494,41.184286,44.043505,43.345357,-2.455771,-10.662812,8.207041,0.675631,0.791156,0.917938,0.184802,-13.790587,775,0.594595,1.0,8.508464
2024-04-23 13:00:00,0.077734,0.087414,0.059019,0.325715,0.079789,0.126739,-0.663884,0.0901,-0.148632,55.478416,42.146429,44.512976,43.321429,-0.152631,-8.560776,8.408145,0.693065,0.786183,1.264994,0.199899,-13.567022,780,0.608108,1.0,8.130868
2024-04-23 13:05:00,0.203538,0.085544,0.096546,0.461756,0.079644,0.192374,-0.67761,0.089766,-0.060473,59.202671,41.830714,46.735945,42.573214,3.065528,-6.235515,9.301043,0.71622,0.864728,0.944748,0.279111,-13.362179,785,0.621622,1.0,8.389293
2024-04-23 13:10:00,0.396376,0.043255,0.130614,0.641165,0.077572,0.264091,-0.533315,0.091042,0.037348,63.060546,43.214286,49.183568,42.542143,7.188866,-3.550639,10.739505,0.734699,0.947554,1.310108,0.367985,-13.130245,790,0.635135,1.0,8.375756
2024-04-23 13:15:00,0.294583,0.034643,0.108016,0.719476,0.075357,0.267401,-0.454251,0.09107,0.066116,64.2149,40.54,49.939248,40.538571,10.855996,-0.669312,11.525308,0.721173,0.949845,-0.19721,0.389686,-12.997962,795,0.648649,1.0,8.889256
2024-04-23 13:20:00,0.000776,0.135137,-0.083816,0.470849,0.096484,0.030165,-0.733668,0.096041,-0.160916,51.37955,40.879286,44.809647,41.711786,9.756385,1.415827,8.340558,0.62979,0.605995,-0.079271,0.145254,-13.137272,800,0.662162,1.0,9.673823
2024-04-23 13:25:00,-0.080777,0.137376,-0.098338,0.358811,0.098211,-0.030334,-0.63774,0.094007,-0.215702,48.53645,37.823571,43.547341,41.2225,7.736276,2.679917,5.056359,0.534165,0.472229,-0.455979,0.073498,-13.250753,805,0.675676,1.0,10.204395
2024-04-23 13:30:00,-0.208647,0.125009,-0.093752,0.216103,0.097098,-0.065678,-0.669726,0.094098,-0.247788,46.690711,39.717143,42.719462,40.411429,5.370591,3.218052,2.152539,0.47275,0.356455,-0.102867,0.020762,-13.385414,810,0.689189,1.0,10.078251
2024-04-23 13:35:00,-0.399119,0.0972,-0.123622,0.020655,0.097098,-0.142314,-0.681457,0.094283,-0.325954,42.883869,40.335714,40.968668,39.673214,1.949835,2.964409,-1.014574,0.46645,0.155952,-0.823904,-0.07419,-13.47254,815,0.702703,1.0,8.717822
2024-04-23 13:40:00,-0.409153,0.094377,-0.068203,-0.05962,0.094338,-0.109457,-0.596615,0.094125,-0.292733,44.029201,40.51,41.547638,39.762143,-0.401468,2.291233,-2.692702,0.477923,0.215098,-0.830433,-0.054454,-13.387975,820,0.716216,1.0,9.322027
2024-04-23 13:45:00,-0.059841,0.082999,0.032135,-0.062264,0.094159,0.00625,-0.287686,0.092101,-0.169668,49.922958,40.87,44.617622,40.004643,-0.326148,1.767757,-2.093905,0.476523,0.464927,-0.050994,0.053324,-13.252926,825,0.72973,1.0,10.711609
2024-04-23 13:50:00,-0.038383,0.080162,-0.006729,-0.157517,0.093575,-0.032543,-0.217581,0.090968,-0.203522,47.950191,40.964286,43.753039,39.621429,-0.957436,1.222718,-2.180155,0.469866,0.39137,0.153732,0.002809,-13.40225,830,0.743243,1.0,12.675517
2024-04-23 13:55:00,-0.099372,0.090693,-0.073342,-0.1065,0.09,-0.122847,-0.291389,0.091979,-0.294576,43.431494,38.236429,41.704134,39.465,-3.137877,0.350599,-3.488476,0.488295,0.19501,-1.365242,-0.110044,-13.458989,835,0.756757,1.0,12.630271
2024-04-23 14:00:00,0.190325,0.120877,0.083018,0.112154,0.100687,0.067831,-0.151373,0.096012,-0.093289,52.641718,39.789286,46.667398,40.783929,-1.55893,-0.031306,-1.527623,0.486332,0.588909,-1.336413,0.076242,-13.403688,840,0.77027,1.0,12.582462
2024-04-23 14:05:00,0.131844,0.125622,0.030651,0.052958,0.101045,0.027868,-0.255988,0.095577,-0.125156,50.968799,39.881429,45.908631,40.532857,-0.912758,-0.207597,-0.705162,0.484338,0.507378,1.037056,0.024691,-13.608493,845,0.783784,1.0,14.016743
2024-04-23 14:10:00,-0.095201,0.125951,-0.053281,-0.014277,0.103737,-0.074812,-0.332944,0.09666,-0.22632,46.243696,38.805,43.708327,40.475714,-2.213305,-0.608739,-1.604567,0.486802,0.281768,1.835093,-0.084681,-13.864002,850,0.797297,1.0,15.443285
2024-04-23 14:15:00,-0.023252,0.126744,-0.015684,-0.06473,0.102267,-0.040772,-0.260252,0.096647,-0.188919,47.650113,37.807857,44.451283,39.819286,-2.718026,-1.030596,-1.68743,0.491555,0.350961,0.601474,-0.06808,-13.685738,855,0.810811,1.0,15.771378
2024-04-23 14:20:00,0.128481,0.114812,0.021777,0.023446,0.102505,0.006848,-0.108688,0.095879,-0.135142,49.94174,34.502857,45.659748,38.858571,-2.287958,-1.282068,-1.00589,0.490051,0.446725,-0.446968,-0.026645,-13.57095,860,0.824324,1.0,16.47138
2024-04-23 14:25:00,-0.127839,0.065106,-0.024448,0.057916,0.101122,-0.046677,-0.181234,0.096176,-0.18592,47.249128,35.284286,44.447562,37.912143,-2.885393,-1.602733,-1.282659,0.478484,0.317313,1.00314,-0.082999,-13.774238,865,0.837838,1.0,15.697037
2024-04-23 14:30:00,-0.006598,0.08056,0.039911,0.009316,0.098377,0.034046,-0.050094,0.096758,-0.097744,51.32633,34.882857,46.569782,37.881071,-1.934945,-1.669176,-0.26577,0.47835,0.492464,-1.859635,-0.00178,-13.752697,870,0.851351,1.0,16.268036
2024-04-23 14:35:00,0.067559,0.059513,0.002306,-0.086756,0.09768,-0.002174,-0.121145,0.096746,-0.128892,49.543365,34.886429,45.78554,36.355,-1.76733,-1.688807,-0.078524,0.477525,0.425234,1.594486,-0.034382,-13.996361,875,0.864865,1.0,15.428566
2024-04-23 14:40:00,-0.039329,0.070406,-0.04986,-0.181626,0.098846,-0.071706,-0.341902,0.094946,-0.19781,45.911579,35.411429,44.155004,37.564286,-2.882648,-1.927575,-0.955073,0.483092,0.285399,-0.782385,-0.105112,-14.086113,880,0.878378,1.0,15.269925
2024-04-23 14:45:00,-0.059547,0.066859,-0.014501,-0.239167,0.096751,-0.039451,-0.289161,0.095037,-0.163096,47.424888,34.848571,44.896997,37.592143,-3.261742,-2.194408,-1.067333,0.461713,0.362237,-0.46272,-0.075655,-13.975052,885,0.891892,1.0,15.133208
2024-04-23 14:50:00,0.084008,0.072467,0.047064,-0.253399,0.095936,0.041292,-0.041127,0.093109,-0.075049,51.820077,34.712857,47.103673,37.611429,-2.123177,-2.180162,0.056985,0.383328,0.58915,1.640187,0.006825,-13.728895,890,0.905405,1.0,14.650688
2024-04-23 14:55:00,-0.048033,0.065422,-0.000435,-0.332325,0.095653,-0.00581,0.013399,0.092212,-0.1179,49.329716,34.459286,46.031694,37.664643,-1.991103,-2.14235,0.151247,0.237239,0.513208,0.033791,-0.040759,-13.870195,895,0.918919,1.0,12.525007
2024-04-23 15:00:00,0.032956,0.067119,0.029413,-0.054604,0.08166,0.035057,0.216625,0.089514,-0.070516,51.665821,33.921429,47.195513,37.442857,-1.132627,-1.940406,0.807778,0.221928,0.727238,-0.743762,0.002143,-13.779834,900,0.932432,1.0,11.684758
2024-04-23 15:05:00,0.115071,0.049179,0.022906,0.014024,0.080395,0.036196,0.354949,0.087296,-0.063,51.931004,33.832857,47.326399,36.034643,-0.365758,-1.625476,1.259718,0.224468,0.743599,0.329366,0.006826,-13.620251,905,0.945946,1.0,12.003981
2024-04-23 15:10:00,0.370317,0.126798,0.203872,0.339621,0.101416,0.288937,0.533128,0.094686,0.211326,64.075561,34.901429,54.079954,37.345357,4.894733,-0.321434,5.216167,0.376399,1.352684,-0.104668,0.28029,-13.49003,910,0.959459,1.0,11.929041
2024-04-23 15:15:00,0.232598,0.138156,0.100991,0.379241,0.099559,0.214003,0.477128,0.095099,0.152768,61.006648,37.317143,52.78239,38.599286,8.099678,1.362788,6.73689,0.431362,1.07861,1.23864,0.208742,-13.705985,915,0.972973,1.0,11.521241
2024-04-23 15:20:00,0.428186,0.132303,0.165521,0.50566,0.10362,0.327109,0.788171,0.093773,0.288528,65.959905,36.942143,55.879459,37.873571,12.946634,3.679557,9.267076,0.546186,1.181006,1.937737,0.334908,-13.440525,920,0.986486,1.0,11.93582
2024-04-23 15:25:00,0.394905,0.13566,0.117895,0.400166,0.101392,0.306211,0.754021,0.093678,0.288171,66.317146,39.438571,56.110913,38.623214,16.784828,6.300612,10.484217,0.64418,1.064016,1.170976,0.330093,-13.22028,925,1.0,1.0,12.610407
2024-04-24 09:15:00,0.394885,0.135663,0.081854,0.447519,0.100412,0.281439,0.65464,0.092809,0.281588,66.480878,41.07,56.213867,37.786429,19.682048,8.976899,10.705149,0.717837,0.981781,0.732153,0.321308,-13.02719,555,0.0,2.0,13.443786
2024-04-24 09:20:00,0.197732,0.077793,0.11203,0.63803,0.096809,0.332742,0.791527,0.092922,0.353561,69.292464,42.014286,58.000834,38.649286,23.150786,11.811676,11.33911,0.787442,1.008468,1.593152,0.389132,-12.774994,560,0.013514,2.0,12.6219
2024-04-24 09:25:00,0.353557,0.061269,0.143483,0.542781,0.090346,0.394601,0.975385,0.0927,0.439154,72.292046,41.032857,60.028237,37.957857,27.31016,14.911373,12.398787,0.905491,1.026542,-0.617548,0.489297,-12.667858,565,0.027027,2.0,12.628134
2024-04-24 09:30:00,0.345497,0.058807,0.18848,0.720111,0.092341,0.483308,1.162905,0.093724,0.556234,75.739439,42.441429,62.559978,38.663929,32.561518,18.441402,14.120116,1.052983,1.051356,1.68097,0.598826,-12.403911,570,0.040541,2.0,12.2784
2024-04-24 09:35:00,0.384942,0.051331,0.159404,0.882691,0.085681,0.483146,1.200606,0.093793,0.583286,76.869464,41.613571,63.435666,38.5125,37.144759,22.182074,14.962686,1.165623,1.003852,-1.394799,0.639375,-12.346801,575,0.054054,2.0,11.384179
2024-04-24 09:40:00,0.342927,0.067015,0.081579,0.815423,0.087541,0.403389,1.114808,0.094117,0.524614,74.159849,40.659286,62.334375,37.753929,39.700464,25.685752,14.014712,1.235382,0.912251,1.186243,0.568657,-12.578969,580,0.067568,2.0,9.871388
2024-04-24 09:45:00,0.226023,0.078601,0.034104,0.736069,0.088936,0.337245,0.98302,0.093722,0.474598,71.913973,41.064286,61.42459,37.888571,40.747008,28.698003,12.049005,1.280752,0.845009,-0.643819,0.519111,-12.686566,585,0.081081,2.0,9.756784
2024-04-24 09:50:00,0.192459,0.073688,0.069202,0.86523,0.086297,0.368268,0.948858,0.093224,0.523169,73.868347,41.245714,62.718598,37.8525,42.256898,31.409782,10.847116,1.313337,0.856784,0.037457,0.563488,-12.530547,590,0.094595,2.0,8.867399
2024-04-24 09:55:00,0.130247,0.055397,0.097539,0.857951,0.086131,0.403061,0.924056,0.092842,0.577005,75.870274,42.945714,64.101192,38.433571,44.236249,33.975075,10.261174,1.364931,0.868578,-0.660777,0.620383,-12.422715,595,0.108108,2.0,11.004316
2024-04-24 10:00:00,0.235039,0.080952,0.168604,1.051534,0.08752,0.505598,0.960635,0.093782,0.704371,79.312563,45.891429,66.685281,39.862143,47.860342,36.752129,11.108213,1.433126,0.923274,1.054126,0.733796,-12.198524,600,0.121622,2.0,10.889082
2024-04-24 10:05:00,0.335061,0.066015,0.154238,1.193014,0.082051,0.514296,0.970399,0.093864,0.737312,80.523867,42.476429,67.662515,38.688929,51.197733,39.641249,11.556483,1.464475,0.916604,1.087734,0.749806,-11.969668,605,0.135135,2.0,10.647951
2024-04-24 10:10:00,0.490435,0.040216,0.185726,1.29043,0.082942,0.578111,1.252226,0.09159,0.828538,82.68721,43.57,69.501038,40.443571,55.29674,42.772348,12.524392,1.508225,0.944686,-1.19406,0.856442,-11.895709,610,0.148649,2.0,10.233636
2024-04-24 10:15:00,0.589605,0.046646,0.236057,1.374773,0.086085,0.675874,1.443877,0.093552,0.958871,85.103065,45.087143,71.758458,41.014643,60.681241,46.354126,14.327115,1.597811,0.982771,0.051311,0.990514,-11.737109,615,0.162162,2.0,12.09254
2024-04-24 10:20:00,0.552734,0.056465,0.184227,1.464164,0.081992,0.647901,1.46244,0.093561,0.960121,85.622611,43.608571,72.270283,41.523571,64.882418,50.059785,14.822633,1.6333,0.95237,0.049494,0.982939,-11.578152,620,0.175676,2.0,11.134012
2024-04-24 10:25:00,0.280549,0.108504,0.045545,1.301648,0.092096,0.480612,1.389017,0.095248,0.80999,77.313297,43.922857,68.581894,42.496429,65.505648,53.148957,12.356691,1.594188,0.849592,1.286366,0.795771,-11.824729,625,0.189189,2.0,10.956331
2024-04-24 10:30:00,0.131282,0.125334,-0.027078,1.2094,0.097311,0.356414,1.22045,0.096273,0.694618,71.738286,44.353571,65.985024,43.183929,63.813129,55.281792,8.531337,1.488654,0.775714,-1.487858,0.679189,-11.885154,630,0.202703,2.0,10.169985
2024-04-24 10:35:00,-0.103217,0.123297,-0.091451,0.812554,0.08928,0.22248,1.149337,0.097729,0.560766,65.266166,42.940714,62.834276,41.986786,59.928299,56.211093,3.717206,1.43001,0.681397,1.442094,0.526135,-12.145559,635,0.216216,2.0,10.028623
2024-04-24 10:40:00,-0.093328,0.127119,0.057828,1.045133,0.091537,0.362905,1.423952,0.098695,0.710916,69.986921,45.214286,65.59254,43.827857,59.166813,56.802237,2.364576,1.362173,0.783444,-1.250137,0.667588,-12.071962,640,0.22973,2.0,9.976125
2024-04-24 10:45:00,-0.186581,0.12307,0.003241,0.843055,0.091517,0.280192,1.235636,0.098173,0.631653,67.068604,47.215,64.125348,44.414286,57.014461,56.844682,0.169779,1.304743,0.722955,0.886011,0.584928,-12.29307,645,0.243243,2.0,11.058326
2024-04-24 10:50:00,0.074144,0.136139,0.098935,0.97799,0.094019,0.385118,1.322188,0.099533,0.74707,70.679034,49.425,66.270774,45.042143,57.095501,56.894846,0.200655,1.256723,0.808521,-0.209805,0.676788,-12.148018,650,0.256757,2.0,9.62538
2024-04-24 10:55:00,0.244819,0.125437,0.122127,1.058116,0.093748,0.4248,1.389443,0.09986,0.799096,72.561838,48.008571,67.444225,44.536429,57.91312,57.098501,0.814619,1.198407,0.850061,-0.600436,0.729477,-12.031558,655,0.27027,2.0,9.587748
2024-04-24 11:00:00,0.548198,0.09986,0.209514,1.165171,0.098615,0.558684,1.49725,0.102231,0.953565,76.30274,52.275714,69.921507,46.760714,61.100563,57.898913,3.20165,1.201117,0.961487,1.072493,0.86381,-11.80045,660,0.283784,2.0,11.187432
2024-04-24 11:05:00,0.49467,0.093287,0.222969,1.187219,0.09926,0.618845,1.523252,0.102651,1.037023,78.372359,53.785714,71.392778,48.365714,64.991574,59.317445,5.674128,1.248986,0.996894,-0.575005,0.928235,-11.68397,665,0.297297,2.0,10.660853
2024-04-24 11:10:00,0.56841,0.064925,0.162146,1.067073,0.097752,0.578129,1.512032,0.10266,1.01574,78.699629,51.87,71.627885,48.880714,67.640866,60.982129,6.658737,1.306602,0.949794,-0.446436,0.899642,-11.558947,670,0.310811,2.0,10.46658
2024-04-24 11:15:00,0.434292,0.075231,0.115828,1.027632,0.098191,0.533396,1.761433,0.095418,0.986842,78.89649,51.663571,71.765633,47.07,69.141128,62.613929,6.527199,1.346327,0.907036,-0.211367,0.869704,-11.417942,675,0.324324,2.0,9.562803
2024-04-24 11:20:00,0.38907,0.078237,0.103341,1.104588,0.096048,0.517987,1.866203,0.09435,0.985798,79.579241,49.201429,72.235218,46.385714,70.185138,64.128171,6.056967,1.352778,0.893411,1.024894,0.839388,-11.190305,680,0.337838,2.0,6.927697
2024-04-24 11:25:00,0.24485,0.044974,0.101078,1.184174,0.093956,0.512307,1.9585,0.093664,0.993602,80.419762,48.274286,72.812956,46.680714,71.012152,65.504967,5.507185,1.32444,0.893823,0.258931,0.839403,-11.014171,685,0.351351,2.0,6.806249
2024-04-24 11:30:00,0.101298,0.026023,0.055137,1.095152,0.095474,0.446636,2.033327,0.09214,0.936492,79.088699,48.28,72.221233,45.944286,70.543721,66.512718,4.031003,1.275504,0.851616,1.163803,0.748368,-11.255394,690,0.364865,2.0,7.965068
2024-04-24 11:35:00,0.110428,0.026354,0.056437,1.047068,0.095474,0.430736,2.041636,0.092114,0.928049,79.6722,46.082143,72.593191,45.0025,69.867386,67.183651,2.683734,1.226897,0.847107,0.704137,0.707326,-11.043489,695,0.378378,2.0,7.4804
2024-04-24 11:40:00,0.28502,0.076628,0.161628,1.078008,0.097446,0.558483,2.112578,0.093796,1.071643,82.910071,47.932857,74.799461,46.143214,71.659575,68.078836,3.580739,1.262082,0.942762,-1.595862,0.849778,-10.992247,700,0.391892,2.0,5.61696
2024-04-24 11:45:00,0.117279,0.113825,0.022204,0.885136,0.10552,0.388579,2.024831,0.096125,0.904878,74.138962,48.901429,70.727204,45.921071,70.096423,68.482353,1.614069,1.242206,0.810535,0.835846,0.655738,-11.214748,705,0.405405,2.0,5.8665
2024-04-24 11:50:00,0.127506,0.114472,0.053813,0.81874,0.103898,0.404554,2.190051,0.093897,0.92578,75.416743,47.46,71.462285,46.337143,69.054108,68.596704,0.457404,1.250652,0.82267,-0.83048,0.656045,-11.107093,710,0.418919,2.0,5.928629
2024-04-24 11:55:00,0.094052,0.118574,0.001365,0.597109,0.101295,0.318919,1.935282,0.092128,0.839019,72.026645,45.175,69.853212,46.195,66.582618,68.193887,-1.611269,1.265774,0.754171,-1.090411,0.575308,-11.198642,715,0.432432,2.0,6.91215
2024-04-24 12:00:00,0.117114,0.119536,0.035952,0.609306,0.101398,0.336144,2.026625,0.091501,0.856751,73.337525,47.097857,70.551587,48.261429,64.76897,67.508904,-2.739933,1.287563,0.767145,0.484954,0.565167,-11.00025,720,0.445946,2.0,7.805744
2024-04-24 12:05:00,0.046188,0.097597,0.100693,0.841783,0.09693,0.408463,2.257093,0.089458,0.934352,75.992072,47.525,72.024096,47.766786,64.541196,66.915362,-2.374166,1.29752,0.821675,0.535626,0.64516,-10.800092,725,0.459459,2.0,7.51863
2024-04-24 12:10:00,0.204783,0.060522,0.08725,0.95919,0.092215,0.396838,2.257537,0.089457,0.926655,76.649772,44.517143,72.400073,48.396429,64.134578,66.359205,-2.224627,1.263467,0.816436,-1.242154,0.627882,-10.72202,730,0.472973,2.0,7.901566
2024-04-24 12:15:00,0.255924,0.06807,0.131204,1.181196,0.085243,0.458369,2.320119,0.089926,0.996178,78.907937,42.120714,73.728782,47.953214,64.926264,66.072617,-1.146353,1.176815,0.883154,-0.748064,0.702076,-10.610517,735,0.486486,2.0,6.085259
2024-04-24 12:20:00,0.19297,0.093005,0.011037,0.885386,0.088699,0.310546,2.262719,0.091588,0.845717,71.156772,41.787143,70.069894,46.828571,62.880933,65.43428,-2.553348,1.093787,0.766717,-1.769045,0.555686,-10.64567,740,0.5,2.0,7.182121
2024-04-24 12:25:00,0.282694,0.104314,0.102096,1.082322,0.08819,0.409822,2.321799,0.092458,0.949933,74.502176,44.12,71.86569,47.891786,62.950249,64.937474,-1.987225,0.979497,0.888304,0.768938,0.6499,-10.430936,745,0.513514,2.0,7.351092
2024-04-24 12:30:00,0.147288,0.102835,0.054664,0.915488,0.086915,0.352439,2.338565,0.092189,0.892901,73.210215,44.833571,71.239434,47.0175,61.949739,64.339927,-2.390188,0.882103,0.856583,-1.46489,0.590226,-10.490378,750,0.527027,2.0,8.419378
2024-04-24 12:35:00,0.213956,0.107173,0.100959,0.928107,0.087252,0.406588,2.516643,0.090708,0.951348,75.424672,45.878571,72.441115,47.076429,62.088032,63.889548,-1.801516,0.81473,0.94838,-1.926653,0.651779,-10.467594,755,0.540541,2.0,9.465146
2024-04-24 12:40:00,0.159698,0.10131,0.104215,0.790251,0.080288,0.417998,2.544585,0.090657,0.967381,76.616893,46.24,73.108494,47.26,62.421361,63.595911,-1.17455,0.820519,0.964806,-1.018777,0.684775,-10.382156,760,0.554054,2.0,9.160801
2024-04-24 12:45:00,0.066859,0.13696,-0.068746,0.455911,0.094695,0.190007,2.245196,0.097525,0.728341,64.091114,49.76,66.830183,47.921071,58.482729,62.573274,-4.090546,0.789346,0.690973,1.243889,0.436613,-10.627075,765,0.567568,2.0,8.994367
2024-04-24 12:50:00,-0.108254,0.116708,-0.067889,0.402201,0.095517,0.141908,2.260151,0.097265,0.667588,62.341684,49.405,65.894834,48.668929,54.174424,60.893504,-6.71908,0.748375,0.630344,-0.311159,0.377552,-10.762261,770,0.581081,2.0,8.102596
2024-04-24 12:55:00,-0.028266,0.12233,-0.005286,0.450713,0.095903,0.182721,2.275932,0.097289,0.699241,64.247597,48.953571,66.769508,48.9275,51.189919,58.952787,-7.762868,0.707499,0.690962,0.333704,0.390248,-10.579958,775,0.594595,2.0,6.019242
2024-04-24 13:00:00,0.062022,0.145696,0.121196,0.599302,0.102724,0.334882,2.462321,0.099152,0.852639,69.446358,49.870714,69.317085,48.665357,51.416076,57.445445,-6.029369,0.713511,0.910067,1.438031,0.536157,-10.316102,780,0.608108,2.0,5.87027
2024-04-24 13:05:00,0.073684,0.146645,0.125473,0.618153,0.102986,0.363716,2.241526,0.093259,0.883853,71.071926,49.805,70.168166,47.49,52.1369,56.383736,-4.246836,0.739112,0.944999,-1.451448,0.548232,-10.262495,785,0.621622,2.0,6.006915
2024-04-24 13:10:00,0.346076,0.078254,0.126652,0.701556,0.102569,0.387528,2.360953,0.092247,0.911414,72.585019,46.016429,70.972488,46.557143,53.195586,55.746106,-2.55052,0.759647,0.972015,-0.542701,0.585322,-10.144408,790,0.635135,2.0,4.904108
2024-04-24 13:15:00,0.28505,0.099851,0.021773,0.577332,0.10655,0.265288,2.114404,0.09318,0.784411,67.085722,47.544286,68.197516,47.534643,51.835348,54.963954,-3.128607,0.734925,0.82046,-1.030739,0.442358,-10.224197,795,0.648649,2.0,5.598914
2024-04-24 13:20:00,0.402105,0.113465,0.132315,0.567992,0.105845,0.400233,2.283266,0.094993,0.924492,71.466314,51.210714,70.451874,47.863929,53.158405,54.602844,-1.444439,0.805962,0.976769,0.775434,0.56771,-10.015003,800,0.662162,2.0,5.680384
2024-04-24 13:25:00,0.427776,0.119892,0.23001,0.911294,0.106766,0.555109,2.495889,0.097705,1.094109,75.671262,55.272857,72.857935,48.696786,57.182129,55.118701,2.063428,0.913166,1.104728,-0.670062,0.745819,-9.911252,805,0.675676,2.0,6.117001
2024-04-24 13:30:00,0.404539,0.121221,0.182505,0.896543,0.106721,0.541869,2.452551,0.097563,1.093351,76.444013,55.070714,73.323575,48.428929,60.425649,56.180091,4.245558,1.012058,1.044847,0.270705,0.732635,-9.742028,810,0.689189,2.0,5.330365
2024-04-24 13:35:00,0.36044,0.124253,0.135334,0.969562,0.104484,0.508725,2.367974,0.097316,1.070012,76.816251,52.277143,73.544502,48.198571,62.626861,57.469445,5.157416,1.062578,0.99275,-0.23218,0.718471,-9.607579,815,0.702703,2.0,3.548851
2024-04-24 13:40:00,0.342224,0.130418,0.015451,0.803478,0.110441,0.358288,2.111073,0.098921,0.918943,70.308109,53.335,70.262152,49.084286,61.741579,58.323872,3.417707,1.056311,0.851061,1.515418,0.558373,-9.864041,820,0.716216,2.0,4.309772
2024-04-24 13:45:00,0.291299,0.121536,0.094236,0.814381,0.110854,0.438326,2.187852,0.099629,1.004617,73.068273,52.465714,71.731787,49.172143,62.474288,59.153955,3.320333,1.100883,0.914641,1.283799,0.633566,-9.620164,825,0.72973,2.0,4.903777
2024-04-24 13:50:00,0.377908,0.151516,0.262239,1.085639,0.124963,0.668145,2.531619,0.105289,1.255084,78.250023,58.280714,74.804695,52.260357,67.405109,60.804186,6.600923,1.246944,1.063545,-0.279039,0.882188,-9.487061,830,0.743243,2.0,4.77697
2024-04-24 13:55:00,0.444901,0.150969,0.248489,1.086728,0.124988,0.704785,2.676292,0.104979,1.312823,79.801828,58.497857,75.815597,54.128929,72.379568,63.119262,9.260306,1.414285,1.037057,1.445283,0.918175,-9.230361,835,0.756757,2.0,4.338864
2024-04-24 14:00:00,0.587723,0.148252,0.274096,1.367374,0.120601,0.785359,2.77182,0.106103,1.419001,81.855207,57.027857,77.212101,53.216429,78.220189,66.139448,12.080741,1.573452,1.043361,-1.13456,1.032369,-9.157386,840,0.77027,2.0,4.044844
2024-04-24 14:05:00,0.795611,0.082629,0.24556,1.319059,0.119524,0.796011,2.7896,0.106206,1.454512,82.940317,57.149286,77.978251,53.051429,83.512981,69.614154,13.898827,1.745772,1.006311,0.140354,1.054924,-8.992656,845,0.783784,2.0,3.890906
2024-04-24 14:10:00,0.617983,0.126249,0.129875,1.288211,0.120858,0.67367,2.578257,0.106228,1.347508,80.176653,54.037143,76.549756,51.953929,85.8473,72.860783,12.986517,1.840729,0.917414,-0.260102,0.967155,-9.127411,850,0.797297,2.0,3.365083
2024-04-24 14:15:00,0.488608,0.088973,0.200125,1.362681,0.123008,0.764099,2.688528,0.107554,1.45971,82.316721,56.44,77.961763,53.1225,89.600771,76.208781,13.39199,1.975654,0.941173,-1.42198,1.091841,-9.078689,855,0.810811,2.0,1.33712
2024-04-24 14:20:00,0.303436,0.116249,0.084077,1.231795,0.127019,0.623628,2.485225,0.108522,1.329795,78.363516,59.247857,75.905139,52.632143,90.260833,79.019191,11.241641,2.052944,0.858206,-0.105861,0.966538,-9.22207,860,0.824324,2.0,2.104388
2024-04-24 14:25:00,0.164049,0.101389,0.071787,1.465828,0.110803,0.585381,2.337032,0.107197,1.299954,78.715576,57.511429,76.114125,52.527857,90.152211,81.245795,8.906415,2.048451,0.834836,1.23456,0.920489,-8.981879,865,0.837838,2.0,0.592632
2024-04-24 14:30:00,0.139886,0.098247,0.094708,1.570744,0.107977,0.593229,2.367567,0.107247,1.316681,79.770608,53.751429,76.736889,52.481071,90.238706,83.044377,7.194329,2.007196,0.8379,-1.509604,0.946826,-8.941794,870,0.851351,2.0,0.242825
2024-04-24 14:35:00,0.318636,0.094954,0.148385,1.639682,0.108448,0.6527,2.617216,0.105226,1.388774,81.562855,52.703571,77.828546,53.988214,91.461474,84.727797,6.733677,1.973425,0.867438,1.470213,0.979052,-8.683967,875,0.864865,2.0,-0.080786
2024-04-24 14:40:00,0.231757,0.076764,0.154647,1.534622,0.105565,0.66624,2.791569,0.103411,1.414972,82.646883,52.247143,78.513165,53.658929,92.806703,86.343578,6.463125,1.978044,0.870375,-0.320623,1.018335,-8.555448,880,0.878378,2.0,0.163599
2024-04-24 14:45:00,0.387,0.037234,0.157032,1.548737,0.105547,0.676045,2.988144,0.100675,1.437525,83.649802,54.577143,79.159659,53.427143,94.187874,87.912437,6.275437,1.981075,0.871883,-1.48469,1.071869,-8.51515,885,0.891892,2.0,-1.466474
2024-04-24 14:50:00,0.335183,0.057487,0.085951,1.454814,0.108116,0.585788,2.775968,0.099907,1.353109,81.885373,53.695,78.3137,53.515,93.717192,89.073388,4.643804,1.948956,0.826252,-0.210376,1.004772,-8.648581,890,0.905405,2.0,-0.275665
2024-04-24 14:55:00,0.186518,0.086341,0.005269,1.470949,0.106882,0.45881,2.750214,0.100519,1.223498,77.015435,54.991429,75.969993,53.728571,90.945835,89.447877,1.497957,1.811955,0.76719,0.423363,0.852189,-8.82603,895,0.918919,2.0,0.364185
2024-04-24 15:00:00,0.10894,0.071725,0.037094,1.342903,0.104129,0.460681,2.652896,0.09966,1.223903,77.928015,51.102143,76.441976,54.691429,88.599662,89.278234,-0.678572,1.705841,0.774257,0.18416,0.859091,-8.665153,900,0.932432,2.0,1.118889
2024-04-24 15:05:00,0.002425,0.064185,0.009492,1.104584,0.099984,0.395876,2.543017,0.100112,1.153145,76.445016,48.164286,75.742012,53.331071,85.360927,88.494773,-3.133846,1.632304,0.738805,0.289842,0.801131,-8.83453,905,0.945946,2.0,2.371562
2024-04-24 15:10:00,-0.157875,0.053039,-0.046665,0.979913,0.104412,0.285905,2.264937,0.099622,1.03026,71.359257,47.934286,73.320766,52.481071,80.491366,86.894091,-6.402726,1.527283,0.671042,-0.142874,0.685974,-8.971635,910,0.959459,2.0,1.559301
2024-04-24 15:15:00,-0.205277,0.056381,-0.081432,0.882928,0.107929,0.190162,2.060132,0.100361,0.916259,66.81654,48.897857,71.084559,53.023571,74.468988,84.409071,-9.940083,1.387494,0.602098,0.397735,0.533964,-9.14753,915,0.972973,2.0,-1.589308
2024-04-24 15:20:00,-0.129121,0.054172,-0.055455,0.994302,0.102204,0.170454,2.03755,0.100502,0.878336,66.711889,48.465,71.033151,51.251071,68.872435,81.301744,-12.429308,1.138759,0.579552,-1.242625,0.492524,-9.206703,920,0.986486,2.0,-1.269051
2024-04-24 15:25:00,-0.310145,0.051012,-0.124311,0.735153,0.108071,0.035521,1.892015,0.103319,0.716743,59.150827,48.514286,67.212999,52.477143,61.465992,77.334593,-15.868602,0.880856,0.412649,0.732322,0.301884,-9.406799,925,1.0,2.0,0.03175
2024-04-25 09:15:00,-0.370188,0.046322,-0.138276,0.351073,0.091748,-0.043042,1.767468,0.104716,0.608108,54.9061,47.616429,64.919727,53.432143,53.546003,72.576875,-19.030872,0.757459,0.265828,-0.465882,0.15636,-9.519888,555,0.0,3.0,1.183356
2024-04-25 09:20:00,-0.400913,0.04917,-0.16574,0.129595,0.093238,-0.138698,1.606161,0.106691,0.477568,49.800576,47.561429,62.009115,52.536429,44.851243,67.031749,-22.180506,0.704608,0.082897,-1.683755,0.034187,-9.540929,560,0.013514,3.0,0.637874
2024-04-25 09:25:00,-0.263569,0.08092,-0.069037,0.029137,0.086861,-0.069184,1.688126,0.106525,0.518895,52.486524,46.613571,62.980756,50.1825,38.588952,61.343189,-22.754237,0.695966,0.164921,1.020147,0.068451,-9.325674,565,0.027027,3.0,0.537145
2024-04-25 09:30:00,-0.178285,0.100953,0.00979,0.018486,0.086292,0.013154,1.74328,0.10676,0.579322,55.904262,44.529286,64.255969,48.616429,34.669961,56.008544,-21.338582,0.692393,0.28258,-0.656151,0.131152,-9.232606,570,0.040541,3.0,0.814441
2024-04-25 09:35:00,0.188434,0.140092,0.16369,0.305104,0.099984,0.22533,1.793881,0.108422,0.784336,63.806197,47.013571,67.525494,49.630357,35.226536,51.852142,-16.625606,0.664019,0.60511,-0.48288,0.317523,-9.125604,575,0.054054,3.0,-1.001004
2024-04-25 09:40:00,0.174267,0.143245,0.044217,0.037162,0.095957,0.115723,1.825396,0.107554,0.659289,59.09682,44.870714,64.980221,49.723929,33.600302,48.201774,-14.601472,0.661791,0.455697,-0.538741,0.198556,-9.226675,580,0.067568,3.0,-1.675454
2024-04-25 09:45:00,0.26518,0.124827,0.016387,0.091405,0.09446,0.086917,1.745868,0.107791,0.6143,58.164189,43.397857,64.471828,48.546429,31.608235,44.883066,-13.274831,0.650414,0.417744,1.370494,0.143867,-9.464702,585,0.081081,3.0,-2.3187
2024-04-25 09:50:00,0.334746,0.129876,0.098723,0.199604,0.098609,0.197903,1.932653,0.107912,0.717359,62.447812,41.841429,66.306685,48.416429,31.936066,42.293666,-10.3576,0.643477,0.605991,0.544771,0.24416,-9.283354,590,0.094595,3.0,-0.7415
2024-04-25 09:55:00,0.275087,0.13067,0.081978,0.153524,0.097661,0.201015,1.903819,0.10791,0.712507,63.196405,40.296429,66.636299,45.699286,32.243784,40.28369,-8.039906,0.64582,0.631325,-0.875259,0.214492,-9.20472,595,0.108108,3.0,-1.398686
2024-04-25 10:00:00,0.05289,0.082775,0.063847,0.039394,0.093514,0.194353,1.8007,0.107378,0.697732,63.640729,40.907143,66.827865,44.535714,32.353549,38.697662,-6.344113,0.649801,0.648758,-1.365204,0.181439,-9.165127,600,0.121622,3.0,0.167065
2024-04-25 10:05:00,0.35788,0.094796,0.180718,0.16304,0.102825,0.363664,1.980969,0.110079,0.870661,69.578878,44.18,69.54999,46.057143,35.615917,38.081313,-2.465396,0.694437,0.926271,-1.394702,0.369099,-9.129857,605,0.135135,3.0,0.176127
2024-04-25 10:10:00,0.390198,0.087901,0.128792,0.094595,0.101405,0.340323,1.882137,0.109669,0.848407,69.900518,42.942857,69.706617,45.920357,37.981409,38.061332,-0.079923,0.723548,0.919976,-0.762181,0.346271,-9.0496,610,0.148649,3.0,-1.504367
2024-04-25 10:15:00,0.192765,0.100922,0.042345,0.057379,0.102374,0.248676,1.932444,0.108491,0.751754,66.003689,45.245,67.830489,46.855,38.285068,38.106079,0.178989,0.737332,0.819554,0.241477,0.26436,-9.205077,615,0.162162,3.0,0.710107
2024-04-25 10:20:00,0.087773,0.114593,-0.025492,0.054811,0.102482,0.151913,1.705748,0.108713,0.644136,61.447646,44.775714,65.570239,46.645,36.707422,37.826348,-1.118926,0.74517,0.704162,-1.037592,0.17198,-9.266119,620,0.175676,3.0,-0.264298
2024-04-25 10:25:00,0.150328,0.11745,0.033867,0.080753,0.103277,0.206557,1.80379,0.108592,0.69248,63.982601,46.951429,66.661006,47.283929,36.358925,37.532863,-1.173938,0.761959,0.794661,-0.444784,0.232093,-9.161528,625,0.189189,3.0,0.352436
2024-04-25 10:30:00,0.016436,0.074242,0.071485,0.177073,0.104193,0.253341,1.779966,0.108373,0.736088,66.279937,47.142857,67.682559,47.352143,36.927949,37.41188,-0.483931,0.801045,0.860989,-1.501234,0.301744,-9.131139,630,0.202703,3.0,2.058023
2024-04-25 10:35:00,-0.082261,0.083683,-0.0098,0.170399,0.104501,0.151072,1.636016,0.109679,0.623709,61.331463,46.473571,65.247238,46.543571,35.477152,37.024935,-1.547783,0.821028,0.736603,-0.1547,0.200896,-9.257306,635,0.216216,3.0,1.522876
2024-04-25 10:40:00,-0.066616,0.081673,-0.039556,0.196404,0.103559,0.091796,1.796481,0.10481,0.551243,58.623117,45.684286,63.877668,45.106786,33.088211,36.23759,-3.149379,0.829275,0.662558,-0.089498,0.134184,-9.385874,640,0.22973,3.0,0.292301
2024-04-25 10:45:00,0.108723,0.083204,0.036777,0.293093,0.105225,0.168847,1.926665,0.104658,0.621023,62.072664,43.861429,65.321386,45.4375,32.461227,35.482317,-3.02109,0.851435,0.752545,1.08156,0.214906,-9.174802,645,0.243243,3.0,1.333222
2024-04-25 10:50:00,0.131048,0.087358,0.090261,0.523676,0.100936,0.242099,1.966024,0.104964,0.691833,65.316784,44.480714,66.756847,44.675714,33.289645,35.043783,-1.754138,0.871394,0.830129,-0.934618,0.307153,-9.105854,650,0.256757,3.0,1.398639
2024-04-25 10:55:00,0.040128,0.084502,0.048489,0.589643,0.09823,0.203133,1.757696,0.103041,0.647607,64.265859,44.777143,66.251971,44.0875,33.259377,34.686902,-1.427524,0.849023,0.783466,0.010164,0.2814,-9.237835,655,0.27027,3.0,0.171306
2024-04-25 11:00:00,0.229096,0.073332,0.100713,0.804022,0.093723,0.27673,1.793854,0.103389,0.72122,67.562003,44.58,67.735934,43.210714,34.615614,34.672644,-0.05703,0.785501,0.88623,0.05491,0.371519,-9.10125,660,0.283784,3.0,-0.909895
2024-04-25 11:05:00,0.376655,0.051909,0.132201,0.839581,0.094493,0.338822,1.827502,0.103683,0.787153,70.365593,47.017857,69.07881,43.657143,36.958926,35.129901,1.829025,0.750771,0.978647,-1.131492,0.465944,-9.045206,665,0.297297,3.0,-1.299557
2024-04-25 11:10:00,0.15499,0.101522,0.003841,0.627942,0.101034,0.191881,1.794476,0.10461,0.633845,62.797641,49.356429,65.422619,45.131786,36.204667,35.344854,0.859813,0.680077,0.795983,-0.902877,0.333186,-9.116229,670,0.310811,3.0,-0.335537
2024-04-25 11:15:00,0.069509,0.094224,0.011364,0.404354,0.088838,0.185541,1.628248,0.102645,0.621599,63.242334,46.935,65.619724,45.5575,35.427687,35.361421,0.066267,0.681258,0.785215,0.981384,0.329986,-8.919415,675,0.324324,3.0,-0.622595
2024-04-25 11:20:00,0.169197,0.096421,0.062301,0.584552,0.085345,0.242234,1.495694,0.099574,0.676413,65.966612,49.165714,66.838721,46.054286,35.823983,35.453933,0.37005,0.659564,0.875039,1.10731,0.389394,-8.711277,680,0.337838,3.0,0.031925
2024-04-25 11:25:00,0.054528,0.089354,0.033533,0.592238,0.085131,0.208248,1.439,0.099725,0.638128,65.206274,48.225714,66.481598,46.735357,35.520409,35.467228,0.053181,0.600658,0.84259,-1.037929,0.367747,-8.771826,685,0.351351,3.0,1.684639
2024-04-25 11:30:00,-0.203875,0.100724,-0.084979,0.29825,0.091551,0.04254,1.254938,0.103264,0.457447,55.893828,49.432857,61.879423,47.104286,32.115268,34.796836,-2.681568,0.552057,0.553754,-1.165907,0.194755,-8.820807,690,0.364865,3.0,2.954064
2024-04-25 11:35:00,-0.062635,0.08999,-0.04662,0.289031,0.091525,0.052133,1.383758,0.10137,0.453976,56.519499,47.587143,62.133755,47.269286,29.339898,33.705449,-4.365551,0.502913,0.560322,0.18011,0.198336,-8.681655,695,0.378378,3.0,4.391643
2024-04-25 11:40:00,0.037288,0.106692,0.044344,0.388697,0.094148,0.14962,1.370851,0.101133,0.54531,60.994142,50.421429,64.003952,48.782143,28.771959,32.718751,-3.946791,0.462234,0.768616,1.251748,0.274396,-8.47319,700,0.391892,3.0,5.623548
2024-04-25 11:45:00,0.146891,0.13371,0.157336,0.373086,0.092562,0.309027,1.262105,0.096252,0.708965,67.165324,52.569286,66.880675,49.521429,31.290504,32.433101,-1.142597,0.537741,1.053171,0.98003,0.427026,-8.280696,705,0.405405,3.0,4.015021
2024-04-25 11:50:00,-0.008224,0.16088,-0.006521,0.193014,0.101452,0.128149,0.981391,0.099177,0.519605,58.479029,54.349286,62.374038,50.016786,30.037734,31.954028,-1.916294,0.546332,0.720481,0.97174,0.242835,-8.469296,710,0.418919,3.0,5.237965
2024-04-25 11:55:00,0.442973,0.174869,0.188538,0.548721,0.117432,0.378161,1.109227,0.104398,0.778683,66.551515,59.835,66.438009,51.848214,33.686102,32.300443,1.385659,0.641502,1.096904,2.119662,0.463139,-8.197273,715,0.432432,3.0,5.566505
2024-04-25 12:00:00,0.361062,0.186832,0.081253,0.56287,0.116792,0.281682,0.946673,0.104603,0.683581,63.491021,60.642143,64.767799,52.561429,35.015894,32.843533,2.172361,0.656898,0.938456,-1.063334,0.377068,-8.253586,720,0.445946,3.0,5.442107
2024-04-25 12:05:00,0.379198,0.187995,0.141669,0.618112,0.118618,0.373833,1.130279,0.105299,0.783532,66.741602,62.839286,66.491814,53.808214,37.917857,33.858398,4.05946,0.728525,1.033585,1.422053,0.469743,-8.025574,725,0.459459,3.0,4.357458
2024-04-25 12:10:00,0.344749,0.183265,0.199313,0.70257,0.12165,0.480906,1.117138,0.104941,0.904859,70.174009,64.547143,68.415472,54.563571,42.470816,35.580881,6.889935,0.860839,1.094145,-0.218418,0.596959,-7.909119,730,0.472973,3.0,2.768451
2024-04-25 12:15:00,0.646323,0.127317,0.221594,0.923605,0.120023,0.555858,1.326596,0.105156,0.998085,72.741863,64.212857,69.932723,55.615357,47.852185,38.035142,9.817043,0.995529,1.101688,0.386427,0.668543,-7.751219,735,0.486486,3.0,1.657351
2024-04-25 12:20:00,0.409422,0.091635,0.183342,1.02769,0.117897,0.551321,1.356915,0.105225,1.010494,73.722828,64.174286,70.523959,56.765357,52.448389,40.917791,11.530597,1.090298,1.051565,-0.318753,0.680128,-7.643409,740,0.5,3.0,1.635987
2024-04-25 12:25:00,0.404595,0.093583,0.074588,0.860084,0.120487,0.433761,1.213515,0.105939,0.90135,70.1041,62.835,68.659167,54.885,54.219222,43.578078,10.641145,1.14129,0.926343,-1.616162,0.595242,-7.663831,745,0.513514,3.0,0.460899
2024-04-25 12:30:00,0.371469,0.090235,0.115214,0.859701,0.120477,0.481493,1.183539,0.105428,0.960882,72.133049,60.759286,69.799787,54.9625,56.686294,46.199721,10.486573,1.22331,0.943238,0.054263,0.665075,-7.534357,750,0.527027,3.0,-0.355576
2024-04-25 12:35:00,0.184079,0.085793,0.057027,0.847474,0.120827,0.408537,1.069038,0.105328,0.894147,70.576833,62.160714,69.013964,55.193214,57.461051,48.451987,9.009064,1.262258,0.872357,1.000754,0.60121,-7.726603,755,0.540541,3.0,-0.972284
2024-04-25 12:40:00,-0.150779,0.11678,-0.096442,0.541098,0.131499,0.186533,0.783784,0.109555,0.663569,60.945047,61.757857,63.936332,55.595357,53.929581,49.547506,4.382075,1.256237,0.691454,1.052232,0.372894,-7.924849,760,0.554054,3.0,-0.305746
2024-04-25 12:45:00,0.101973,0.192516,0.139958,0.751226,0.145031,0.446676,1.12133,0.116822,0.933936,68.074957,64.972857,67.683213,56.28,55.841853,50.806375,5.035477,1.331109,0.883435,1.145418,0.631327,-7.718102,765,0.567568,3.0,-0.600926
2024-04-25 12:50:00,0.278109,0.187545,0.162965,0.984069,0.140421,0.498882,1.306044,0.116474,0.998285,70.085056,66.369286,68.83098,58.395357,58.512928,52.347686,6.165242,1.391501,0.906876,-1.579665,0.724456,-7.694792,770,0.581081,3.0,-0.74682
2024-04-25 12:55:00,0.389837,0.200085,0.24842,1.182558,0.144596,0.64169,1.467452,0.119301,1.162157,73.671306,68.085,70.97824,60.327143,63.573252,54.592799,8.980453,1.499537,0.978701,1.764297,0.867378,-7.442615,775,0.594595,3.0,0.57941
2024-04-25 13:00:00,0.369234,0.203032,0.132022,1.048866,0.14649,0.534628,1.43976,0.119606,1.067392,71.462013,66.492857,69.784376,60.421071,65.943099,56.862859,9.08024,1.56686,0.892359,-1.024774,0.802367,-7.499854,780,0.608108,3.0,0.258167
2024-04-25 13:05:00,0.748467,0.133171,0.205006,1.238412,0.148153,0.642974,1.698674,0.120337,1.195436,74.360517,65.998571,71.523141,62.916786,70.094824,59.509252,10.585572,1.658597,0.939725,-1.441846,0.956834,-7.476061,785,0.621622,3.0,0.857409
2024-04-25 13:10:00,0.627992,0.105669,0.261168,1.591054,0.140887,0.751308,1.965675,0.121193,1.329526,77.038421,65.879286,73.226724,63.260714,75.797117,62.766825,13.030292,1.72625,0.985373,1.056909,1.070253,-7.273907,790,0.635135,3.0,-0.199889
2024-04-25 13:15:00,0.706904,0.107622,0.296021,1.761667,0.141876,0.845856,2.154082,0.122733,1.454728,79.320962,66.852143,74.763172,64.845714,82.588634,66.731187,15.857447,1.811463,1.015712,1.456789,1.153762,-7.03827,795,0.648649,3.0,0.129258
2024-04-25 13:20:00,0.529022,0.108459,0.219028,1.679922,0.142247,0.794546,2.321582,0.120162,1.428802,79.710691,68.534286,75.029813,66.540714,87.540407,70.893031,16.647377,1.879517,0.969875,-1.198095,1.165527,-6.998501,800,0.662162,3.0,0.248773
2024-04-25 13:25:00,0.499129,0.119393,0.092624,1.404276,0.144311,0.645614,2.324869,0.120092,1.29427,75.95453,67.270714,73.078841,65.741786,89.028772,74.520179,14.508593,1.921282,0.881138,0.309613,1.025227,-7.148762,805,0.675676,3.0,0.424115
2024-04-25 13:30:00,0.340109,0.115175,0.073108,1.591087,0.133919,0.599286,2.455317,0.118042,1.259472,76.21227,62.837143,73.23295,63.505714,89.477847,77.511713,11.966134,1.864417,0.859381,1.070129,0.971773,-6.9402,810,0.689189,3.0,-0.04226
2024-04-25 13:35:00,-0.022995,0.13417,-0.068487,1.11976,0.135815,0.382161,2.211626,0.122202,1.038728,68.115462,66.316429,69.01403,64.575714,85.74595,79.15856,6.58739,1.817067,0.740662,0.553159,0.755977,-7.110171,815,0.702703,3.0,-1.072859
2024-04-25 13:40:00,-0.334008,0.090546,-0.131425,1.056897,0.139421,0.228904,1.994721,0.124456,0.872834,62.859606,67.331429,66.126906,64.045357,79.605735,79.247995,0.35774,1.694116,0.65084,-0.268331,0.598673,-7.222026,820,0.716216,3.0,-1.372388
2024-04-25 13:45:00,-0.325534,0.092934,-0.060145,0.966059,0.138197,0.244483,1.796672,0.121191,0.878306,63.823457,66.419286,66.591612,64.29,74.605786,78.319554,-3.713767,1.591608,0.65634,-1.20792,0.599456,-7.179497,825,0.72973,3.0,-1.840362
2024-04-25 13:50:00,-0.307862,0.092571,-0.08153,0.744775,0.137784,0.164813,1.83239,0.120506,0.783387,61.246394,65.304286,65.195149,63.531071,68.757328,76.407108,-7.649781,1.509695,0.598996,-1.370433,0.497567,-7.207008,830,0.743243,3.0,-0.806987
2024-04-25 13:55:00,-0.308953,0.09234,-0.043726,0.626845,0.135967,0.16356,1.868643,0.120273,0.767888,61.674408,61.067857,65.388464,63.020357,63.669249,73.859537,-10.190287,1.451713,0.592446,1.503205,0.473933,-6.968382,835,0.756757,3.0,0.100848
2024-04-25 14:00:00,-0.112802,0.071149,-0.015333,0.593841,0.135883,0.166746,1.755706,0.119513,0.757617,62.257478,55.505714,65.645481,60.9375,59.317857,70.951201,-11.633343,1.396974,0.589744,0.864849,0.46243,-6.776291,840,0.77027,3.0,-1.101274
2024-04-25 14:05:00,0.230116,0.101938,0.132505,0.881285,0.139663,0.344913,1.948979,0.122159,0.934962,67.722458,56.799286,68.177903,62.442143,58.958814,68.552723,-9.593909,1.33131,0.72229,-0.201266,0.628963,-6.661935,845,0.783784,3.0,-0.47395
2024-04-25 14:10:00,0.342509,0.11244,0.190604,0.936928,0.141328,0.451183,2.091339,0.123171,1.04668,70.971738,59.293571,69.833285,62.893214,60.680375,66.978254,-6.297879,1.307105,0.808355,-0.656119,0.723608,-6.579536,850,0.797297,3.0,-0.953682
2024-04-25 14:15:00,0.430364,0.091981,0.143907,0.992439,0.140296,0.431069,1.905939,0.120836,1.029825,71.483452,53.392857,70.100272,59.695714,61.780397,65.938682,-4.158286,1.24822,0.803622,1.349835,0.673567,-6.347643,855,0.810811,3.0,-0.494762
2024-04-25 14:20:00,0.558939,0.085197,0.1919,1.34209,0.128544,0.520589,2.039869,0.121702,1.128709,74.258776,53.51,71.581594,59.694643,64.452603,65.641466,-1.188863,1.078576,0.923409,1.780756,0.723529,-6.076929,860,0.824324,3.0,-0.976319
2024-04-25 14:25:00,0.492313,0.105577,0.097473,0.9861,0.117589,0.429404,2.059926,0.121386,1.039764,71.873628,50.445,70.43578,58.648571,65.015584,65.51629,-0.500706,0.99545,0.863391,0.599194,0.59635,-6.260089,865,0.837838,3.0,-2.448087
2024-04-25 14:30:00,0.273482,0.089557,0.062313,0.876631,0.117402,0.384744,2.138141,0.120301,0.99473,71.657554,45.674286,70.334,57.104286,64.646346,65.342301,-0.695955,0.918224,0.841974,1.094185,0.550117,-6.483706,870,0.851351,3.0,-1.431819
2024-04-25 14:35:00,0.233989,0.079894,0.117536,0.78023,0.112106,0.451449,2.176621,0.120635,1.0659,74.068151,44.817857,71.557768,56.044286,65.613053,65.396452,0.216602,0.932155,0.917704,0.573889,0.591029,-6.297456,875,0.864865,3.0,-0.979524
2024-04-25 14:40:00,0.117422,0.10166,0.017644,0.739062,0.114166,0.325673,2.008833,0.122026,0.935417,69.019295,46.697143,69.193746,54.767143,64.031265,65.123414,-1.09215,0.871192,0.799776,1.14255,0.45331,-6.529572,880,0.878378,3.0,-2.205211
2024-04-25 14:45:00,-0.026644,0.076196,0.011701,0.562412,0.1096,0.294483,2.096668,0.120814,0.898316,69.014216,44.831429,69.191369,55.573929,62.060675,64.510866,-2.450191,0.852707,0.773211,0.758827,0.408346,-6.735044,885,0.891892,3.0,-4.096623
2024-04-25 14:50:00,-0.080699,0.08647,-0.058609,0.274887,0.106431,0.176045,2.045544,0.121787,0.766317,63.522147,45.717143,66.6033,56.524286,58.068895,63.222472,-5.153577,0.849616,0.640556,1.091767,0.276991,-6.96846,890,0.905405,3.0,-4.630847
2024-04-25 14:55:00,-0.040306,0.089718,-0.014786,0.128162,0.098945,0.19228,1.986091,0.121537,0.771315,64.6307,47.099286,67.070446,56.759286,54.916259,61.56123,-6.64497,0.860747,0.673682,-0.16383,0.301183,-6.831381,895,0.918919,3.0,-5.81269
2024-04-25 15:00:00,0.025533,0.113768,0.110041,0.275483,0.106213,0.336986,2.06895,0.122882,0.914966,69.551948,48.008571,69.27177,56.656429,54.964237,60.241831,-5.277594,0.909147,0.847473,-1.435456,0.458034,-6.791488,900,0.932432,3.0,-6.176605
2024-04-25 15:05:00,0.069275,0.105949,0.041804,0.308182,0.104943,0.261908,2.038553,0.123243,0.832971,66.91367,51.103571,68.030775,56.085714,53.548217,58.903108,-5.354891,0.938971,0.769491,0.64626,0.362016,-6.990866,905,0.945946,3.0,-5.556328
2024-04-25 15:10:00,0.114409,0.106379,0.057873,0.336212,0.105152,0.277715,1.979844,0.122919,0.843621,68.151945,55.92,68.586252,55.712857,52.615914,57.645669,-5.029756,0.974806,0.788588,-1.573539,0.360785,-6.965971,910,0.959459,3.0,-4.087243
2024-04-25 15:15:00,0.151845,0.096477,-0.002923,0.450247,0.096961,0.194773,1.816995,0.123449,0.750022,64.553706,52.886429,66.918655,54.842857,50.196976,56.155931,-5.958954,0.968003,0.702909,0.496233,0.25147,-7.154883,915,0.972973,3.0,-4.444045
2024-04-25 15:20:00,0.028495,0.109408,-0.059801,0.492345,0.093932,0.097569,1.857283,0.122511,0.636467,59.81475,51.618571,64.647342,55.456071,46.212487,54.167242,-7.954755,0.902424,0.594133,-0.471273,0.156877,-7.270263,920,0.986486,3.0,-3.066692
2024-04-25 15:25:00,-0.246556,0.056132,-0.103552,0.354937,0.097563,0.001785,1.746569,0.123896,0.519055,55.02962,53.235,62.237827,53.313929,40.895266,51.512847,-10.61758,0.834988,0.466091,-0.725287,0.032045,-7.36403,925,1.0,3.0,-1.902348
2024-04-26 09:15:00,-0.040177,0.109171,0.037197,0.577521,0.100553,0.145924,1.825272,0.12498,0.652588,60.68221,54.56,64.525914,54.035,39.048153,49.019908,-9.971755,0.729117,0.640424,-0.268159,0.178986,-7.236702,555,0.0,4.0,-2.336767
2024-04-26 09:20:00,0.159999,0.158919,0.188253,0.808198,0.111494,0.354209,2.087343,0.12821,0.863966,67.466537,58.576429,67.656777,54.510714,41.446134,47.505153,-6.059019,0.65612,0.968886,1.387612,0.399617,-6.978379,560,0.013514,4.0,-4.003791
2024-04-26 09:25:00,0.28845,0.149991,0.169405,0.853762,0.111535,0.380199,2.31929,0.124875,0.893665,69.017721,60.191429,68.435169,52.932857,44.008471,46.805817,-2.797346,0.571622,1.079347,-0.501133,0.443497,-6.863177,565,0.027027,4.0,-3.1502
2024-04-26 09:30:00,0.326729,0.14154,0.080436,0.589211,0.105568,0.299739,2.254126,0.12552,0.811221,66.498653,59.572143,67.197872,52.195,44.661715,46.376996,-1.715282,0.548497,0.961157,-0.220683,0.378286,-6.999511,570,0.040541,4.0,-2.539793
2024-04-26 09:35:00,0.508771,0.109669,0.110791,0.521219,0.10242,0.348901,2.226109,0.125274,0.862183,68.670135,61.392143,68.247652,54.044643,46.168254,46.335248,-0.166994,0.59859,1.022624,0.13327,0.447692,-6.83741,575,0.054054,4.0,-0.184871
2024-04-26 09:40:00,0.335051,0.114048,0.064767,0.482068,0.102803,0.303233,2.016585,0.123691,0.814928,67.918124,58.576429,67.89025,51.703929,46.583939,46.384986,0.198953,0.629179,0.937198,0.103272,0.413913,-6.996567,580,0.067568,4.0,1.246904
2024-04-26 09:45:00,0.183318,0.063891,0.105669,0.431645,0.100302,0.359305,2.282899,0.120238,0.873475,70.331135,56.455714,69.049429,51.086429,48.023647,46.712718,1.310928,0.70659,0.991727,0.750234,0.477864,-6.788345,585,0.081081,4.0,2.031261
2024-04-26 09:50:00,0.161912,0.062131,0.100137,0.522172,0.099145,0.36541,2.032979,0.114952,0.882094,71.432025,55.9,69.591043,51.499643,49.386909,47.247556,2.139353,0.776487,0.971352,0.155209,0.490973,-6.627398,590,0.094595,4.0,3.721983
2024-04-26 09:55:00,0.253588,0.04277,0.095317,0.569254,0.098951,0.369389,2.144625,0.113914,0.888726,72.489873,55.294286,70.11296,51.651429,50.645227,47.92709,2.718136,0.841685,0.952063,0.663916,0.499007,-6.426948,595,0.108108,4.0,2.676712
2024-04-26 10:00:00,0.241186,0.040529,0.112456,0.528437,0.097508,0.400688,2.085558,0.113285,0.924666,74.248862,51.644286,70.997203,51.373929,52.343849,48.810442,3.533407,0.930235,0.959723,0.093595,0.54963,-6.269195,600,0.121622,4.0,2.873711
2024-04-26 10:05:00,0.214664,0.050989,0.048231,0.579665,0.094912,0.326036,1.884334,0.112597,0.849277,71.558164,49.02,69.827275,52.47,52.37378,49.52311,2.85067,0.972798,0.868421,1.097221,0.482749,-6.501783,605,0.135135,4.0,2.604159
2024-04-26 10:10:00,0.096761,0.048777,0.016143,0.555616,0.095447,0.27312,1.724401,0.112062,0.792459,69.923318,48.673571,69.119642,50.78,51.378384,49.894165,1.484219,0.993065,0.808647,0.262634,0.413181,-6.674437,610,0.148649,4.0,4.350848
2024-04-26 10:15:00,-0.09758,0.086467,-0.089077,0.505189,0.099534,0.111305,1.517779,0.114995,0.616281,60.62417,50.302143,64.869409,50.960357,47.382123,49.391756,-2.009633,0.945629,0.63871,0.492454,0.228125,-6.865292,615,0.162162,4.0,4.920662
2024-04-26 10:20:00,-0.169251,0.079177,-0.07867,0.439522,0.100217,0.074515,1.560834,0.114386,0.564039,58.994777,51.759286,64.081378,52.497143,43.203832,48.154171,-4.950339,0.894211,0.589803,-1.103652,0.185231,-6.944188,620,0.175676,4.0,1.866252
2024-04-26 10:25:00,-0.364787,0.058677,-0.134218,0.136155,0.097925,-0.043607,1.336729,0.115991,0.423372,52.545328,51.102143,60.831618,52.831071,37.286438,45.980625,-8.694187,0.879469,0.44405,1.091433,0.054221,-7.180447,625,0.189189,4.0,3.242507
2024-04-26 10:30:00,-0.32682,0.066043,-0.090823,0.18155,0.097128,-0.041226,1.364765,0.115783,0.404814,52.446881,46.457143,60.780653,52.516786,32.191084,43.222716,-11.031633,0.85365,0.429463,-0.180643,0.036363,-7.32533,630,0.202703,4.0,2.342206
2024-04-26 10:35:00,-0.382448,0.061875,-0.113765,0.056569,0.098697,-0.109482,1.488381,0.112098,0.311919,48.46072,46.468571,58.701465,53.33,26.433743,39.864922,-13.431179,0.844127,0.33085,-1.564127,-0.053568,-7.366335,635,0.216216,4.0,3.127041
2024-04-26 10:40:00,-0.213077,0.058216,-0.062484,0.13898,0.097549,-0.080904,1.198273,0.104719,0.319009,49.500552,45.804286,59.06677,52.688214,21.973562,36.28665,-14.313088,0.816589,0.341238,-1.344114,-0.042552,-7.313794,640,0.22973,4.0,2.656647
2024-04-26 10:45:00,-0.131484,0.07271,-0.006454,0.278886,0.095461,-0.025434,1.146002,0.10416,0.357373,52.23065,44.416429,60.031167,52.904286,19.154063,32.860132,-13.70607,0.749931,0.378979,-1.721445,-0.002472,-7.288898,645,0.243243,4.0,2.910867
2024-04-26 10:50:00,-0.134559,0.073734,-0.088132,0.248582,0.0975,-0.136725,0.807387,0.102667,0.222142,45.873704,48.103571,56.731954,53.34,14.524266,29.192959,-14.668693,0.646536,0.146299,0.751405,-0.128735,-7.493958,650,0.256757,4.0,3.556736
2024-04-26 10:55:00,-0.201251,0.074132,-0.104594,0.02012,0.092616,-0.185846,0.788621,0.102945,0.147233,42.809071,47.925714,55.019268,52.190714,9.528451,25.260058,-15.731606,0.638438,0.032828,-0.369586,-0.20469,-7.619511,655,0.27027,4.0,3.762134
2024-04-26 11:00:00,-0.203234,0.074402,-0.124272,-0.306288,0.074268,-0.242066,0.529691,0.101211,0.062764,39.435673,48.210714,53.044731,52.055357,4.075452,21.023136,-16.947685,0.721604,-0.005199,0.692184,-0.284934,-7.822986,660,0.283784,4.0,2.820134
2024-04-26 11:05:00,-0.145391,0.089267,-0.030876,-0.294215,0.075012,-0.148578,0.420507,0.098477,0.135344,43.970387,46.741429,54.654254,51.017857,1.120817,17.042673,-15.921855,0.765799,0.14468,1.045964,-0.21492,-7.593972,665,0.297297,4.0,4.232113
2024-04-26 11:10:00,-0.029728,0.1241,0.091826,-0.077401,0.084929,0.018005,0.406159,0.097978,0.292334,52.291831,49.68,57.892119,50.662143,1.743929,13.982924,-12.238995,0.771188,0.370372,1.418764,-0.05368,-7.337783,670,0.310811,4.0,4.642531
2024-04-26 11:15:00,0.18292,0.108171,0.119033,-0.076425,0.084983,0.094783,0.460327,0.098551,0.364408,55.922551,50.547857,59.438927,49.783929,3.731906,11.93272,-8.200814,0.768973,0.487671,-0.674559,0.030917,-7.226124,675,0.324324,4.0,4.639707
2024-04-26 11:20:00,0.223688,0.099447,0.060599,-0.090895,0.085133,0.060329,0.512386,0.097865,0.323004,54.476498,48.510714,58.714486,48.592143,4.754716,10.497119,-5.742404,0.767992,0.457024,-0.228129,-0.006018,-7.368222,680,0.337838,4.0,5.360368
2024-04-26 11:25:00,0.449841,0.076115,0.136151,-0.041066,0.088818,0.184622,0.63963,0.099666,0.448747,60.153985,45.416429,61.222313,47.859286,8.020282,10.001752,-1.98147,0.762021,0.647877,-1.522366,0.135311,-7.320108,685,0.351351,4.0,4.840022
2024-04-26 11:30:00,0.230994,0.12878,-0.002676,-0.225447,0.093201,0.04016,0.675623,0.098408,0.296024,53.184987,46.847857,57.677628,49.303571,8.030395,9.60748,-1.577086,0.739001,0.478142,-1.618111,-0.014573,-7.355684,690,0.364865,4.0,6.741608
2024-04-26 11:35:00,0.207927,0.123607,0.095286,-0.12291,0.098998,0.168162,0.952118,0.097968,0.424721,58.55853,45.835714,60.163497,48.468929,10.500308,9.786046,0.714262,0.711255,0.690747,-1.350149,0.120913,-7.303625,695,0.378378,4.0,6.982617
2024-04-26 11:40:00,0.061059,0.12756,0.023523,-0.255981,0.097845,0.097814,0.849968,0.098542,0.350181,55.720392,47.4,58.690409,46.928571,11.263569,10.08155,1.182019,0.644161,0.63739,-1.571649,0.051022,-7.339017,700,0.391892,4.0,7.364774
2024-04-26 11:45:00,-0.173126,0.178719,-0.159185,-0.477503,0.112585,-0.148849,0.648231,0.105619,0.083791,45.373029,52.162143,52.829436,49.315357,7.135941,9.492429,-2.356487,0.593679,0.247561,-0.92887,-0.215341,-7.424068,705,0.405405,4.0,7.72888
2024-04-26 11:50:00,-0.063943,0.209998,0.062395,-0.201549,0.128506,0.094071,0.886972,0.11095,0.323945,54.200191,55.355714,57.110082,50.58,8.251265,9.244196,-0.992931,0.530393,0.713203,1.087098,0.032812,-7.19488,710,0.418919,4.0,6.833464
2024-04-26 11:55:00,0.226639,0.206085,0.141816,0.098357,0.128858,0.221252,1.017744,0.112526,0.456114,58.500233,57.448571,59.385901,50.9325,11.669125,9.729182,1.939943,0.562537,0.95988,1.185345,0.17376,-6.95677,715,0.432432,4.0,5.676717
2024-04-26 12:00:00,-0.017496,0.205301,0.02894,0.028916,0.130737,0.111068,0.702723,0.110189,0.343341,54.869865,57.517143,57.321852,52.810357,12.487687,10.280883,2.206804,0.568778,0.77908,-0.314201,0.0719,-7.086797,720,0.445946,4.0,5.911854
2024-04-26 12:05:00,0.057566,0.202856,0.029352,0.166833,0.12744,0.114145,0.563584,0.108338,0.344376,55.327896,56.972143,57.556557,52.448929,13.251543,10.875015,2.376528,0.589651,0.780662,-0.820402,0.08679,-6.992905,725,0.459459,4.0,6.282528
2024-04-26 12:10:00,0.298344,0.140795,0.00487,0.146716,0.127605,0.083302,0.515924,0.10842,0.309583,54.458373,55.991429,57.080996,52.101071,13.312097,11.362431,1.949666,0.603358,0.725521,1.113611,0.062398,-7.226043,730,0.472973,4.0,7.647111
2024-04-26 12:15:00,0.052388,0.090121,0.008155,0.234076,0.125947,0.082029,0.378767,0.106691,0.304501,54.714382,56.565714,57.203482,51.653571,13.337065,11.757358,1.579707,0.609994,0.715961,0.828504,0.072256,-7.01591,735,0.486486,4.0,8.117171
2024-04-26 12:20:00,-0.24152,0.069685,-0.090484,0.069826,0.130622,-0.056005,0.280074,0.108578,0.153961,48.929151,55.671429,54.077611,52.675714,10.68065,11.542016,-0.861367,0.605245,0.473976,-0.621196,-0.063546,-7.122262,740,0.5,4.0,7.046864
2024-04-26 12:25:00,-0.211714,0.065491,-0.105945,-0.051443,0.131029,-0.112547,0.21545,0.109076,0.08209,46.418329,56.331429,52.660035,53.439643,7.278721,10.689357,-3.410636,0.609337,0.366112,1.275689,-0.114427,-7.363428,745,0.513514,4.0,7.592297
2024-04-26 12:30:00,-0.186778,0.071637,-0.043947,0.114456,0.128034,-0.065608,0.141433,0.108056,0.117407,48.097687,55.923571,53.401715,52.217143,5.232438,9.597974,-4.365535,0.593051,0.420337,0.524734,-0.059959,-7.175555,750,0.527027,4.0,8.438934
2024-04-26 12:35:00,-0.148683,0.075601,-0.018559,0.199467,0.126834,-0.044789,0.24876,0.107216,0.1283,48.792971,54.108571,53.704298,49.7625,3.851989,8.448777,-4.596787,0.553349,0.42576,0.610119,-0.026552,-6.982836,755,0.540541,4.0,9.461313
2024-04-26 12:40:00,-0.047951,0.098094,0.059764,0.390039,0.126712,0.057372,0.357374,0.1082,0.227388,53.317017,51.904286,55.707866,49.376071,4.623524,7.683726,-3.060202,0.465203,0.60249,1.013465,0.088552,-6.761121,760,0.554054,4.0,9.814325
2024-04-26 12:45:00,0.097179,0.063985,0.040623,0.312919,0.126007,0.052975,0.458594,0.107104,0.21959,53.365529,51.85,55.72959,48.842857,5.196054,7.186192,-1.990138,0.394872,0.584209,1.041324,0.091085,-6.537882,765,0.567568,4.0,8.61204
2024-04-26 12:50:00,0.382422,0.088337,0.171234,0.360617,0.129454,0.243725,0.639259,0.110989,0.419238,61.292739,52.032143,59.499347,49.716071,9.380958,7.625145,1.755813,0.438862,1.027797,1.137964,0.293786,-6.304846,770,0.581081,4.0,9.792743
2024-04-26 12:55:00,0.266258,0.112187,0.063593,0.197737,0.130014,0.151845,0.382438,0.109002,0.329731,57.596455,45.905,57.712707,49.033571,11.222225,8.344561,2.877664,0.458115,0.81842,-1.037324,0.212431,-6.384586,775,0.594595,4.0,9.080098
2024-04-26 13:00:00,0.266352,0.11218,0.053195,0.242121,0.129709,0.152049,0.446191,0.108719,0.332382,58.177781,43.382143,57.99268,49.368929,12.821712,9.239991,3.58172,0.473408,0.816837,0.163415,0.219068,-6.221225,780,0.608108,4.0,9.673151
2024-04-26 13:05:00,-0.033286,0.149194,-0.091922,-0.092801,0.13338,-0.035428,0.20932,0.112186,0.135304,49.559386,44.661429,53.653602,51.055,10.574338,9.506861,1.067477,0.472183,0.422559,-1.18382,0.026144,-6.292946,785,0.621622,4.0,8.119394
2024-04-26 13:10:00,-0.163111,0.158521,-0.147102,-0.081508,0.132799,-0.148466,0.142674,0.113378,0.00619,44.755753,42.225,50.991741,49.871071,6.436318,8.892752,-2.456434,0.489665,0.170917,0.672541,-0.099356,-6.492197,790,0.635135,4.0,8.903324
2024-04-26 13:15:00,-0.263218,0.121007,-0.020936,-0.111246,0.131189,-0.029647,0.345765,0.113728,0.117276,49.496374,46.364286,53.158906,51.668214,5.150332,8.144268,-2.993936,0.4872,0.41812,-1.056807,0.015853,-6.41305,795,0.648649,4.0,8.13749
2024-04-26 13:20:00,-0.288029,0.122689,-0.081004,-0.151828,0.132385,-0.117778,0.340704,0.113823,0.015964,45.818092,46.371429,51.12232,51.181429,2.321138,6.979642,-4.658504,0.50291,0.235913,-0.966646,-0.091077,-6.498112,800,0.662162,4.0,9.239048
2024-04-26 13:25:00,-0.265599,0.126429,-0.028222,0.149263,0.11828,-0.071585,0.219672,0.11178,0.052534,47.436064,44.986429,51.857971,50.776071,0.756143,5.734942,-4.978799,0.457899,0.278135,-1.77541,-0.05924,-6.475375,805,0.675676,4.0,11.02216
2024-04-26 13:30:00,-0.093069,0.100251,-0.030986,-0.121919,0.10322,-0.081279,-0.043872,0.106266,0.032926,46.727146,42.679286,51.478909,49.175357,-0.798495,4.428255,-5.22675,0.470277,0.258146,-0.890898,-0.091973,-6.559073,810,0.689189,4.0,12.210607
2024-04-26 13:35:00,-0.076565,0.095897,-0.095471,-0.38378,0.098883,-0.174991,-0.22181,0.106966,-0.076192,42.521991,41.809286,49.187815,49.070357,-3.973001,2.748004,-6.721004,0.486606,0.075388,1.3653,-0.207013,-6.806401,815,0.702703,4.0,11.061196
2024-04-26 13:40:00,-0.238845,0.061817,-0.09481,-0.332388,0.097373,-0.200565,-0.219916,0.10695,-0.118065,40.8741,43.356429,48.261221,49.64,-7.232537,0.751896,-7.984432,0.530015,0.053502,0.635731,-0.248671,-7.002685,820,0.716216,4.0,10.135375
2024-04-26 13:45:00,-0.201469,0.055808,-0.105299,-0.410321,0.097604,-0.238513,-0.368349,0.106461,-0.174015,38.693623,45.665714,47.020914,49.887143,-10.807928,-1.560069,-9.247859,0.582358,0.020682,-1.110942,-0.3072,-7.070055,825,0.72973,4.0,9.282769
2024-04-26 13:50:00,-0.301177,0.034108,-0.111043,-0.449366,0.098029,-0.271149,-0.415824,0.106731,-0.225946,36.651882,44.851429,45.836368,48.377857,-14.556534,-4.159362,-10.397172,0.646641,0.008567,1.019757,-0.350529,-7.295212,830,0.743243,4.0,9.963207
2024-04-26 13:55:00,-0.227108,0.061875,-0.036727,-0.400927,0.099402,-0.194813,-0.453367,0.106127,-0.16339,39.780655,44.274286,47.099949,48.062143,-16.348786,-6.597247,-9.751539,0.67299,0.140548,0.229041,-0.282435,-7.129395,835,0.756757,4.0,10.326415
2024-04-26 14:00:00,-0.069376,0.05955,0.005988,-0.211881,0.095956,-0.134989,-0.452211,0.106139,-0.113127,42.287447,42.442143,48.124828,47.237143,-16.767345,-8.631267,-8.136079,0.695247,0.232877,-0.25575,-0.230153,-6.999798,840,0.77027,4.0,10.502298
2024-04-26 14:05:00,-0.094307,0.063877,-0.043793,-0.215124,0.096062,-0.186916,-0.566168,0.106232,-0.177475,39.510378,44.800714,46.655161,45.352857,-18.157415,-10.536496,-7.620919,0.731958,0.163208,-0.811667,-0.294329,-7.086193,845,0.783784,4.0,10.828911
2024-04-26 14:10:00,-0.134797,0.072834,-0.098292,-0.358456,0.097427,-0.262761,-0.742046,0.106302,-0.269922,35.847148,47.675714,44.613607,45.528929,-20.850405,-12.599278,-8.251127,0.795991,0.082892,0.904033,-0.379073,-7.300471,850,0.797297,4.0,11.425711
2024-04-26 14:15:00,-0.064883,0.071305,-0.059733,-0.365819,0.097305,-0.229916,-0.693613,0.106289,-0.251,36.381623,46.2,44.824281,45.430714,-22.570321,-14.593487,-7.976834,0.845411,0.139143,-0.087529,-0.362401,-7.161519,855,0.810811,4.0,12.093917
2024-04-26 14:20:00,-0.149042,0.059983,-0.058652,-0.501661,0.092638,-0.233565,-0.697819,0.106299,-0.268247,35.35525,45.624286,44.259393,43.924643,-24.153614,-16.505512,-7.648102,0.879686,0.149677,1.144433,-0.366677,-7.392797,860,0.824324,4.0,13.800149
2024-04-26 14:25:00,-0.116451,0.071025,0.01312,-0.424852,0.095359,-0.140592,-0.471015,0.105244,-0.182637,40.381721,44.947143,46.210221,45.655714,-23.750739,-17.954557,-5.796182,0.88254,0.263414,-0.302406,-0.266744,-7.269963,865,0.837838,4.0,13.760193
2024-04-26 14:30:00,0.187652,0.12727,0.163687,-0.408734,0.09753,0.082925,-0.210684,0.110614,0.047576,52.254593,47.853571,51.443769,47.1125,-19.101641,-18.183974,-0.917667,0.783593,0.555938,1.038846,-0.027563,-7.044933,870,0.851351,4.0,13.97939
2024-04-26 14:35:00,0.351293,0.100021,0.148778,-0.273952,0.098184,0.128931,-0.028678,0.109629,0.102946,54.745322,49.63,52.669331,47.308214,-14.198881,-17.386955,3.188074,0.706683,0.665806,0.552877,0.035125,-6.857349,875,0.864865,4.0,12.138506
2024-04-26 14:40:00,0.318,0.106038,0.082825,-0.314497,0.097953,0.094491,-0.051166,0.109681,0.07539,53.510186,48.756429,52.108934,45.717857,-10.624253,-16.034415,5.410162,0.601702,0.680319,-1.037041,0.020845,-6.926172,880,0.878378,4.0,10.82916
2024-04-26 14:45:00,0.308081,0.108247,0.029777,-0.161893,0.08913,0.050966,-0.009476,0.109227,0.035779,51.557661,49.212857,51.227906,45.511071,-8.370237,-14.501579,6.131342,0.565325,0.63878,-1.107617,-0.006619,-6.990922,885,0.891892,4.0,10.149552
2024-04-26 14:50:00,0.125629,0.129677,-0.049284,-0.136869,0.087508,-0.04772,-0.133184,0.110157,-0.06525,46.582328,51.697143,48.897588,47.526786,-8.323697,-13.266003,4.942306,0.555759,0.466839,0.096679,-0.104423,-7.14602,890,0.905405,4.0,8.976417
2024-04-26 14:55:00,-0.215594,0.068774,-0.105547,-0.361179,0.085335,-0.141774,-0.294727,0.11087,-0.167366,41.997211,52.012143,46.588716,48.838929,-10.098931,-12.632589,2.533658,0.520353,0.289884,-0.841156,-0.207385,-7.236169,895,0.918919,4.0,9.209578
2024-04-26 15:00:00,-0.393411,0.043976,-0.149566,-0.379349,0.086353,-0.235627,-0.287804,0.110722,-0.274745,37.653492,52.753571,44.231594,48.8025,-13.449567,-12.795984,-0.653583,0.537695,0.111289,1.005454,-0.306749,-7.457057,900,0.932432,4.0,10.262535
2024-04-26 15:05:00,-0.43049,0.034635,-0.14086,-0.479306,0.085739,-0.268926,-0.28075,0.110644,-0.3231,35.597072,55.230714,43.059832,49.7525,-16.997563,-13.6363,-3.361263,0.551482,0.052859,-1.343833,-0.358966,-7.508505,905,0.945946,4.0,9.837901
2024-04-26 15:10:00,-0.457444,0.026362,-0.137394,-0.526017,0.086215,-0.302225,-0.26418,0.110435,-0.372909,33.51483,55.901429,41.845459,49.171786,-20.72038,-15.053116,-5.667264,0.579014,0.007215,0.887195,-0.391593,-7.720995,910,0.959459,4.0,9.362469
2024-04-26 15:15:00,-0.308913,0.065148,-0.061386,-0.369077,0.08515,-0.232542,-0.296726,0.110029,-0.314864,36.307913,55.275714,43.005842,50.038214,-22.609649,-16.564423,-6.045226,0.603361,0.132697,-0.724953,-0.324791,-7.627198,915,0.972973,4.0,8.860012
2024-04-26 15:20:00,-0.263636,0.059884,-0.083359,-0.38594,0.085529,-0.267915,-0.528015,0.107378,-0.363521,34.141967,52.361429,41.793199,50.018571,-24.941814,-18.239901,-6.701913,0.646336,0.088682,-1.034457,-0.352868,-7.696114,920,0.986486,4.0,8.999414
2024-04-26 15:25:00,-0.190077,0.047337,-0.085647,-0.367977,0.085137,-0.283173,-0.659049,0.106556,-0.392496,32.656346,50.610714,40.945359,48.405357,-27.270528,-20.046026,-7.224501,0.700577,0.082534,0.946189,-0.369003,-7.907439,925,1.0,4.0,8.46237
2024-04-29 09:15:00,-0.270837,0.067112,-0.152153,-0.44902,0.089136,-0.384952,-0.772785,0.108101,-0.513616,28.445065,57.19,38.393463,51.407143,-31.26675,-22.290171,-8.976579,0.800917,-0.014685,-1.302422,-0.484779,-7.955159,555,0.0,0.0,8.896311
2024-04-29 09:20:00,-0.077171,0.104745,-0.015645,-0.37653,0.093876,-0.232187,-0.787446,0.107676,-0.370337,36.418229,54.648571,41.790595,49.797857,-31.799781,-24.192093,-7.607688,0.83446,0.182341,1.540681,-0.329157,-7.696366,560,0.013514,0.0,9.203868
2024-04-29 09:25:00,-0.102344,0.101648,0.003035,-0.401947,0.093123,-0.191878,-0.62831,0.106279,-0.336523,37.5935,51.492857,42.308351,49.673214,-31.503213,-25.654317,-5.848896,0.84816,0.234905,0.279299,-0.285422,-7.527477,565,0.027027,0.0,9.554231
2024-04-29 09:30:00,0.102776,0.119671,0.096353,-0.189432,0.098932,-0.045773,-0.632395,0.106155,-0.187789,45.234612,52.739286,45.811767,51.184643,-28.446093,-26.212672,-2.233421,0.84523,0.412301,-1.722657,-0.136235,-7.503397,570,0.040541,0.0,10.323639
2024-04-29 09:35:00,0.194698,0.113978,0.095349,-0.039251,0.097093,0.000813,-0.526372,0.106256,-0.135655,47.520363,53.440714,46.916006,51.098571,-24.912269,-25.952592,1.040323,0.845515,0.469835,-0.653304,-0.081568,-7.399755,575,0.054054,0.0,10.359725
2024-04-29 09:40:00,0.450128,0.053393,0.138234,0.064011,0.100382,0.102094,-0.153275,0.101234,-0.022836,52.63147,52.039286,49.478969,50.626071,-19.904489,-24.742971,4.838482,0.848854,0.598134,1.041467,0.030541,-7.173403,580,0.067568,0.0,10.50755
2024-04-29 09:45:00,0.267008,0.077165,0.056324,0.038573,0.100961,0.043778,-0.458891,0.094458,-0.073478,50.111801,48.353571,48.319159,50.025357,-16.691505,-23.132678,6.441173,0.849196,0.532592,-1.487798,-0.016832,-7.215731,585,0.081081,0.0,12.270553
2024-04-29 09:50:00,0.284449,0.075674,0.062609,-0.002192,0.099741,0.073636,-0.570993,0.091882,-0.034499,51.850546,46.651429,49.184366,49.331786,-13.327469,-21.171636,7.844167,0.849052,0.577022,0.554981,0.03192,-7.028661,590,0.094595,0.0,12.227704
2024-04-29 09:55:00,0.369248,0.103669,0.192474,-0.00852,0.098969,0.271387,-0.24803,0.096943,0.184131,60.724225,47.76,53.992428,50.256786,-6.588039,-18.254917,11.666878,0.846541,0.845181,0.0989,0.256798,-6.87332,595,0.108108,0.0,13.028059
2024-04-29 10:00:00,0.174298,0.144677,0.029702,-0.215556,0.103122,0.111596,-0.410321,0.098968,0.034808,53.747604,47.166429,50.736488,51.198571,-3.817397,-15.367413,11.550016,0.789217,0.696375,-1.48845,0.109487,-6.91363,600,0.121622,0.0,13.083761
2024-04-29 10:05:00,0.142004,0.141051,0.072967,-0.111539,0.105008,0.173185,-0.308911,0.099721,0.110102,56.641847,47.675,52.344349,51.788214,-0.208747,-12.33568,12.126932,0.753376,0.819204,0.135721,0.184858,-6.758292,605,0.135135,0.0,12.626577
2024-04-29 10:10:00,0.324911,0.138077,0.13455,0.055358,0.108851,0.273437,-0.18776,0.101522,0.229743,60.902878,48.677143,54.817617,51.976429,4.876078,-8.893328,13.769406,0.774204,0.97391,-1.164055,0.313437,-6.698458,610,0.148649,0.0,12.169768
2024-04-29 10:15:00,0.294283,0.140249,0.094367,0.166246,0.105927,0.253731,-0.03696,0.099495,0.227509,61.12844,49.147857,54.950554,50.754643,8.927994,-5.329064,14.257058,0.824422,0.943495,-0.4057,0.316095,-6.584442,615,0.162162,0.0,11.349367
2024-04-29 10:20:00,0.107214,0.104952,0.089093,0.314957,0.102411,0.265136,0.070782,0.099164,0.256401,62.428155,49.547143,55.703084,50.078929,12.689262,-1.725398,14.414661,0.898114,0.9334,1.065227,0.33829,-6.366893,620,0.175676,0.0,11.360718
2024-04-29 10:25:00,0.343199,0.046834,0.117881,0.522368,0.098468,0.319385,0.118469,0.09977,0.330831,65.22557,43.432857,57.353555,50.311429,17.029523,2.025586,15.003938,0.992372,0.954582,0.712382,0.403687,-6.174088,625,0.189189,0.0,10.755913
2024-04-29 10:30:00,0.165056,0.086667,0.013237,0.485914,0.100481,0.200057,0.004325,0.100749,0.223455,59.865248,44.482143,54.981199,49.565357,18.518451,5.324159,13.194292,1.031687,0.818333,-1.034409,0.298113,-6.240585,630,0.202703,0.0,10.331863
2024-04-29 10:35:00,0.041029,0.068131,0.012102,0.556399,0.098397,0.185425,-0.098904,0.099539,0.219407,60.04264,41.785,55.077861,46.638929,19.560108,8.171349,11.388759,1.050207,0.790904,0.220999,0.285405,-6.086471,635,0.216216,0.0,11.550218
2024-04-29 10:40:00,-0.085512,0.088971,-0.071594,0.390712,0.10361,0.059496,-0.219406,0.100914,0.095791,53.818621,40.465,52.251095,46.602143,18.060094,10.149098,7.910996,1.044046,0.659166,1.475066,0.154587,-6.329683,640,0.22973,0.0,11.41554
2024-04-29 10:45:00,-0.22585,0.088905,-0.115226,0.352963,0.105521,-0.037803,-0.535601,0.096643,-0.005306,49.17238,45.329286,49.998671,49.385,14.907318,11.100742,3.806576,1.009234,0.546754,-0.629758,0.062219,-6.42206,645,0.243243,0.0,12.554486
2024-04-29 10:50:00,-0.408965,0.049429,-0.1408,0.301917,0.107702,-0.120985,-0.55576,0.096963,-0.097272,45.193839,46.134286,47.968217,49.086786,10.589704,10.998534,-0.40883,0.95578,0.433217,0.176007,-0.020609,-6.571843,650,0.256757,0.0,12.818662
2024-04-29 10:55:00,-0.361479,0.050161,-0.127417,0.394585,0.102442,-0.15492,-0.621865,0.097037,-0.141721,43.222136,45.677143,46.93341,47.015357,6.207987,10.040425,-3.832438,0.837579,0.340402,-0.223914,-0.064615,-6.693145,655,0.27027,0.0,13.679127
2024-04-29 11:00:00,-0.388863,0.04006,-0.100021,0.242731,0.099505,-0.16058,-0.454247,0.093576,-0.157827,42.329791,45.345714,46.466983,45.998571,2.310197,8.494379,-6.184182,0.765576,0.280189,1.445677,-0.078921,-6.934483,660,0.283784,0.0,13.066579
2024-04-29 11:05:00,-0.262955,0.046579,-0.062166,0.229309,0.099493,-0.139157,-0.319194,0.09199,-0.145115,42.713957,42.687857,46.632876,45.223929,-0.651093,6.665285,-7.316378,0.691189,0.249872,0.477757,-0.065041,-6.761581,665,0.297297,0.0,13.211928
2024-04-29 11:10:00,-0.33685,0.071155,-0.158318,-0.087761,0.102857,-0.284312,-0.609032,0.093299,-0.307579,36.056412,44.175714,43.07034,45.671071,-6.023032,4.127621,-10.150653,0.722696,0.024761,0.137555,-0.231479,-6.91215,670,0.310811,0.0,15.845364
2024-04-29 11:15:00,-0.086805,0.118562,-0.002567,0.020113,0.108367,-0.117668,-0.355076,0.095327,-0.147337,44.297012,44.134286,46.786021,45.904643,-7.466881,1.808721,-9.275602,0.718,0.234995,1.561097,-0.077776,-6.657752,675,0.324324,0.0,16.670306
2024-04-29 11:20:00,0.037599,0.122895,0.047726,-0.017716,0.106643,-0.039432,-0.31975,0.095805,-0.0704,47.777243,42.270714,48.461084,45.473929,-7.218308,0.003315,-7.221623,0.720223,0.339834,-1.362148,-0.005585,-6.607502,680,0.337838,0.0,17.670889
2024-04-29 11:25:00,0.092215,0.121968,0.053156,0.067979,0.106129,-0.006723,-0.269633,0.095941,-0.036903,49.252041,42.032143,49.177646,45.59,-6.382095,-1.273767,-5.108328,0.710691,0.377908,1.018656,0.013631,-6.388744,685,0.351351,0.0,17.900952
2024-04-29 11:30:00,0.01156,0.129019,-0.013774,-0.04343,0.10716,-0.072834,-0.231283,0.095219,-0.106318,46.025208,42.129286,47.595657,45.838214,-6.943329,-2.40768,-4.53565,0.71775,0.279426,0.244031,-0.062177,-6.551421,690,0.364865,0.0,18.754826
2024-04-29 11:35:00,0.139059,0.092648,-0.041168,-0.316902,0.093013,-0.109282,-0.232531,0.095231,-0.148199,44.007708,43.794286,46.585864,43.613571,-8.141523,-3.554448,-4.587075,0.732478,0.240087,-0.808917,-0.112044,-6.639963,695,0.378378,0.0,17.588618
2024-04-29 11:40:00,-0.001965,0.060119,-0.018339,-0.155879,0.087832,-0.08653,-0.155879,0.094887,-0.129283,44.750408,42.46,46.918435,43.471071,-8.748979,-4.593354,-4.155625,0.74935,0.274524,-0.393066,-0.110997,-6.521657,700,0.391892,0.0,16.73316
2024-04-29 11:45:00,-0.075992,0.044163,-0.012166,-0.235365,0.085427,-0.078213,-0.094608,0.094515,-0.124131,44.755687,43.199286,46.920728,42.492143,-9.123608,-5.499405,-3.624203,0.761314,0.293631,-1.596893,-0.115284,-6.489932,705,0.405405,0.0,17.157126
2024-04-29 11:50:00,-0.311314,0.086539,-0.143906,-0.566616,0.088895,-0.254864,-0.353804,0.098324,-0.31464,36.412334,48.455,42.66522,44.46,-12.866196,-6.972763,-5.893432,0.799689,0.084766,-1.412168,-0.337247,-6.529844,710,0.418919,0.0,17.971971
2024-04-29 11:55:00,-0.206234,0.095415,-0.07496,-0.542261,0.089575,-0.202158,-0.367919,0.098189,-0.272111,38.327634,45.322857,43.487453,45.326071,-15.10217,-8.598644,-6.503525,0.80858,0.161747,-1.065921,-0.315543,-6.468001,715,0.432432,0.0,17.556214
2024-04-29 12:00:00,0.084608,0.158416,0.112063,-0.339412,0.107388,0.036806,-0.053863,0.103915,-0.028287,50.671028,47.538571,49.30356,46.836429,-12.442011,-9.367318,-3.074693,0.754444,0.481684,1.435986,-0.069917,-6.224609,720,0.445946,0.0,17.362542
2024-04-29 12:05:00,-0.149998,0.190999,-0.072664,-0.646623,0.11354,-0.166549,-0.171077,0.107534,-0.239257,42.365865,51.506429,44.941124,48.591786,-14.072234,-10.308301,-3.763933,0.673207,0.199704,1.867421,-0.275647,-6.503886,725,0.459459,0.0,16.994097
2024-04-29 12:10:00,-0.094697,0.19474,-0.011487,-0.49408,0.11406,-0.10059,-0.124413,0.107844,-0.176714,44.808407,52.994286,46.179322,49.17,-14.222269,-11.091094,-3.131174,0.59884,0.29621,1.13853,-0.210407,-6.275412,730,0.472973,0.0,16.799042
2024-04-29 12:15:00,0.103363,0.165755,-0.01147,-0.504661,0.113939,-0.096188,-0.101917,0.107781,-0.175281,44.598477,52.145,46.068515,47.416429,-14.277456,-11.728367,-2.549089,0.490735,0.291239,0.260856,-0.209026,-6.436604,735,0.486486,0.0,15.590688
2024-04-29 12:20:00,0.019,0.168647,-0.042818,-0.438227,0.111996,-0.134725,-0.232809,0.10738,-0.219018,42.6152,48.655,45.034841,46.415357,-15.077759,-12.398245,-2.679514,0.430068,0.190289,1.314886,-0.248884,-6.679631,740,0.5,0.0,14.149279
2024-04-29 12:25:00,-0.132446,0.121981,0.032454,-0.246114,0.1131,-0.03918,-0.373188,0.102776,-0.122672,47.016579,48.355714,47.167283,46.245,-13.93751,-12.706098,-1.231412,0.385444,0.423608,-0.744917,-0.147253,-6.593586,745,0.513514,0.0,14.05817
2024-04-29 12:30:00,-0.069207,0.097667,-0.083493,-0.307675,0.116296,-0.178008,-0.589388,0.104462,-0.269115,41.1589,50.555714,44.109535,46.413214,-15.634266,-13.291732,-2.342534,0.402149,0.073261,0.568478,-0.29181,-6.777456,750,0.527027,0.0,12.310384
2024-04-29 12:35:00,-0.151284,0.089681,-0.073476,-0.284165,0.116042,-0.185208,-0.591627,0.104468,-0.284182,40.245359,48.912143,43.613481,45.472143,-17.250536,-14.083493,-3.167044,0.43038,0.072293,-1.107488,-0.308669,-6.835996,755,0.540541,0.0,11.320977
2024-04-29 12:40:00,-0.045841,0.107553,0.017551,-0.162038,0.118773,-0.077377,-0.454392,0.105576,-0.177361,45.147995,49.897143,45.969703,46.013214,-16.581226,-14.583039,-1.998187,0.430175,0.322678,0.236626,-0.197857,-6.675272,760,0.554054,0.0,10.649072
2024-04-29 12:45:00,-0.055294,0.10859,-0.029779,-0.230932,0.11932,-0.126258,-0.413085,0.104979,-0.230084,42.791003,47.595,44.760516,45.694643,-16.951981,-15.056828,-1.895153,0.437887,0.210219,-1.297829,-0.249384,-6.718578,765,0.567568,0.0,9.583618
2024-04-29 12:50:00,-0.230532,0.094615,-0.075831,-0.139699,0.114371,-0.19013,-0.388103,0.104547,-0.301569,39.774833,48.808571,43.172109,45.634286,-18.511495,-15.747761,-2.763734,0.473383,0.06955,-0.985671,-0.30971,-6.784489,770,0.581081,0.0,9.80821
2024-04-29 12:55:00,-0.105257,0.071467,-0.072046,-0.326086,0.107922,-0.201164,-0.301801,0.103381,-0.320652,38.649642,49.650714,42.571252,46.425,-20.083178,-16.614844,-3.468333,0.509581,0.068975,0.668771,-0.305743,-6.974625,775,0.594595,0.0,9.347426
2024-04-29 13:00:00,-0.165441,0.077484,-0.106002,-0.486552,0.106823,-0.260574,-0.327008,0.10372,-0.391398,35.715118,46.207143,40.976196,47.331071,-22.598163,-17.811508,-4.786655,0.548875,-0.01393,1.406306,-0.364773,-7.224827,780,0.608108,0.0,9.250684
2024-04-29 13:05:00,-0.158044,0.080671,0.000786,-0.411661,0.110186,-0.138954,-0.154982,0.104593,-0.273395,41.603179,45.872857,43.67494,45.597857,-22.445993,-18.738405,-3.707588,0.52202,0.204051,-1.389081,-0.240165,-7.190821,785,0.621622,0.0,8.223366
2024-04-29 13:10:00,-0.228123,0.092548,-0.087747,-0.470034,0.11243,-0.245361,-0.332379,0.105925,-0.389546,37.086064,46.257857,41.259191,46.898214,-24.373997,-19.865524,-4.508473,0.551276,0.02265,0.785375,-0.335669,-7.393545,790,0.635135,0.0,7.463001
2024-04-29 13:15:00,-0.103179,0.096432,-0.031076,-0.381263,0.113173,-0.184867,-0.227847,0.10581,-0.334909,39.291598,45.499286,42.287746,48.502857,-24.891219,-20.870663,-4.020557,0.563843,0.139919,0.906471,-0.274787,-7.178684,795,0.648649,0.0,7.955913
2024-04-29 13:20:00,-0.237146,0.116928,-0.131627,-0.560505,0.117507,-0.317537,-0.348817,0.108122,-0.481099,34.091688,48.321429,39.397429,50.657857,-27.90373,-22.277276,-5.626454,0.62311,-0.047245,0.607042,-0.415293,-7.370016,800,0.662162,0.0,8.298521
2024-04-29 13:25:00,-0.129369,0.11777,-0.073794,-0.539709,0.117863,-0.268428,-0.185619,0.106396,-0.442229,35.255313,49.425714,39.934312,50.785357,-29.58141,-23.738103,-5.843307,0.64913,0.04848,-0.617717,-0.380816,-7.270525,805,0.675676,0.0,7.811835
2024-04-29 13:30:00,-0.290917,0.091299,-0.08563,-0.391285,0.110601,-0.292253,-0.368562,0.104885,-0.477241,33.593514,50.697857,39.002054,49.676429,-31.507211,-25.291924,-6.215286,0.717794,0.042957,0.490597,-0.408264,-7.451167,810,0.689189,0.0,8.153095
2024-04-29 13:35:00,-0.454627,0.140678,-0.254787,-0.71777,0.125873,-0.53203,-0.683851,0.112467,-0.742089,26.344621,54.117143,34.477637,51.236429,-37.798283,-27.793196,-10.005087,0.902079,-0.151492,-1.399267,-0.689161,-7.48775,815,0.702703,0.0,8.317185
2024-04-29 13:40:00,-0.540565,0.124795,-0.200108,-1.003526,0.107353,-0.522317,-0.869063,0.110287,-0.756317,25.445506,50.889286,33.858285,50.7225,-43.078203,-30.850198,-12.228006,0.995406,-0.08524,0.91426,-0.697027,-7.700922,820,0.716216,0.0,8.452113
2024-04-29 13:45:00,-0.523127,0.122994,-0.232665,-0.9321,0.102433,-0.606869,-1.062748,0.111427,-0.868831,22.699915,56.245,31.902493,52.578571,-49.296622,-34.539483,-14.75714,1.170397,-0.08449,1.314333,-0.783718,-7.947995,825,0.72973,0.0,10.021471
2024-04-29 13:50:00,-0.631692,0.103175,-0.213972,-1.074312,0.099891,-0.628763,-1.260593,0.110127,-0.919066,21.239733,56.330714,30.81055,53.113929,-55.12887,-38.65736,-16.47151,1.321133,-0.043582,-0.595417,-0.847166,-8.04964,830,0.743243,0.0,9.594389
2024-04-29 13:55:00,-0.472499,0.146749,-0.072504,-0.964301,0.105646,-0.474282,-1.103382,0.111581,-0.782861,27.263483,58.857857,33.627037,53.226429,-57.250444,-42.375977,-14.874467,1.385274,0.091916,-0.41841,-0.701,-7.932746,835,0.756757,0.0,9.986723
2024-04-29 14:00:00,-0.330307,0.105953,-0.150958,-1.064504,0.108253,-0.568011,-1.292671,0.112769,-0.899173,24.336309,59.181429,31.674407,53.995,-60.917427,-46.084267,-14.83316,1.484818,0.051961,-1.294119,-0.828695,-7.98149,840,0.77027,0.0,10.380336
2024-04-29 14:05:00,-0.433197,0.110799,-0.199605,-1.301654,0.104572,-0.647837,-1.661607,0.108016,-1.005598,21.898546,61.897857,29.938675,55.774286,-65.654494,-49.998312,-15.656182,1.576479,0.025698,0.620559,-0.925331,-8.173103,845,0.783784,0.0,10.117639
2024-04-29 14:10:00,-0.189338,0.129042,-0.069372,-1.051193,0.108107,-0.500311,-1.421894,0.108249,-0.875383,26.97581,60.327143,32.414189,53.267143,-66.968784,-53.392407,-13.576377,1.631965,0.132213,1.459242,-0.771072,-7.914542,850,0.797297,0.0,8.923377
2024-04-29 14:15:00,-0.134892,0.125994,-0.068692,-1.058072,0.10803,-0.483203,-1.53361,0.107115,-0.873416,26.327535,60.112143,32.00176,52.9925,-67.815264,-56.276978,-11.538286,1.673899,0.152999,-0.938497,-0.787216,-7.992176,855,0.810811,0.0,9.583981
2024-04-29 14:20:00,-0.13475,0.126031,0.02457,-1.052393,0.108465,-0.342205,-1.556499,0.106455,-0.738792,31.860517,56.378571,34.704967,51.318214,-65.886036,-58.19879,-7.687246,1.631664,0.240674,-1.578903,-0.675514,-7.96481,860,0.824324,0.0,9.814623
2024-04-29 14:25:00,0.005737,0.104462,0.007434,-1.004089,0.108791,-0.321818,-1.576652,0.106344,-0.722826,31.536236,54.425714,34.524012,49.9625,-63.855033,-59.330038,-4.524995,1.582885,0.25602,-1.212036,-0.675932,-8.017631,865,0.837838,0.0,9.83202
2024-04-29 14:30:00,0.023075,0.098375,-0.08246,-1.05077,0.110059,-0.409545,-1.744259,0.10675,-0.819768,28.486001,52.622857,32.791856,50.472143,-63.796042,-60.223239,-3.572803,1.562275,0.202886,-0.730986,-0.755826,-8.105166,870,0.851351,0.0,9.821997
2024-04-29 14:35:00,-0.124058,0.085471,-0.089295,-1.069816,0.109954,-0.417098,-1.880931,0.105285,-0.836948,27.368059,54.677857,32.136132,52.051786,-63.909071,-60.960405,-2.948666,1.534185,0.198956,0.795334,-0.739597,-8.310501,875,0.864865,0.0,9.808893
2024-04-29 14:40:00,-0.015327,0.095875,-0.009458,-0.9093,0.1133,-0.309742,-1.710935,0.106115,-0.732722,31.58924,54.087143,34.130345,52.3925,-61.975416,-61.163408,-0.812008,1.487539,0.270439,-0.125739,-0.612656,-8.174696,880,0.878378,0.0,8.879324
2024-04-29 14:45:00,-0.073826,0.081831,0.025058,-0.968929,0.109767,-0.237862,-1.66952,0.1066,-0.659288,34.170057,48.747143,35.364142,51.432143,-58.943686,-60.719463,1.775777,1.362764,0.319535,-1.580164,-0.538868,-8.155813,885,0.891892,0.0,9.134691
2024-04-29 14:50:00,-0.105156,0.082898,-0.013146,-0.882079,0.107983,-0.255681,-1.596002,0.105894,-0.676345,32.897963,51.297857,34.722205,51.093571,-56.668073,-59.909185,3.241112,1.263569,0.305055,-1.4039,-0.541924,-8.183815,890,0.905405,0.0,7.293669
2024-04-29 14:55:00,-0.014129,0.059336,-0.035473,-0.962564,0.106113,-0.267558,-1.53576,0.105431,-0.688243,31.758987,48.102857,34.147204,52.173929,-54.929423,-58.913233,3.98381,1.111133,0.285853,-1.008733,-0.55662,-8.24163,895,0.918919,0.0,7.228205
2024-04-29 15:00:00,-0.018354,0.060226,-0.06078,-0.85285,0.10246,-0.292417,-1.496093,0.105078,-0.714598,30.194587,45.44,33.351307,50.885357,-53.900117,-57.91061,4.010492,1.004505,0.250397,-0.57022,-0.567849,-8.332858,900,0.932432,0.0,5.691264
2024-04-29 15:05:00,-0.194422,0.05378,-0.107908,-0.973845,0.102096,-0.355865,-1.54614,0.105521,-0.783225,27.544541,44.235714,31.950664,51.546786,-54.218466,-57.172181,2.953715,0.860704,0.148334,-1.024965,-0.64925,-8.385717,905,0.945946,0.0,5.297217
2024-04-29 15:10:00,-0.097535,0.09462,0.024071,-0.776862,0.110812,-0.192033,-1.381938,0.108392,-0.615229,36.14617,45.417143,35.92774,52.299286,-51.371492,-56.012043,4.640551,0.640379,0.31276,1.29021,-0.443214,-8.147109,910,0.959459,0.0,5.969314
2024-04-29 15:15:00,-0.096514,0.094552,-0.013122,-0.525504,0.092875,-0.213292,-1.431786,0.108299,-0.633034,34.794605,44.362857,35.278103,53.130357,-49.308575,-54.67135,5.362774,0.556423,0.253319,-0.04355,-0.462168,-8.277885,915,0.972973,0.0,5.665661
2024-04-29 15:20:00,-0.211081,0.112958,-0.111925,-0.634479,0.097175,-0.332755,-1.411505,0.10777,-0.756127,30.458917,44.297857,33.085043,52.3125,-49.792403,-53.69556,3.903157,0.513994,-0.005819,0.546626,-0.577493,-8.456578,920,0.986486,0.0,5.140499
2024-04-29 15:25:00,-0.246105,0.115075,-0.135152,-0.576747,0.094323,-0.383069,-1.653146,0.10481,-0.813293,28.23884,45.449286,31.880947,52.780714,-51.163579,-53.189164,2.025585,0.556924,-0.077654,1.535034,-0.593635,-8.714856,925,1.0,0.0,5.607481
2024-04-30 09:15:00,-0.118374,0.114888,-0.072245,-0.462295,0.094024,-0.322487,-1.699645,0.104031,-0.756036,29.866431,46.532857,32.632664,51.455714,-51.19372,-52.790075,1.596355,0.592236,0.040985,0.17927,-0.503424,-8.56369,555,0.0,1.0,5.290544
2024-04-30 09:20:00,-0.243497,0.076295,-0.035697,-0.548561,0.089679,-0.274968,-1.712706,0.103875,-0.70874,31.040815,48.462857,33.165943,51.444286,-50.312448,-52.29455,1.982101,0.56379,0.099628,-1.266491,-0.473698,-8.531737,560,0.013514,1.0,4.83406
2024-04-30 09:25:00,-0.256908,0.076312,-0.061923,-0.452248,0.084989,-0.300467,-1.69638,0.103773,-0.735715,29.420244,47.337143,32.354629,49.98,-50.030627,-51.841765,1.811139,0.593555,0.061652,-1.318623,-0.489116,-8.554924,565,0.027027,1.0,4.391325
2024-04-30 09:30:00,-0.211156,0.062274,-0.113897,-0.412887,0.082332,-0.370222,-1.756297,0.104295,-0.810985,26.576257,49.196429,30.864366,51.937143,-51.108736,-51.695159,0.586423,0.676902,-0.014421,-0.890832,-0.540812,-8.611855,570,0.040541,1.0,5.852935
2024-04-30 09:35:00,-0.161578,0.056273,-0.103373,-0.549095,0.077704,-0.372183,-1.810124,0.104057,-0.818651,25.571854,50.215,30.317978,52.151071,-52.076159,-51.771359,-0.304799,0.742667,0.012837,-0.155555,-0.525465,-8.728873,575,0.054054,1.0,6.466144
2024-04-30 09:40:00,-0.394522,0.084581,-0.206669,-0.721074,0.08743,-0.523184,-2.012999,0.106645,-0.983742,21.234057,53.577143,27.760013,51.162143,-55.780137,-52.573115,-3.207022,0.883915,-0.101482,-0.503956,-0.690773,-8.819089,580,0.067568,1.0,6.895121
2024-04-30 09:45:00,-0.582569,0.071125,-0.251263,-0.994525,0.08562,-0.626869,-1.980147,0.105703,-1.10749,18.461919,53.821429,25.897526,52.559643,-60.955731,-54.249638,-6.706093,1.039251,-0.12671,-0.983675,-0.806944,-8.871069,585,0.081081,1.0,5.652332
2024-04-30 09:50:00,-0.49074,0.097537,-0.144248,-0.946452,0.08738,-0.53588,-1.976638,0.105753,-1.03111,20.759114,53.397857,26.94561,50.750357,-63.716146,-56.14294,-7.573206,1.126831,-0.005128,-0.675727,-0.749448,-8.793834,590,0.094595,1.0,6.217974
2024-04-30 09:55:00,-0.471408,0.097396,-0.155859,-0.905215,0.085767,-0.565711,-2.302086,0.097735,-1.076238,19.269511,55.156429,25.9749,50.298214,-66.681187,-58.250589,-8.430598,1.244561,0.007396,-0.209923,-0.779528,-8.906161,595,0.108108,1.0,4.870669
2024-04-30 10:00:00,-0.436274,0.103321,-0.107854,-0.859982,0.086203,-0.517373,-2.09164,0.09459,-1.040028,19.172851,53.269286,25.911745,48.7525,-68.34404,-60.269279,-8.074761,1.338627,0.069688,-0.369791,-0.731242,-9.003366,600,0.121622,1.0,5.29486
2024-04-30 10:05:00,-0.153593,0.099247,-0.020753,-0.858364,0.086322,-0.399132,-2.070764,0.095087,-0.926562,24.531495,53.343571,28.28839,49.380357,-67.557341,-61.726892,-5.830449,1.364655,0.165275,-0.153174,-0.62085,-8.891882,605,0.135135,1.0,4.123038
2024-04-30 10:10:00,0.037985,0.06194,0.000456,-0.883744,0.085096,-0.34192,-2.044164,0.095374,-0.870126,26.007357,53.830714,28.948713,49.096786,-65.804943,-62.542502,-3.262441,1.348373,0.209853,-1.315092,-0.576785,-8.870972,610,0.148649,1.0,6.018641
2024-04-30 10:15:00,-0.036897,0.06267,-0.026196,-0.878768,0.085102,-0.345318,-2.03142,0.09536,-0.874169,25.030023,53.87,28.445113,49.083929,-64.360928,-62.906187,-1.454741,1.330854,0.209322,-0.01683,-0.588073,-8.987251,615,0.162162,1.0,4.277361
2024-04-30 10:20:00,0.219244,0.080768,0.093476,-0.673922,0.097281,-0.162319,-1.958038,0.098038,-0.681487,35.895058,55.158571,33.471613,50.303929,-59.653043,-62.255558,2.602516,1.272388,0.352884,-0.703072,-0.398018,-8.92183,620,0.175676,1.0,5.440932
2024-04-30 10:25:00,0.24913,0.077205,0.078285,-0.594751,0.097965,-0.12522,-1.779746,0.096931,-0.632047,37.306225,53.889286,34.163307,50.211071,-54.874693,-60.779385,5.904692,1.211858,0.389895,-0.345013,-0.329443,-8.831779,625,0.189189,1.0,6.183218
2024-04-30 10:30:00,0.096511,0.092442,0.001786,-0.569366,0.097151,-0.181595,-1.827732,0.097083,-0.679574,34.712581,53.494286,33.040513,50.978571,-51.797927,-58.983094,7.185167,1.175454,0.346564,1.808188,-0.36124,-9.086729,630,0.202703,1.0,4.348799
2024-04-30 10:35:00,0.105924,0.092591,0.021754,-0.681885,0.089557,-0.13646,-1.895434,0.095578,-0.623646,36.647937,51.671429,33.95892,49.504286,-48.269772,-56.840429,8.570657,1.067526,0.391968,1.015659,-0.305775,-8.889993,635,0.216216,1.0,4.048477
2024-04-30 10:40:00,0.145213,0.087666,0.01416,-0.638933,0.089835,-0.123944,-1.834877,0.09566,-0.599826,36.628478,47.962857,33.950883,48.579643,-44.96424,-54.465191,9.500951,0.949065,0.411753,1.077831,-0.279194,-9.094784,640,0.22973,1.0,5.432698
2024-04-30 10:45:00,-0.144832,0.067663,-0.072991,-0.60798,0.087847,-0.223872,-1.873821,0.09622,-0.69453,32.19505,47.57,32.056346,48.8925,-43.975185,-52.36719,8.392005,0.885879,0.300459,0.130372,-0.3755,-9.229077,645,0.243243,1.0,6.508305
2024-04-30 10:50:00,-0.201317,0.060999,-0.070406,-0.550119,0.0867,-0.232041,-1.874196,0.09622,-0.698602,31.12599,45.174286,31.574884,49.375714,-43.255952,-50.544943,7.28899,0.842821,0.284335,0.148393,-0.366474,-9.363528,650,0.256757,1.0,4.78933
2024-04-30 10:55:00,-0.181355,0.058723,-0.083986,-0.632063,0.085934,-0.260164,-1.843381,0.095995,-0.724427,29.338817,42.775,30.758795,48.298214,-43.147995,-49.065553,5.917558,0.779879,0.236419,1.451149,-0.372759,-9.59408,655,0.27027,1.0,4.208379
2024-04-30 11:00:00,-0.442518,0.091448,-0.209995,-0.880031,0.09579,-0.443933,-2.174956,0.09751,-0.91657,23.344035,46.317857,27.677801,49.857857,-46.510844,-48.554611,2.043767,0.752883,-0.020574,1.693504,-0.557831,-9.848989,660,0.283784,1.0,2.973563
2024-04-30 11:05:00,-0.497339,0.08089,-0.177127,-0.878443,0.095779,-0.45193,-2.099757,0.09669,-0.933891,22.172222,44.75,27.004082,49.953214,-49.561613,-48.756012,-0.805601,0.737353,-0.047032,-0.351179,-0.592263,-9.948095,665,0.297297,1.0,1.887396
2024-04-30 11:10:00,-0.439984,0.080726,-0.16215,-0.835898,0.094725,-0.468581,-2.204657,0.095986,-0.960481,20.835072,47.437857,26.218367,50.353571,-52.510203,-49.50685,-3.003353,0.764622,-0.058887,0.117444,-0.62605,-10.080383,670,0.310811,1.0,1.183433
2024-04-30 11:15:00,-0.488024,0.07512,-0.162038,-0.875294,0.095123,-0.497013,-2.120957,0.094523,-1.000148,19.301091,44.493571,25.284745,48.918571,-55.596418,-50.724764,-4.871654,0.80881,-0.073819,-0.917077,-0.682476,-10.133888,675,0.324324,1.0,2.962308
2024-04-30 11:20:00,-0.629959,0.081844,-0.240173,-0.866937,0.094382,-0.628446,-2.33538,0.096561,-1.149904,16.163059,45.327857,23.187992,49.579286,-60.746399,-52.729091,-8.017308,0.977374,-0.132443,-1.060057,-0.862717,-10.174857,680,0.337838,1.0,3.032996
2024-04-30 11:25:00,-0.471664,0.058645,-0.208177,-0.769458,0.089897,-0.633696,-2.352288,0.096619,-1.173695,15.198646,44.205714,22.487157,49.037857,-65.308733,-55.245019,-10.063714,1.151675,-0.065589,-0.204162,-0.864269,-10.277967,685,0.351351,1.0,2.744233
2024-04-30 11:30:00,-0.456922,0.061409,-0.166049,-0.844757,0.088207,-0.610393,-2.102015,0.089703,-1.16694,14.664924,41.32,22.09492,48.239286,-68.829779,-57.961971,-10.867808,1.296434,-0.001264,-0.210166,-0.853754,-10.382178,690,0.364865,1.0,2.346335
2024-04-30 11:35:00,-0.417625,0.067718,-0.128463,-0.782312,0.087558,-0.5765,-2.083774,0.08973,-1.14694,14.312417,40.794286,21.837657,47.341786,-71.253962,-60.620369,-10.633593,1.425479,0.052893,1.328358,-0.79939,-10.59873,695,0.378378,1.0,2.948943
2024-04-30 11:40:00,-0.483514,0.073261,-0.183654,-0.922326,0.090367,-0.654237,-2.081981,0.089686,-1.242163,12.520091,40.603571,20.470723,47.048929,-74.829331,-63.462162,-11.36717,1.580687,0.033419,1.538758,-0.844142,-10.829469,700,0.391892,1.0,3.576266
2024-04-30 11:45:00,-0.259998,0.063792,-0.105159,-0.972583,0.087392,-0.568858,-1.970059,0.089941,-1.169295,14.559371,40.975714,21.37401,46.323571,-76.337449,-66.037219,-10.30023,1.68206,0.105704,-0.265901,-0.765614,-10.729494,705,0.405405,1.0,2.593365
2024-04-30 11:50:00,-0.341782,0.078915,-0.172732,-1.14616,0.088755,-0.65356,-2.22404,0.088867,-1.270213,12.678473,41.763571,19.983095,44.863214,-79.251245,-68.680024,-10.571221,1.801202,0.078601,1.904835,-0.8479,-10.995239,710,0.418919,1.0,3.996565
2024-04-30 11:55:00,-0.357701,0.077832,-0.153034,-1.162968,0.088657,-0.642753,-2.128922,0.087488,-1.274887,12.060687,42.312143,19.49862,44.941071,-81.589048,-71.261829,-10.327219,1.909677,0.103376,1.123501,-0.852115,-11.205625,715,0.432432,1.0,2.849733
2024-04-30 12:00:00,-0.238452,0.107777,-0.040073,-1.235433,0.079942,-0.498127,-1.892257,0.088213,-1.137131,19.02694,45.432143,22.685508,45.303214,-80.920159,-73.193495,-7.726664,1.917816,0.185425,0.562555,-0.718741,-11.038334,720,0.445946,1.0,2.508381
2024-04-30 12:05:00,-0.193128,0.098874,-0.094458,-1.359416,0.077725,-0.542451,-2.085699,0.086497,-1.189609,17.404881,46.042143,21.711758,44.408571,-81.18983,-74.792762,-6.397068,1.910595,0.16697,0.873241,-0.762291,-11.225899,725,0.459459,1.0,2.894428
2024-04-30 12:10:00,-0.30233,0.092914,-0.118587,-1.367164,0.077783,-0.56617,-2.13442,0.086683,-1.222739,16.186212,42.348571,20.947086,44.333214,-81.883051,-76.21082,-5.672231,1.90989,0.159253,-0.052644,-0.808359,-11.346456,730,0.472973,1.0,4.540377
2024-04-30 12:15:00,-0.07701,0.091006,-0.031267,-1.326806,0.081014,-0.447885,-2.167508,0.085624,-1.107169,21.290262,45.276429,23.354485,45.013214,-80.282889,-77.025234,-3.257656,1.837572,0.220838,-0.628415,-0.717678,-11.266218,735,0.486486,1.0,4.129574
2024-04-30 12:20:00,-0.090384,0.092707,-0.067599,-1.395489,0.0795,-0.468617,-2.222991,0.085589,-1.130896,20.007537,43.512143,22.655054,45.475,-79.297317,-77.47965,-1.817667,1.735339,0.204525,-1.198972,-0.770764,-11.304726,740,0.5,1.0,4.350697
2024-04-30 12:25:00,-0.244312,0.069154,-0.085829,-1.333827,0.078514,-0.479279,-2.154523,0.084719,-1.145151,18.937076,43.98,22.05821,44.236786,-78.652127,-77.714146,-0.937981,1.64804,0.192542,-0.838623,-0.806932,-11.36853,745,0.513514,1.0,5.588198
2024-04-30 12:30:00,-0.152986,0.063603,-0.063989,-1.311645,0.079191,-0.442962,-2.114059,0.084842,-1.110369,18.758056,40.404286,21.958841,42.866071,-77.421028,-77.655522,0.234494,1.524504,0.204185,-0.012058,-0.782588,-11.4907,750,0.527027,1.0,6.146514
2024-04-30 12:35:00,0.001609,0.068907,0.004848,-1.186374,0.084941,-0.336664,-2.117843,0.084734,-0.999483,24.189481,41.845,24.442895,43.025357,-74.372833,-76.998984,2.626151,1.351604,0.262968,-1.040973,-0.688586,-11.444907,755,0.540541,1.0,7.208601
2024-04-30 12:40:00,-0.315511,0.116423,-0.160614,-1.200928,0.086549,-0.526322,-2.40413,0.088428,-1.194446,19.380744,46.081429,21.946366,43.700714,-75.277264,-76.65464,1.377376,1.299083,0.111246,-1.185303,-0.921214,-11.481132,760,0.554054,1.0,8.181758
2024-04-30 12:45:00,-0.356282,0.118454,-0.181114,-1.255704,0.087271,-0.576436,-2.468793,0.088864,-1.253609,17.674702,47.952857,20.946068,44.373571,-76.994669,-76.722646,-0.272023,1.259884,0.06138,0.08364,-0.982743,-11.61066,765,0.567568,1.0,8.376586
2024-04-30 12:50:00,-0.422876,0.120764,-0.206082,-1.316872,0.088469,-0.637037,-2.55452,0.089531,-1.326531,15.935495,47.819286,19.865052,44.211429,-79.611843,-77.300485,-2.311357,1.24646,0.007434,0.51472,-1.054926,-11.772534,770,0.581081,1.0,8.942279
2024-04-30 12:55:00,-0.547209,0.114232,-0.227448,-1.370341,0.089759,-0.698226,-2.631829,0.090302,-1.40328,14.334685,52.523571,18.80445,46.749643,-83.019807,-78.44435,-4.575457,1.269633,-0.0353,0.924392,-1.117731,-11.965665,775,0.594595,1.0,9.793759
2024-04-30 13:00:00,-0.729408,0.056438,-0.226401,-1.285266,0.085185,-0.732941,-2.642519,0.090433,-1.455234,13.155149,55.56,17.979384,48.661786,-86.620806,-80.079641,-6.541165,1.363695,-0.03295,-0.377795,-1.145678,-12.067929,780,0.608108,1.0,9.70091
2024-04-30 13:05:00,-0.594411,0.011514,-0.224293,-1.322775,0.085778,-0.762462,-2.889533,0.086135,-1.503151,12.103978,56.033571,17.211868,49.172857,-90.294515,-82.122616,-8.171899,1.473611,-0.022485,-0.501123,-1.178887,-12.159437,785,0.621622,1.0,11.233974
2024-04-30 13:10:00,-0.482202,0.056002,-0.148464,-1.280781,0.086969,-0.688761,-2.845322,0.086535,-1.443383,12.22517,51.54,17.270632,48.486071,-92.114263,-84.120945,-7.993318,1.541003,0.04298,-1.286451,-1.11124,-12.125113,790,0.635135,1.0,9.182981
2024-04-30 13:15:00,-0.467985,0.054347,-0.174786,-1.366777,0.087156,-0.725841,-2.805391,0.085787,-1.495314,11.158487,51.153571,16.489228,48.597857,-94.390428,-86.174842,-8.215586,1.61229,0.035493,1.789636,-1.113586,-12.378532,795,0.648649,1.0,8.197361
2024-04-30 13:20:00,-0.347976,0.058067,-0.1263,-1.23601,0.085922,-0.670272,-2.731263,0.085849,-1.451322,11.025829,49.977143,16.390755,46.162857,-95.341378,-88.008149,-7.333229,1.684027,0.083309,0.777641,-1.043199,-12.556219,800,0.662162,1.0,9.576041
2024-04-30 13:25:00,-0.223156,0.062076,-0.075513,-1.248802,0.085269,-0.595045,-2.744653,0.085602,-1.382793,12.037552,47.109286,16.853357,46.192857,-94.781338,-89.362787,-5.418551,1.703448,0.132322,-1.409509,-0.957957,-12.534808,805,0.675676,1.0,9.93803
2024-04-30 13:30:00,-0.209708,0.05874,-0.114656,-1.192001,0.082975,-0.625527,-2.85664,0.085109,-1.420772,11.04126,51.019286,16.169704,47.265714,-94.873029,-90.464835,-4.408194,1.758923,0.12325,1.71282,-0.922561,-12.783251,810,0.689189,1.0,9.229171
2024-04-30 13:35:00,-0.223541,0.056442,-0.084529,-1.147864,0.083663,-0.57718,-2.812821,0.085355,-1.377287,10.919301,49.059286,16.084914,46.519643,-94.065516,-91.184971,-2.880544,1.797753,0.156582,0.925056,-0.862726,-12.977728,815,0.702703,1.0,9.542402
2024-04-30 13:40:00,0.024983,0.08362,0.033661,-1.106322,0.088065,-0.400814,-2.575391,0.089218,-1.195804,21.367307,51.252857,20.890215,45.828571,-90.106518,-90.969281,0.862762,1.74504,0.254937,-0.295852,-0.673389,-12.868561,820,0.716216,1.0,10.564261
2024-04-30 13:45:00,0.047202,0.082906,0.027532,-0.998191,0.088447,-0.355889,-2.527857,0.089606,-1.142189,21.925636,50.802143,21.155306,46.323571,-85.850249,-89.945474,4.095225,1.693217,0.281468,-1.023111,-0.642441,-12.812435,825,0.72973,1.0,9.940755
2024-04-30 13:50:00,-0.051018,0.092863,-0.038399,-0.999876,0.088482,-0.398879,-2.409253,0.086915,-1.178789,20.204891,47.51,20.367037,46.795714,-82.958754,-88.54813,5.589377,1.657135,0.255761,1.690273,-0.673949,-13.067738,830,0.743243,1.0,10.644099
2024-04-30 13:55:00,0.016592,0.081374,-0.044847,-1.099444,0.083924,-0.387062,-2.271184,0.085167,-1.160519,19.642202,46.317857,20.103734,47.135357,-80.229761,-86.884456,6.654695,1.572791,0.259437,1.490062,-0.642607,-13.313513,835,0.756757,1.0,10.457566
2024-04-30 14:00:00,-0.082348,0.096655,-0.103924,-1.139912,0.084799,-0.45046,-2.413959,0.084836,-1.221035,17.611618,44.875,19.118366,46.347143,-79.02967,-85.313499,6.283829,1.502337,0.212568,-0.014883,-0.708935,-13.449493,840,0.77027,1.0,10.27986
2024-04-30 14:05:00,-0.21223,0.05353,-0.06599,-1.074517,0.085922,-0.403247,-2.321692,0.084964,-1.168985,18.0204,40.713571,19.302083,46.618571,-77.105842,-83.671968,6.566126,1.415073,0.236418,-1.284177,-0.65224,-13.409485,845,0.783784,1.0,10.146445
2024-04-30 14:10:00,-0.156916,0.069779,-0.00197,-1.002088,0.089378,-0.308103,-2.254367,0.086194,-1.063709,23.21968,35.656429,21.64126,45.608214,-73.668474,-81.671269,8.002795,1.277034,0.296542,-0.469934,-0.530749,-13.308764,850,0.797297,1.0,11.193771
2024-04-30 14:15:00,-0.171483,0.072822,-0.067784,-1.171235,0.085213,-0.368806,-2.42674,0.084681,-1.11725,20.956481,34.695,20.659302,45.364286,-71.798303,-79.696676,7.898373,1.055283,0.215363,1.373012,-0.572671,-13.551211,855,0.810811,1.0,10.010253
2024-04-30 14:20:00,-0.182481,0.072784,-0.071784,-0.967459,0.073035,-0.369775,-2.486561,0.084081,-1.111829,20.112627,36.379286,20.277907,43.959643,-70.179356,-77.793212,7.613856,0.913257,0.180709,1.185473,-0.529285,-13.782685,860,0.824324,1.0,9.5789
2024-04-30 14:25:00,0.017565,0.076517,0.011554,-0.769006,0.077604,-0.254238,-2.360792,0.086358,-0.983893,27.172009,40.751429,23.549568,45.9525,-66.62583,-75.559736,8.933906,0.754715,0.282608,-0.356981,-0.38701,-13.666958,865,0.837838,1.0,10.177519
2024-04-30 14:30:00,-0.054032,0.082633,-0.036716,-0.708087,0.075058,-0.290226,-2.588039,0.080659,-1.009093,25.3673,41.823571,22.823422,45.900357,-64.192887,-73.286366,9.093479,0.63132,0.191021,-0.739904,-0.403818,-13.754696,870,0.851351,1.0,8.894866
2024-04-30 14:35:00,-0.116509,0.072806,-0.024129,-0.573358,0.071643,-0.262183,-2.610875,0.080273,-0.969403,25.409461,43.843571,22.842918,45.476429,-61.546417,-70.938376,9.391959,0.542599,0.194416,-0.817751,-0.351782,-13.673043,875,0.864865,1.0,7.25045
2024-04-30 14:40:00,-0.13319,0.077419,-0.093683,-0.577671,0.071914,-0.342336,-2.650651,0.080715,-1.042541,22.399172,43.623571,21.593222,47.321429,-60.71005,-68.892711,8.182661,0.522402,0.015549,1.137796,-0.415007,-13.899457,880,0.878378,1.0,7.755741
2024-04-30 14:45:00,-0.189137,0.083617,-0.126395,-0.563706,0.071147,-0.396349,-2.773981,0.079993,-1.093304,20.270602,45.483571,20.629907,47.271429,-60.958365,-67.305842,6.347476,0.568053,-0.064312,-1.454814,-0.486624,-13.928851,885,0.891892,1.0,7.693729
2024-04-30 14:50:00,-0.343387,0.044207,-0.127957,-0.630591,0.071244,-0.417812,-2.837165,0.079596,-1.113178,18.947211,44.647857,19.99845,47.950357,-61.547121,-66.154098,4.606976,0.616756,-0.074545,0.311167,-0.520792,-14.090107,890,0.905405,1.0,7.483081
2024-04-30 14:55:00,-0.085712,0.124842,0.042376,-0.326737,0.084274,-0.205275,-2.530365,0.086454,-0.887638,32.776584,48.135,26.797415,49.468571,-58.120909,-64.54746,6.426551,0.613017,0.260343,-0.780478,-0.309421,-14.011919,895,0.918919,1.0,7.561949
2024-04-30 15:00:00,-0.139581,0.125268,-0.007357,-0.365435,0.084677,-0.233987,-2.550629,0.086412,-0.904001,31.178668,46.331429,26.154488,46.920714,-55.662869,-62.770542,7.107673,0.617166,0.205176,-0.06185,-0.323366,-14.144104,900,0.932432,1.0,6.526459
2024-04-30 15:05:00,-0.087442,0.11802,-0.047717,-0.442439,0.084934,-0.269735,-2.55906,0.086429,-0.930034,29.327903,47.352857,25.395023,46.835357,-54.170867,-61.050607,6.879739,0.625302,0.141887,-0.342453,-0.365704,-14.253145,905,0.945946,1.0,9.375634
2024-04-30 15:10:00,-0.058254,0.113818,-0.076282,-0.41279,0.083817,-0.304323,-2.398716,0.082517,-0.957419,27.502791,47.979286,24.625237,46.427143,-53.493421,-59.53917,6.045749,0.665088,0.094242,0.428116,-0.408677,-14.416605,910,0.959459,1.0,8.32824
2024-04-30 15:15:00,-0.021079,0.110585,-0.06975,-0.428956,0.083809,-0.300987,-2.372105,0.08256,-0.947195,26.74207,48.037857,24.30099,44.375714,-52.823701,-58.196076,5.372375,0.703624,0.106751,1.313223,-0.392534,-14.648093,915,0.972973,1.0,7.829605
2024-04-30 15:20:00,-0.162131,0.048748,-0.012905,-0.513192,0.077371,-0.226887,-2.258346,0.083675,-0.862362,30.43008,48.482857,26.096924,42.069643,-50.859406,-56.728742,5.869336,0.676285,0.20319,0.055417,-0.307976,-14.508663,920,0.986486,1.0,6.344774
2024-04-30 15:25:00,-0.102087,0.049692,-0.004124,-0.514108,0.077351,-0.199254,-2.172692,0.083839,-0.822419,30.929371,46.880714,26.338567,40.787857,-48.629152,-55.108824,6.479672,0.625213,0.230849,1.293488,-0.262054,-14.274428,925,1.0,1.0,5.865606
2024-05-01 09:15:00,0.147063,0.097142,0.120532,-0.245133,0.089129,-0.013195,-1.797123,0.086909,-0.614,43.049593,49.572857,32.628922,42.976071,-43.252411,-52.737541,9.48513,0.57511,0.549978,0.311432,-0.064295,-14.110456,555,0.0,2.0,7.328452
2024-05-01 09:20:00,0.224271,0.083191,0.087224,-0.206002,0.089175,-0.002577,-1.716255,0.086998,-0.580177,43.64629,44.67,32.961568,42.710714,-38.374652,-49.864963,11.490312,0.528682,0.593488,-1.412802,-0.046204,-14.074448,560,0.013514,2.0,7.284038
2024-05-01 09:25:00,0.381336,0.07809,0.143681,0.033119,0.090987,0.11377,-1.549975,0.089989,-0.43491,50.56458,47.813571,36.964753,44.818571,-31.978633,-46.287697,14.309064,0.537081,0.82801,1.250436,0.080495,-13.838273,565,0.027027,2.0,7.815494
2024-05-01 09:30:00,0.348453,0.082066,0.107516,0.0458,0.091055,0.118911,-1.506428,0.090252,-0.401032,51.448709,45.662143,37.497872,44.752857,-26.30872,-42.291902,15.983182,0.549142,0.848827,0.050242,0.108696,-13.693248,570,0.040541,2.0,7.26876
2024-05-01 09:35:00,0.391438,0.075859,0.104697,0.032284,0.090629,0.152454,-1.312591,0.089343,-0.337928,53.939427,41.562143,38.999972,42.592857,-20.740227,-37.981567,17.24134,0.560147,0.927723,1.401463,0.158981,-13.44742,575,0.054054,2.0,9.018455
2024-05-01 09:40:00,0.061422,0.099259,-0.026505,-0.0124,0.093751,0.007179,-1.480656,0.090543,-0.462934,46.461797,43.429286,36.360101,44.456429,-18.548613,-34.094976,15.546363,0.558254,0.671185,-1.472322,0.015549,-13.475923,580,0.067568,2.0,9.118994
2024-05-01 09:45:00,0.032385,0.100246,-0.03012,0.008813,0.093402,-0.010401,-1.347249,0.088763,-0.462726,45.5824,41.874286,36.033241,43.261071,-16.931268,-30.662235,13.730967,0.559211,0.636678,1.000943,0.005593,-13.689569,585,0.081081,2.0,7.807372
2024-05-01 09:50:00,-0.10832,0.073741,-0.028415,-0.092785,0.091058,-0.020719,-1.303578,0.088682,-0.456619,44.968974,40.88,35.809828,44.5075,-15.679373,-27.665662,11.986289,0.543234,0.62623,-1.25742,-4.6e-05,-13.731065,590,0.094595,2.0,8.514013
2024-05-01 09:55:00,-0.154272,0.070405,-0.037848,-0.05454,0.090083,-0.044397,-1.423318,0.086995,-0.465919,43.537784,42.936429,35.295079,44.633929,-14.992112,-25.130952,10.13884,0.53739,0.579885,-1.302241,-0.020634,-13.764945,595,0.108108,2.0,8.081074
2024-05-01 10:00:00,-0.412192,0.08902,-0.164574,-0.26384,0.101177,-0.229134,-1.529198,0.0901,-0.64758,34.762762,46.307857,31.803464,46.830357,-17.760872,-23.656936,5.896064,0.548684,0.221399,0.667636,-0.215893,-13.948794,600,0.121622,2.0,8.624687
2024-05-01 10:05:00,-0.188749,0.105099,-0.056656,-0.068026,0.100147,-0.135346,-1.368418,0.091104,-0.546185,39.745194,46.932857,34.368548,47.456071,-18.402711,-22.606091,4.20338,0.552607,0.373614,-1.290408,-0.120728,-13.917526,605,0.135135,2.0,8.7005
2024-05-01 10:10:00,-0.210048,0.104563,-0.064449,-0.01214,0.09819,-0.158631,-1.478596,0.089982,-0.563125,38.168902,46.395714,33.70836,47.216786,-19.361158,-21.957105,2.595946,0.554519,0.303042,0.095846,-0.141557,-14.057343,610,0.148649,2.0,8.900608
2024-05-01 10:15:00,-0.241638,0.103281,-0.072408,0.009219,0.097561,-0.183443,-1.452995,0.089819,-0.583362,36.451493,48.612857,32.983557,48.547857,-20.625342,-21.690752,1.06541,0.552301,0.221564,1.245755,-0.170919,-14.289797,615,0.162162,2.0,8.973809
2024-05-01 10:20:00,-0.239407,0.103394,-0.065693,-0.208283,0.086632,-0.189598,-1.418471,0.089702,-0.585574,35.436165,50.4,32.554321,48.640357,-21.814712,-21.715544,-0.099168,0.574314,0.204935,1.07847,-0.185446,-14.512772,620,0.175676,2.0,8.004946
2024-05-01 10:25:00,-0.053436,0.051342,-0.059043,-0.177801,0.086101,-0.192224,-1.43102,0.089666,-0.584584,34.529851,47.232143,32.174385,48.4025,-22.877669,-21.947969,-0.9297,0.599605,0.194118,0.569383,-0.194376,-14.697719,625,0.189189,2.0,6.439359
2024-05-01 10:30:00,-0.094985,0.033184,-0.013951,-0.075571,0.085679,-0.139495,-1.463689,0.089031,-0.525341,37.405693,48.851429,33.516605,46.760714,-22.816366,-22.121648,-0.694718,0.610735,0.268202,1.057592,-0.140538,-14.471594,630,0.202703,2.0,7.351606
2024-05-01 10:35:00,-0.175457,0.056952,-0.089679,-0.129396,0.088558,-0.235162,-1.340175,0.084476,-0.620086,32.539684,47.53,31.474684,47.671786,-24.5106,-22.599439,-1.911161,0.64443,0.103562,1.258252,-0.240301,-14.717028,635,0.216216,2.0,7.152486
2024-05-01 10:40:00,-0.218841,0.061786,-0.1182,-0.188603,0.090303,-0.291921,-1.317068,0.084065,-0.679595,29.53605,48.75,30.094506,47.206071,-27.012116,-23.481974,-3.530142,0.701971,0.024963,-1.146075,-0.317349,-14.774687,640,0.22973,2.0,7.374414
2024-05-01 10:45:00,-0.163718,0.070111,-0.059433,-0.209869,0.089684,-0.237916,-1.161904,0.083126,-0.625324,31.787635,49.497857,31.134372,45.53,-28.181541,-24.421888,-3.759654,0.749346,0.107664,-1.477167,-0.283092,-14.748242,645,0.243243,2.0,6.846803
2024-05-01 10:50:00,-0.124894,0.073553,-0.028953,-0.200591,0.089802,-0.200842,-1.012458,0.081718,-0.585647,33.055606,45.687143,31.714174,44.558214,-28.51096,-25.239702,-3.271258,0.787385,0.159596,0.216872,-0.25401,-14.58724,650,0.256757,2.0,4.759815
2024-05-01 10:55:00,-0.195817,0.064635,-0.041236,-0.417689,0.077232,-0.211466,-0.934044,0.080666,-0.594247,31.750074,47.537143,31.155425,44.705714,-28.989781,-25.989718,-3.000063,0.823113,0.159842,0.529208,-0.270658,-14.774805,655,0.27027,2.0,3.419012
2024-05-01 11:00:00,-0.126295,0.048125,-0.061463,-0.478726,0.077143,-0.237386,-0.875572,0.079731,-0.619762,29.788455,42.874286,30.298354,41.877143,-29.879344,-26.767643,-3.111701,0.86124,0.143656,0.732018,-0.306846,-14.980847,660,0.283784,2.0,4.750313
2024-05-01 11:05:00,-0.113751,0.044231,-0.091016,-0.680878,0.068983,-0.282599,-0.951708,0.08009,-0.667294,27.130973,42.713571,29.077174,42.825,-31.479436,-27.710002,-3.769435,0.876878,0.103497,-1.228108,-0.379407,-15.031656,665,0.297297,2.0,3.900899
2024-05-01 11:10:00,-0.143446,0.036907,-0.061113,-0.699031,0.068379,-0.256319,-0.839627,0.078954,-0.641892,27.109255,37.685714,29.067043,41.996786,-32.384701,-28.644941,-3.739759,0.863617,0.137173,0.549135,-0.361737,-15.221267,670,0.310811,2.0,3.453956
2024-05-01 11:15:00,-0.041844,0.075556,0.037725,-0.631317,0.07427,-0.125631,-0.708367,0.081217,-0.504386,37.278588,38.500714,33.580665,42.716786,-30.774469,-29.070847,-1.703622,0.774563,0.287909,-0.733208,-0.236623,-15.13367,675,0.324324,2.0,1.92226
2024-05-01 11:20:00,-0.103152,0.084931,-0.037689,-0.581475,0.071046,-0.19884,-0.814895,0.081897,-0.574801,33.27494,39.4,31.89516,42.897857,-30.724123,-29.401502,-1.322621,0.743759,0.19179,0.110986,-0.318129,-15.289819,680,0.337838,2.0,1.329936
2024-05-01 11:25:00,0.09945,0.111158,0.075979,-0.412003,0.081777,-0.042874,-0.568477,0.084425,-0.40736,43.745584,39.057857,37.159124,43.835357,-27.820928,-29.085387,1.26446,0.675609,0.415385,1.610495,-0.157399,-15.017747,685,0.351351,2.0,0.892463
2024-05-01 11:30:00,0.262541,0.099629,0.109145,-0.312142,0.085297,0.040577,-0.469173,0.08558,-0.307447,48.760761,38.961429,39.94703,44.680714,-23.773456,-28.023001,4.249545,0.594728,0.577705,-0.065032,-0.069087,-14.875618,690,0.364865,2.0,0.605662
2024-05-01 11:35:00,0.22834,0.105189,0.049568,-0.318507,0.08536,0.005271,-0.638028,0.083061,-0.328707,46.974076,39.899286,39.231965,43.565714,-20.90819,-26.600039,5.691849,0.507268,0.554098,0.609924,-0.098709,-15.071276,695,0.378378,2.0,0.466465
2024-05-01 11:40:00,0.193861,0.1003,0.088594,-0.026598,0.074967,0.08017,-0.562816,0.084124,-0.236029,51.558556,40.035714,41.822111,44.443571,-17.041805,-24.688392,7.646587,0.501727,0.723508,0.063548,-0.01317,-14.915639,700,0.391892,2.0,-0.230802
2024-05-01 11:45:00,0.158356,0.112539,-0.027427,-0.235735,0.077624,-0.044831,-0.607122,0.085151,-0.351061,45.032296,38.547143,39.129919,43.038571,-15.971426,-22.944999,6.973573,0.457645,0.487308,1.306402,-0.127127,-15.164875,705,0.405405,2.0,-0.87124
2024-05-01 11:50:00,-0.147536,0.114086,-0.121073,-0.349617,0.08376,-0.17997,-0.731645,0.087464,-0.48494,38.758375,41.077143,36.255847,44.913571,-17.507495,-21.857498,4.350003,0.441992,0.177767,-0.314478,-0.271655,-15.289826,710,0.418919,2.0,-0.951378
2024-05-01 11:55:00,-0.346416,0.096324,-0.155136,-0.416845,0.086212,-0.26368,-0.732218,0.087477,-0.572747,34.965745,41.202857,34.363593,45.350357,-20.359771,-21.557953,1.198182,0.468844,0.002982,-1.509232,-0.359976,-15.321272,715,0.432432,2.0,-0.695261
2024-05-01 12:00:00,-0.339038,0.097043,-0.121694,-0.418059,0.086216,-0.263309,-0.764295,0.087448,-0.576537,34.086719,44.973571,33.914396,45.330357,-22.814748,-21.809312,-1.005436,0.498456,0.019694,-0.018233,-0.360765,-15.468259,720,0.445946,2.0,-0.904237
2024-05-01 12:05:00,-0.440661,0.061522,-0.093633,-0.413927,0.086216,-0.255186,-0.845408,0.086714,-0.571936,33.4667,44.085,33.602683,45.811071,-24.787681,-22.404986,-2.382695,0.526118,0.048772,-1.091802,-0.344942,-15.53391,725,0.459459,2.0,0.771217
2024-05-01 12:10:00,-0.347418,0.06001,-0.08649,-0.487813,0.08514,-0.263517,-0.782289,0.085938,-0.584113,32.248863,45.509286,32.996364,44.191786,-26.647641,-23.253517,-3.394124,0.539189,0.038174,1.014132,-0.359551,-15.756864,730,0.472973,2.0,0.909254
2024-05-01 12:15:00,-0.170678,0.048855,-0.04237,-0.344847,0.082624,-0.217743,-0.719907,0.086037,-0.539387,33.897348,45.505714,33.784833,44.109643,-27.421483,-24.08711,-3.334373,0.562946,0.128964,1.174294,-0.300495,-15.521783,735,0.486486,2.0,1.002802
2024-05-01 12:20:00,-0.247528,0.080912,-0.153967,-0.445475,0.089904,-0.367308,-0.995324,0.088149,-0.698547,27.897334,48.087857,30.708873,42.886786,-30.831969,-25.436082,-5.395887,0.662901,-0.065334,-0.479001,-0.472798,-15.633208,740,0.5,2.0,0.278963
2024-05-01 12:25:00,-0.158521,0.09554,-0.061482,-0.412876,0.091179,-0.276638,-0.868042,0.088633,-0.612281,32.135523,45.440714,32.787933,41.970714,-32.131558,-26.775177,-5.356381,0.71174,0.089005,0.888928,-0.389721,-15.41682,745,0.513514,2.0,1.237869
2024-05-01 12:30:00,-0.258978,0.102466,-0.120551,-0.547623,0.093311,-0.358074,-0.986837,0.089751,-0.7024,28.637406,46.713571,30.930724,43.056786,-34.753953,-28.370932,-6.383021,0.78807,0.01252,-0.302295,-0.486287,-15.5451,750,0.527027,2.0,0.145869
2024-05-01 12:35:00,-0.269542,0.102168,-0.111505,-0.561323,0.093405,-0.366185,-0.917755,0.088757,-0.719589,27.383257,48.222143,30.236808,43.64,-37.18228,-30.133202,-7.049079,0.865919,0.034982,1.145283,-0.505183,-15.781406,755,0.540541,2.0,-1.540937
2024-05-01 12:40:00,-0.314876,0.095414,-0.089358,-0.533016,0.093255,-0.351722,-0.844978,0.088053,-0.713038,26.77477,47.520714,29.901587,43.241071,-39.032026,-31.912967,-7.11906,0.938371,0.075326,-0.483681,-0.506171,-15.898989,760,0.554054,2.0,-2.585182
2024-05-01 12:45:00,-0.218998,0.070176,-0.121245,-0.550373,0.093811,-0.401774,-0.871749,0.088439,-0.773541,24.377344,48.06,28.552496,43.979643,-41.560893,-33.842552,-7.718341,1.033449,0.051784,0.693477,-0.559617,-16.10316,765,0.567568,2.0,-2.035424
2024-05-01 12:50:00,-0.392561,0.042264,-0.155651,-0.661319,0.095428,-0.464831,-1.172488,0.084102,-0.850454,21.826594,48.707857,27.020316,44.371786,-44.916091,-36.05726,-8.858831,1.149942,0.028708,1.027758,-0.625869,-16.334785,770,0.581081,2.0,-3.249414
2024-05-01 12:55:00,-0.350327,0.035826,-0.155114,-0.854546,0.088934,-0.49012,-1.195795,0.084339,-0.890739,20.262049,47.98,26.027804,43.263571,-48.298926,-38.505593,-9.793333,1.251888,0.03996,-0.62751,-0.673999,-16.445059,775,0.594595,2.0,-2.025353
2024-05-01 13:00:00,-0.285802,0.053679,-0.091434,-0.743135,0.089066,-0.42738,-1.114467,0.084341,-0.838904,21.679244,43.166429,26.682461,42.121786,-50.102129,-40.8249,-9.277229,1.333444,0.10933,-1.110557,-0.626964,-16.371553,780,0.608108,2.0,-2.118024
2024-05-01 13:05:00,-0.187674,0.080779,-0.01041,-0.818326,0.081921,-0.318416,-0.973378,0.085218,-0.733925,27.512439,43.249286,29.406406,42.226071,-49.696294,-42.599179,-7.097115,1.341344,0.198408,-0.238513,-0.518971,-16.234205,785,0.621622,2.0,-3.704337
2024-05-01 13:10:00,-0.021313,0.086581,0.042404,-0.831926,0.080835,-0.221369,-0.871981,0.086226,-0.634696,32.776689,41.584286,31.96567,43.278929,-47.593874,-43.598118,-3.995756,1.283846,0.274805,-0.403969,-0.430421,-16.110956,790,0.635135,2.0,-4.003802
2024-05-01 13:15:00,0.017506,0.075523,-0.020688,-0.870281,0.081121,-0.266625,-0.994669,0.086014,-0.68007,30.416531,43.077143,30.816202,43.581071,-46.612845,-44.201063,-2.411782,1.227506,0.240362,-0.654565,-0.490753,-16.214968,795,0.648649,2.0,-2.290944
2024-05-01 13:20:00,0.040912,0.069801,-0.049514,-1.005894,0.075416,-0.289665,-1.054362,0.086055,-0.704728,28.788264,43.536429,30.000219,44.522857,-46.194513,-44.599753,-1.59476,1.111894,0.210711,0.583067,-0.511106,-16.408662,800,0.662162,2.0,-3.221716
2024-05-01 13:25:00,-0.04236,0.076473,-0.076483,-0.942044,0.073202,-0.321005,-1.301504,0.080943,-0.739515,26.90192,44.881429,29.030625,45.193571,-46.412464,-44.962296,-1.450169,1.029901,0.170413,-0.309663,-0.547579,-16.53668,805,0.675676,2.0,-4.602381
2024-05-01 13:30:00,-0.052704,0.073708,-0.007334,-0.72413,0.072808,-0.231388,-1.247044,0.081822,-0.648189,31.740186,43.234286,31.342077,45.661071,-44.977384,-44.965313,-0.01207,0.96403,0.253278,-0.573323,-0.457522,-16.425399,810,0.689189,2.0,-4.161055
2024-05-01 13:35:00,-0.296463,0.083832,-0.118305,-0.782217,0.077038,-0.362972,-1.541317,0.081285,-0.785326,26.783513,48.045,28.8152,46.742857,-46.136481,-45.199547,-0.936934,0.96115,0.11675,0.132858,-0.602796,-16.585252,815,0.702703,2.0,-2.925988
2024-05-01 13:40:00,-0.081795,0.121542,0.015515,-0.614409,0.08704,-0.200663,-1.419158,0.084627,-0.619566,35.772939,47.015,33.446171,46.864286,-44.191883,-44.998014,0.806131,0.907677,0.283673,1.154672,-0.42836,-16.350833,820,0.716216,2.0,-1.98099
2024-05-01 13:45:00,-0.049772,0.11992,-0.004022,-0.617225,0.087022,-0.201049,-1.489218,0.083882,-0.615996,35.067182,44.495714,33.106205,46.358929,-42.518914,-44.502194,1.98328,0.84388,0.278486,-1.242414,-0.436252,-16.411299,825,0.72973,2.0,-2.380917
2024-05-01 13:50:00,-0.033883,0.118287,-0.035561,-0.63038,0.087114,-0.226481,-1.395511,0.082301,-0.639092,33.441335,45.456429,32.326462,46.488571,-41.534121,-43.908579,2.374458,0.781072,0.238089,-0.107992,-0.459299,-16.554787,830,0.743243,2.0,-2.264785
2024-05-01 13:55:00,-0.041477,0.11717,0.014899,-0.595645,0.088604,-0.152641,-1.31996,0.083187,-0.558854,37.127469,44.687143,34.213244,46.373571,-39.337556,-42.994375,3.656819,0.664588,0.324137,-1.634495,-0.367175,-16.522222,835,0.756757,2.0,-2.011287
2024-05-01 14:00:00,0.253319,0.085137,0.092825,-0.284054,0.086718,-0.025737,-1.184865,0.085868,-0.418169,44.268487,43.594286,38.060683,46.151071,-35.123751,-41.42025,6.296499,0.605382,0.535697,-1.468164,-0.219867,-16.477792,840,0.77027,2.0,-0.908804
2024-05-01 14:05:00,0.170808,0.069659,0.101421,-0.286584,0.086602,0.030378,-1.098197,0.086665,-0.345056,47.344314,43.291429,39.804202,45.635714,-30.445655,-39.225331,8.779676,0.504169,0.689118,1.225891,-0.123986,-16.241484,845,0.783784,2.0,1.168282
2024-05-01 14:10:00,0.320042,0.071702,0.152519,-0.040285,0.088412,0.142767,-0.764902,0.0849,-0.209558,53.307365,47.531429,43.357034,45.348929,-24.335516,-36.247368,11.911852,0.487435,0.961387,-0.564443,0.03007,-16.130673,850,0.797297,2.0,0.988942
2024-05-01 14:15:00,0.410326,0.04081,0.128731,0.047029,0.088244,0.165963,-0.803678,0.084183,-0.162386,55.057955,46.104286,44.44312,44.676786,-18.600957,-32.718086,14.117129,0.506657,1.01961,-1.183595,0.108257,-16.060656,855,0.810811,2.0,2.216625
2024-05-01 14:20:00,0.497978,0.046291,0.182629,0.21492,0.093568,0.281732,-0.619809,0.087136,-0.016666,60.728431,46.612857,48.131509,44.098571,-11.499739,-28.474416,16.974678,0.603264,1.159932,-1.324339,0.266294,-16.003561,860,0.824324,2.0,1.801062
2024-05-01 14:25:00,0.520965,0.050337,0.219881,0.455426,0.094991,0.388376,-0.429473,0.089875,0.125468,65.489481,48.488571,51.52036,45.782857,-3.372006,-23.453934,20.081928,0.774011,1.175797,0.567535,0.398789,-15.816456,865,0.837838,2.0,2.318461
2024-05-01 14:30:00,0.481418,0.061014,0.159798,0.588325,0.08955,0.369376,-0.383577,0.089927,0.139744,66.090422,46.965714,51.962161,45.251071,3.364559,-18.090236,21.454795,0.911465,1.063475,-0.418842,0.42055,-15.698843,870,0.851351,2.0,1.313659
2024-05-01 14:35:00,0.520961,0.068189,0.217677,0.833715,0.090895,0.485427,-0.194594,0.093213,0.294718,70.684866,46.066429,55.478626,45.473929,11.364266,-12.199335,23.563601,1.082676,1.090539,-0.223721,0.575752,-15.569041,875,0.864865,2.0,0.478024
2024-05-01 14:40:00,0.526456,0.066951,0.175769,0.861998,0.090729,0.480872,-0.186645,0.093293,0.327547,71.823216,45.758571,56.395145,44.496429,18.266552,-6.106158,24.37271,1.22883,1.022827,-0.590659,0.623814,-15.466084,880,0.878378,2.0,0.821609
2024-05-01 14:45:00,0.419936,0.06784,0.143229,0.82498,0.090399,0.470442,-0.027067,0.091935,0.352398,72.790058,43.132857,57.172024,45.588929,24.115505,-0.061825,24.17733,1.361799,0.970276,1.005931,0.649225,-15.258007,885,0.891892,2.0,-0.146768
2024-05-01 14:50:00,0.216024,0.080153,0.058035,0.693895,0.092562,0.37452,0.004475,0.091432,0.284483,69.130789,45.777857,55.697927,46.396429,27.493055,5.449151,22.043904,1.452573,0.878049,-0.682985,0.582384,-15.356062,890,0.905405,2.0,0.668638
2024-05-01 14:55:00,0.200457,0.081568,0.041634,0.772321,0.089362,0.342748,-0.020204,0.091339,0.277561,69.262091,44.765,55.791195,44.630357,29.899362,10.339193,19.560169,1.517101,0.839374,-1.691032,0.592523,-15.323155,895,0.918919,2.0,0.046378
2024-05-01 15:00:00,0.139961,0.059607,0.098624,0.933549,0.087829,0.406466,0.070076,0.092555,0.369065,72.309084,43.194286,57.994216,44.325357,33.206876,14.912729,18.294146,1.583652,0.863048,1.178495,0.663185,-15.101708,900,0.932432,2.0,0.052217
2024-05-01 15:05:00,0.001876,0.078164,0.004457,0.906635,0.089793,0.284232,0.011066,0.093373,0.265992,66.198299,43.98,55.513532,44.333571,33.895362,18.709256,15.186106,1.587051,0.775497,-0.602691,0.555281,-15.204256,905,0.945946,2.0,-0.10295
2024-05-01 15:10:00,0.057803,0.08843,0.066357,0.936457,0.090388,0.343332,0.157214,0.09402,0.347132,69.106974,44.054286,57.465481,43.824286,35.625596,22.092524,13.533072,1.607479,0.802267,1.398886,0.611079,-14.968477,910,0.959459,2.0,-0.507985
2024-05-01 15:15:00,0.180867,0.081752,0.088797,1.175967,0.074649,0.371182,0.299441,0.093752,0.397909,70.997969,47.100714,58.784985,45.196071,37.684833,25.210986,12.473847,1.569074,0.815053,0.974787,0.633611,-14.758374,915,0.972973,2.0,-0.448667
2024-05-01 15:20:00,0.237152,0.080143,0.099592,1.093994,0.072046,0.390714,0.360864,0.094063,0.440692,72.634592,43.738571,59.95383,45.635,39.875462,28.143881,11.731581,1.558835,0.82112,0.7559,0.640721,-14.562479,920,0.986486,2.0,0.558938
2024-05-01 15:25:00,-0.044362,0.118106,-0.050277,0.939013,0.087128,0.194679,0.067555,0.096125,0.254684,61.796573,48.939286,55.26339,47.521786,38.232046,30.161514,8.070532,1.472557,0.688847,-0.705646,0.440124,-14.662463,925,1.0,2.0,3.592523
2024-05-02 09:15:00,0.072785,0.108766,-0.016699,1.014307,0.084351,0.198981,0.187204,0.09518,0.268982,62.661476,46.662143,55.780548,46.6375,36.92758,31.514727,5.412853,1.335796,0.689337,0.686316,0.434992,-14.470107,555,0.0,3.0,2.334049
2024-05-02 09:20:00,0.074831,0.109148,0.053611,1.053903,0.084986,0.26803,0.132581,0.09375,0.351978,65.865195,43.083571,57.731209,45.786071,37.09693,32.631168,4.465762,1.196601,0.748897,1.338727,0.488782,-14.23721,560,0.013514,3.0,2.56256
2024-05-02 09:25:00,-0.028625,0.10664,0.01133,0.891428,0.085438,0.209258,0.008168,0.093095,0.302853,63.647746,42.055714,56.752316,44.510714,36.19899,33.344732,2.854258,1.061399,0.7042,1.149487,0.416973,-14.460528,565,0.027027,3.0,2.315412
2024-05-02 09:30:00,-0.044304,0.104408,0.037496,0.8769,0.085366,0.23,0.08786,0.093166,0.33422,65.196088,41.480714,57.665729,43.773571,35.828821,33.84155,1.987271,0.915648,0.738172,1.117213,0.426739,-14.238234,570,0.040541,3.0,1.33053
2024-05-02 09:35:00,-0.058566,0.110109,-0.10114,0.558069,0.097501,0.036647,-0.184553,0.096215,0.138854,54.642407,46.212143,52.796528,45.985357,31.989871,33.471214,-1.481343,0.769639,0.50111,1.603453,0.197494,-14.497694,575,0.054054,3.0,1.545267
2024-05-02 09:40:00,0.017065,0.121107,-0.000202,0.61868,0.09884,0.1245,0.045874,0.095577,0.230502,58.497878,44.292143,54.900991,43.7125,30.291207,32.835213,-2.544006,0.602219,0.617892,-0.784041,0.272155,-14.402694,580,0.067568,3.0,0.594992
2024-05-02 09:45:00,-0.105463,0.109226,-0.017119,0.447124,0.095766,0.089558,0.174772,0.093015,0.196916,57.175688,40.311429,54.267166,43.044643,28.192354,31.906641,-3.714287,0.470467,0.549383,-1.295489,0.22669,-14.460706,585,0.081081,3.0,0.445249
2024-05-02 09:50:00,0.051742,0.12513,0.069029,0.420476,0.094112,0.19031,0.407742,0.092949,0.305368,61.603608,44.105,56.721996,44.435,28.22975,31.171263,-2.941512,0.409246,0.800523,-1.139123,0.310441,-14.389986,590,0.094595,3.0,1.613394
2024-05-02 09:55:00,-0.129945,0.138288,-0.045224,0.26313,0.100511,0.048217,0.297848,0.095066,0.161589,54.695785,45.325714,53.353444,44.26,25.665434,30.070097,-4.404663,0.316882,0.414632,1.394448,0.123092,-14.633966,595,0.108108,3.0,-0.479131
2024-05-02 10:00:00,0.163629,0.111395,0.039372,0.200605,0.096372,0.138054,0.421291,0.096002,0.255637,58.51304,45.274286,55.44423,44.627143,25.094925,29.075063,-3.980138,0.301616,0.722921,-1.341898,0.213125,-14.577226,600,0.121622,3.0,-0.30306
2024-05-02 10:05:00,0.079064,0.104671,0.037197,0.170878,0.096016,0.139769,0.474039,0.095792,0.261408,59.097976,46.973571,55.76826,45.513929,24.634783,28.187007,-3.552224,0.298737,0.751499,-1.316807,0.196767,-14.522676,605,0.135135,3.0,0.072099
2024-05-02 10:10:00,0.220716,0.109713,0.102128,0.247849,0.098802,0.231527,0.56752,0.096956,0.362874,63.060264,45.601429,58.005626,46.351071,25.920828,27.733771,-1.812943,0.338746,1.027952,1.360677,0.289718,-14.283435,610,0.148649,3.0,-0.956838
2024-05-02 10:15:00,0.051475,0.106214,0.03581,0.255591,0.098535,0.165598,0.70871,0.093006,0.30198,60.429984,47.869286,56.76332,45.803929,25.828917,27.3528,-1.523883,0.3364,0.849652,-0.907246,0.229298,-14.365203,615,0.162162,3.0,-0.504526
2024-05-02 10:20:00,0.169591,0.07342,0.011294,0.232244,0.098777,0.132715,0.62746,0.092861,0.271931,59.389883,42.86,56.276007,45.899643,25.149056,26.912052,-1.762995,0.322717,0.769997,0.38523,0.164387,-14.535526,620,0.175676,3.0,-0.224534
2024-05-02 10:25:00,0.318894,0.122869,0.176424,0.379646,0.110941,0.349651,1.003104,0.096938,0.50543,67.489091,47.134286,60.948783,46.898214,28.543364,27.238314,1.30505,0.441155,1.229596,1.309813,0.380933,-14.297836,625,0.189189,3.0,-0.64504
2024-05-02 10:30:00,0.263948,0.130359,0.09196,0.433393,0.10875,0.281447,1.011508,0.096828,0.448492,65.360261,46.480714,59.941364,44.782143,30.238467,27.838344,2.400122,0.485257,1.039292,-1.473097,0.329825,-14.336239,630,0.202703,3.0,0.495423
2024-05-02 10:35:00,0.12146,0.128624,0.043782,0.311627,0.10782,0.23077,1.007718,0.096863,0.405505,63.875775,52.034286,59.246578,47.045,30.78479,28.427634,2.357156,0.522585,0.920551,-1.25654,0.293824,-14.387171,635,0.216216,3.0,-0.88349
2024-05-02 10:40:00,0.184725,0.122662,0.039055,0.259452,0.107144,0.222166,1.116186,0.095497,0.403818,64.36722,50.602857,59.520942,46.041786,31.108493,28.963805,2.144687,0.562152,0.894222,0.654345,0.281166,-14.200197,640,0.22973,3.0,-0.311948
2024-05-02 10:45:00,0.147703,0.12787,-0.011185,0.142799,0.107583,0.150378,1.173256,0.094201,0.334099,60.997893,47.217857,57.994394,46.715,30.078249,29.186694,0.891555,0.581192,0.772763,1.441939,0.204147,-14.443974,645,0.243243,3.0,-0.617077
2024-05-02 10:50:00,0.049078,0.085115,0.095698,0.473482,0.103401,0.27626,1.407934,0.094864,0.470151,66.269704,50.727143,60.879216,47.509643,31.504943,29.650344,1.8546,0.624241,0.964382,-1.419641,0.350384,-14.408394,650,0.256757,3.0,-1.74503
2024-05-02 10:55:00,0.293621,0.115309,0.201046,0.655025,0.111153,0.436624,1.598469,0.098128,0.650372,71.749373,53.892143,64.270061,47.101786,35.697084,30.859692,4.837392,0.746968,1.120655,1.657557,0.521287,-14.141925,655,0.27027,3.0,-1.99417
2024-05-02 11:00:00,0.295088,0.115041,0.117404,0.532406,0.110775,0.372371,1.496262,0.098237,0.60075,70.266974,50.673571,63.580907,47.389286,38.160703,32.319894,5.840809,0.836921,0.992284,1.281296,0.463183,-14.384132,660,0.283784,3.0,-2.415031
2024-05-02 11:05:00,0.158373,0.141296,-0.002845,0.446989,0.114878,0.226489,1.297917,0.100309,0.45964,63.357004,49.877143,60.294441,47.601429,37.626607,33.381237,4.245371,0.861365,0.810669,-1.581836,0.334135,-14.404123,665,0.297297,3.0,-1.667821
2024-05-02 11:10:00,0.36864,0.139947,0.100722,0.556516,0.118537,0.34445,1.528447,0.100871,0.590122,67.688214,51.822143,62.81721,48.548214,39.348024,34.574594,4.77343,0.929182,0.92416,1.39844,0.460863,-14.147272,670,0.310811,3.0,-3.234652
2024-05-02 11:15:00,0.361992,0.139014,0.1659,0.896279,0.109721,0.44597,1.733402,0.101478,0.709988,71.218735,52.080714,65.037206,49.527143,42.723629,36.204401,6.519228,0.986819,1.004663,0.438577,0.578286,-13.966774,675,0.324324,3.0,-3.500935
2024-05-02 11:20:00,0.277001,0.122867,0.191297,0.916619,0.110356,0.513292,1.923073,0.101165,0.79908,73.747376,50.359286,66.723726,47.980357,46.907666,38.345054,8.562612,1.090001,1.026399,0.588551,0.665791,-13.772958,680,0.337838,3.0,-4.028266
2024-05-02 11:25:00,0.455494,0.119562,0.229575,1.096944,0.111517,0.603315,2.012335,0.102401,0.915739,76.555899,52.787143,68.705824,50.328214,52.216668,41.119377,11.097291,1.212445,1.054918,1.293947,0.765467,-13.518722,685,0.351351,3.0,-2.527159
2024-05-02 11:30:00,0.538457,0.083012,0.126882,0.935626,0.112252,0.510046,2.146188,0.098522,0.841684,74.368607,54.022857,67.639203,48.441429,55.126151,43.920732,11.20542,1.301658,0.950647,-0.720713,0.702186,-13.608958,690,0.364865,3.0,-3.717156
2024-05-02 11:35:00,0.411507,0.084546,0.102921,1.10169,0.10382,0.48627,2.029699,0.097493,0.835079,74.912981,51.242143,68.0025,49.188214,57.239323,46.58445,10.654873,1.328093,0.921031,-0.066859,0.699929,-13.467566,695,0.378378,3.0,-2.730639
2024-05-02 11:40:00,0.174955,0.102451,0.010055,0.907687,0.107809,0.360045,1.962139,0.09879,0.717111,69.823986,54.002143,65.569958,50.241429,56.770848,48.62173,8.149118,1.325463,0.821058,-0.756282,0.59176,-13.554689,700,0.391892,3.0,-4.559569
2024-05-02 11:45:00,-0.037054,0.101749,-0.053834,0.799529,0.111905,0.243267,1.91984,0.099716,0.601,64.915344,51.866429,63.14866,51.950357,54.235593,49.744502,4.491091,1.282076,0.729689,0.014259,0.468305,-13.7032,705,0.405405,3.0,-4.288753
2024-05-02 11:50:00,-0.05288,0.095553,0.055587,0.820956,0.112765,0.34451,2.000698,0.100666,0.709945,68.517436,53.307143,65.164706,51.955,53.930245,50.581651,3.348594,1.283084,0.804848,-0.079687,0.570522,-13.559806,710,0.418919,3.0,-4.498712
2024-05-02 11:55:00,-0.033539,0.094497,0.023916,0.849861,0.111748,0.293725,1.853915,0.100253,0.662865,67.446198,54.243571,64.637919,50.730714,52.746166,51.014554,1.731612,1.241552,0.764943,-0.010887,0.512405,-13.710698,715,0.432432,3.0,-4.195547
2024-05-02 12:00:00,0.19994,0.15441,0.189916,1.132322,0.120843,0.502473,2.059373,0.105124,0.889136,73.386241,54.895714,68.174663,52.811429,55.595264,51.930696,3.664568,1.240608,0.930718,0.683466,0.72022,-13.507915,720,0.445946,3.0,-4.973845
2024-05-02 12:05:00,0.33954,0.137197,0.160847,0.928455,0.111584,0.50114,1.981956,0.104394,0.903808,74.38063,52.711429,68.813575,53.301786,58.058629,53.156283,4.902346,1.301476,0.914578,-0.059168,0.708149,-13.360598,725,0.459459,3.0,-7.000901
2024-05-02 12:10:00,0.414317,0.118426,0.096288,0.950701,0.11081,0.43837,1.923892,0.104689,0.852246,73.442823,52.661429,68.361921,51.6675,59.052563,54.335539,4.717024,1.316774,0.861184,-1.303183,0.670149,-13.413126,730,0.472973,3.0,-8.623104
2024-05-02 12:15:00,0.39743,0.116715,0.144479,1.098854,0.110535,0.505826,1.898646,0.104229,0.9352,75.861878,52.512857,69.875317,51.195,61.183735,55.705178,5.478557,1.331761,0.906736,0.127522,0.75376,-13.250051,735,0.486486,3.0,-7.388724
2024-05-02 12:20:00,0.634119,0.11425,0.240243,1.302238,0.115745,0.653627,1.968568,0.106139,1.107503,79.476137,54.921429,72.338642,53.371786,65.792218,57.722586,8.069632,1.39394,0.997612,0.004835,0.929425,-13.096816,740,0.5,3.0,-7.25456
2024-05-02 12:25:00,0.463303,0.085973,0.22072,1.451025,0.112299,0.673755,2.040973,0.106354,1.151913,80.78409,52.276429,73.294567,52.178571,70.187899,60.215649,9.97225,1.417491,1.002766,0.385767,0.938433,-12.913911,745,0.513514,3.0,-8.198671
2024-05-02 12:30:00,0.340574,0.113529,0.09981,1.222513,0.114855,0.54481,1.798947,0.105901,1.037519,76.686367,53.025,71.304943,51.692143,71.636961,62.499911,9.13705,1.418976,0.908929,-0.375663,0.833697,-13.040036,750,0.527027,3.0,-7.379637
2024-05-02 12:35:00,0.437423,0.103341,0.119978,1.095445,0.109823,0.56553,1.833621,0.106078,1.074201,78.044254,48.615,72.191259,50.701071,73.308824,64.661694,8.64713,1.474207,0.911099,1.194708,0.857939,-12.793152,755,0.540541,3.0,-8.206336
2024-05-02 12:40:00,0.492866,0.110476,0.19709,1.298217,0.111342,0.671096,1.972649,0.107894,1.202145,80.699604,48.872857,74.016778,51.447857,76.750782,67.079511,9.671271,1.548566,0.963528,-1.665312,0.993429,-12.768303,760,0.554054,3.0,-9.027612
2024-05-02 12:45:00,0.274369,0.094289,0.130049,1.41956,0.103774,0.605078,2.027934,0.107188,1.152625,80.586744,47.419286,73.962636,49.330714,78.540911,69.371791,9.16912,1.528828,0.921868,-1.473891,0.969321,-12.804646,765,0.567568,3.0,-10.323687
2024-05-02 12:50:00,0.154635,0.097918,0.067631,1.234713,0.104075,0.521195,1.994309,0.107513,1.07922,78.79189,45.675714,73.123667,49.838929,78.565759,71.210585,7.355174,1.508846,0.867532,0.908612,0.862704,-13.030825,770,0.581081,3.0,-9.230083
2024-05-02 12:55:00,0.367549,0.088369,0.139494,1.228118,0.103798,0.600015,2.030304,0.108076,1.173909,81.048209,45.689286,74.606365,48.777857,80.085447,72.985557,7.099889,1.545358,0.911246,-0.958105,0.952778,-12.951933,775,0.594595,3.0,-7.352156
2024-05-02 13:00:00,0.345618,0.088493,0.131841,1.164622,0.102832,0.595577,2.183659,0.106403,1.183989,81.902991,44.074286,75.191483,48.690714,81.351009,74.658647,6.692361,1.597606,0.898022,0.128597,0.968159,-12.78768,780,0.608108,3.0,-8.401391
2024-05-02 13:05:00,0.109738,0.079755,0.048002,0.94956,0.103476,0.484234,2.025578,0.107114,1.079003,78.01855,42.067857,73.393801,48.155714,80.403161,75.80755,4.595611,1.635794,0.822905,-1.652702,0.894618,-12.80799,785,0.621622,3.0,-8.198204
2024-05-02 13:10:00,0.120539,0.079091,0.037932,0.99798,0.101914,0.446001,1.966494,0.107133,1.04489,78.1845,39.720714,73.491687,47.308214,78.895039,76.425048,2.469991,1.642941,0.796568,0.764601,0.828006,-12.597955,790,0.635135,3.0,-7.307365
2024-05-02 13:15:00,0.122272,0.078807,0.007413,0.943106,0.103252,0.379016,1.877415,0.107486,0.977504,76.316504,38.231429,72.657121,45.471429,76.360471,76.412133,-0.051662,1.626491,0.754036,-1.416263,0.74213,-12.631585,795,0.648649,3.0,-5.279571
2024-05-02 13:20:00,0.053701,0.055969,0.053649,1.105589,0.098352,0.40911,2.130402,0.103133,1.009651,77.8687,41.012143,73.50755,46.836786,74.741758,76.078058,-1.3363,1.573408,0.774174,-0.880096,0.794545,-12.555926,800,0.662162,3.0,-7.765907
2024-05-02 13:25:00,0.050657,0.055335,0.072608,1.253386,0.092184,0.420175,2.161063,0.10312,1.02327,78.991093,43.364286,74.138931,47.938571,73.558301,75.574106,-2.015805,1.457701,0.791171,-0.964129,0.795059,-12.490032,805,0.675676,3.0,-7.713918
2024-05-02 13:30:00,0.264882,0.068869,0.151196,1.270509,0.092983,0.520015,2.219333,0.104046,1.132332,81.77098,40.137143,75.808366,47.529286,74.40775,75.340835,-0.933085,1.394912,0.869861,1.380309,0.848778,-12.233485,810,0.689189,3.0,-7.158459
2024-05-02 13:35:00,0.368437,0.067841,0.175552,1.404103,0.09146,0.572182,2.37148,0.103822,1.196357,83.485345,41.873571,76.933303,47.075,76.130277,75.498723,0.631554,1.304651,0.92819,1.170995,0.90403,-11.993195,815,0.702703,3.0,-8.728692
2024-05-02 13:40:00,0.291125,0.098256,0.047696,1.034967,0.087593,0.42304,2.219293,0.105989,1.048062,76.324876,42.375714,73.643699,47.700357,74.847696,75.368518,-0.520822,1.245592,0.823213,-1.367593,0.74116,-12.020932,820,0.716216,3.0,-8.412031
2024-05-02 13:45:00,0.301364,0.098748,0.087314,1.067121,0.087881,0.458209,2.498216,0.100632,1.087344,77.956849,45.726429,74.548314,47.170714,74.404219,75.175658,-0.771439,1.193096,0.862872,-0.528528,0.771805,-11.92637,825,0.72973,3.0,-8.306571
2024-05-02 13:50:00,0.376015,0.103321,0.144674,1.214764,0.087875,0.532193,2.527707,0.101015,1.170151,80.243241,47.307857,75.886344,48.090357,75.413754,75.223277,0.190477,1.13085,0.944438,0.728953,0.824843,-11.727685,830,0.743243,3.0,-7.67562
2024-05-02 13:55:00,0.309379,0.094495,0.154918,1.181693,0.086999,0.560998,2.643829,0.100557,1.208968,81.632786,48.027857,76.745016,47.723571,76.838618,75.546345,1.292272,1.107243,0.980236,0.271506,0.835869,-11.564273,835,0.756757,3.0,-8.351039
2024-05-02 14:00:00,0.339442,0.099322,0.198028,1.107172,0.081361,0.636521,2.665851,0.100901,1.299142,83.642172,50.112143,78.059059,47.893929,79.501191,76.337314,3.163876,1.184283,1.022873,1.215247,0.904646,-11.320744,840,0.77027,3.0,-8.026658
2024-05-02 14:05:00,0.435584,0.059013,0.126534,1.007091,0.082075,0.568192,2.798125,0.097556,1.239693,83.084385,47.147143,77.799278,46.418214,80.54325,77.178502,3.364748,1.242432,0.951252,-0.671254,0.849797,-11.408839,845,0.783784,3.0,-8.725631
2024-05-02 14:10:00,0.305481,0.084162,0.0534,1.031775,0.080344,0.471667,2.643375,0.098333,1.145453,79.801422,49.415714,76.291006,46.745,79.651265,77.673054,1.97821,1.224379,0.877722,0.675688,0.745489,-11.607365,850,0.797297,3.0,-8.213705
2024-05-02 14:15:00,0.308039,0.084689,0.123766,1.084378,0.082153,0.54669,2.762284,0.098836,1.228479,81.987912,50.34,77.577015,46.203929,80.299866,78.198416,2.101449,1.244925,0.93467,1.451461,0.787216,-11.341839,855,0.810811,3.0,-8.149781
2024-05-02 14:20:00,0.162432,0.097421,0.0441,0.848994,0.080498,0.442083,2.584137,0.099677,1.123834,78.027058,49.299286,75.722283,44.51,78.910937,78.340921,0.570016,1.266612,0.848021,-0.61621,0.678251,-11.438933,860,0.824324,3.0,-8.621216
2024-05-02 14:25:00,-0.141342,0.106213,-0.078354,0.688008,0.092177,0.253134,2.467996,0.103204,0.922491,68.087734,54.659286,70.797104,46.445357,74.168147,77.506366,-3.338219,1.228664,0.698783,-0.956216,0.467858,-11.508523,865,0.837838,3.0,-10.131582
2024-05-02 14:30:00,0.00739,0.131216,0.041574,0.858593,0.093863,0.356641,2.631669,0.103537,1.022452,71.492355,51.967857,72.416852,46.49,72.005811,76.406255,-4.400444,1.190548,0.787721,0.304502,0.541503,-11.338358,870,0.851351,3.0,-8.578619
2024-05-02 14:35:00,0.028078,0.129645,0.01059,0.690057,0.092026,0.299266,2.34582,0.099912,0.957059,70.023501,48.614286,71.664264,45.989286,69.053146,74.935633,-5.882487,1.168477,0.741604,-0.446316,0.470199,-11.446454,875,0.864865,3.0,-7.564755
2024-05-02 14:40:00,-0.090198,0.110074,0.016323,0.645354,0.091956,0.283289,2.399314,0.099278,0.93265,70.37807,45.388571,71.828514,42.762857,66.189797,73.186466,-6.996669,1.148762,0.729814,1.184134,0.445212,-11.206155,880,0.878378,3.0,-6.780159
2024-05-02 14:45:00,-0.122702,0.113888,-0.04917,0.614838,0.093782,0.174577,2.333969,0.100646,0.808487,65.010673,45.445,69.134889,43.659286,61.65652,70.880477,-9.223957,1.080144,0.632452,-0.519421,0.312396,-11.314365,885,0.891892,3.0,-7.539926
2024-05-02 14:50:00,-0.044542,0.094015,-0.088381,0.521991,0.097121,0.082368,2.233503,0.102216,0.695822,60.419522,47.059286,66.733771,44.7175,55.981428,67.900667,-11.919239,0.989753,0.533923,-1.506095,0.201597,-11.340339,890,0.905405,3.0,-7.98568
2024-05-02 14:55:00,-0.252518,0.043869,-0.10395,0.481046,0.098702,0.013382,2.221521,0.102464,0.603061,56.917131,43.060714,64.844122,44.393571,49.74765,64.270064,-14.522413,0.865652,0.433132,-0.920381,0.102999,-11.409753,895,0.918919,3.0,-6.410892
2024-05-02 15:00:00,-0.219133,0.050641,-0.064137,0.415488,0.098073,0.01915,2.071453,0.101322,0.586794,57.224746,41.322857,64.962646,44.315357,44.429133,60.301878,-15.872744,0.750328,0.405683,-1.15729,0.085962,-11.358166,900,0.932432,3.0,-5.761719
2024-05-02 15:05:00,-0.156188,0.071989,0.008533,0.43728,0.098594,0.086986,1.940061,0.098644,0.638018,60.248248,45.127143,66.133849,46.5775,41.065747,56.454651,-15.388905,0.632228,0.47532,-1.299705,0.11672,-11.321381,905,0.945946,3.0,-6.708552
2024-05-02 15:10:00,-0.242663,0.096043,-0.112102,0.105522,0.102874,-0.081205,1.785287,0.102876,0.442183,51.287105,44.949286,61.259447,47.530714,34.956019,52.154925,-17.198906,0.596522,0.169077,-1.012309,-0.062753,-11.377381,910,0.959459,3.0,-6.756914
2024-05-02 15:15:00,-0.046811,0.116203,0.000367,0.106108,0.102906,0.028484,2.024068,0.100897,0.533562,55.800927,47.563571,63.059646,47.355357,31.68776,48.061492,-16.373732,0.575111,0.343271,-0.269614,0.043245,-11.26196,915,0.972973,3.0,-6.709847
2024-05-02 15:20:00,-0.0505,0.116675,-0.04724,0.138774,0.101332,-0.038677,1.794644,0.100737,0.443774,52.489884,48.505,61.195531,48.960357,27.554306,43.960055,-16.405749,0.525552,0.179976,0.0849,-0.06212,-11.401482,920,0.986486,3.0,-7.003592
2024-05-02 15:25:00,-0.118809,0.11806,-0.071877,-0.005163,0.100734,-0.089778,1.582462,0.100301,0.367868,49.786025,46.662857,59.641595,48.501429,22.971978,39.762439,-16.790462,0.527415,0.066953,-0.884395,-0.130485,-11.467675,925,1.0,3.0,-8.040705
2024-05-03 09:15:00,-0.090983,0.124489,0.021941,-0.030002,0.099187,0.013567,1.565974,0.100031,0.454484,54.184133,46.712857,61.400515,48.006071,20.902154,35.990382,-15.088228,0.532569,0.270414,0.386209,-0.043346,-11.309204,555,0.0,4.0,-6.878872
2024-05-03 09:20:00,0.118834,0.087635,0.036665,-0.084635,0.097334,0.042188,1.444171,0.09847,0.468478,55.508502,43.796429,61.943319,49.227857,19.604689,32.713244,-13.108554,0.538556,0.342127,-1.411166,-0.012968,-11.285303,560,0.013514,4.0,-6.381881
2024-05-03 09:25:00,-0.100042,0.086726,-0.046315,-0.332354,0.093436,-0.057853,1.376135,0.099859,0.347657,50.465726,43.772857,59.173334,47.870357,16.5595,29.482495,-12.922995,0.547055,0.181195,0.92298,-0.140741,-11.480142,565,0.027027,4.0,-6.670742
2024-05-03 09:30:00,0.186058,0.128731,0.112309,-0.110014,0.106855,0.142021,1.566089,0.103323,0.541164,58.654185,47.73,62.677051,48.172143,17.639314,27.113859,-9.474545,0.530196,0.586203,1.683664,0.064427,-11.224038,570,0.040541,4.0,-8.334824
2024-05-03 09:35:00,0.204103,0.125524,0.046453,-0.106228,0.106782,0.089921,1.61202,0.102456,0.478731,56.65291,49.967857,61.589401,47.678214,17.559176,25.202922,-7.643746,0.520171,0.516221,1.329106,0.011703,-11.45808,575,0.054054,4.0,-9.008661
2024-05-03 09:40:00,0.161498,0.121475,0.072499,-0.176049,0.103121,0.137759,1.76771,0.100987,0.519995,58.864463,48.825,62.574832,47.135,18.357255,23.833789,-5.476534,0.47122,0.66888,-0.428474,0.065271,-11.358622,580,0.067568,4.0,-9.102552
2024-05-03 09:45:00,0.185962,0.122001,0.08665,-0.061164,0.103465,0.176694,1.68659,0.099964,0.555002,60.850534,47.353571,63.472138,47.206429,19.752931,23.017617,-3.264686,0.452313,0.80993,1.005454,0.098228,-11.147894,585,0.081081,4.0,-8.323232
2024-05-03 09:50:00,0.465233,0.102174,0.172634,0.27306,0.103481,0.315995,1.88194,0.101556,0.699571,66.133248,50.795714,66.007691,46.928214,23.560109,23.126115,0.433993,0.531451,1.062803,-1.36636,0.25656,-11.12414,590,0.094595,4.0,-8.780703
2024-05-03 09:55:00,0.244199,0.081893,0.111346,0.126516,0.099098,0.280814,1.610951,0.096435,0.666623,65.826853,51.836429,65.855846,46.579643,26.180318,23.736956,2.443362,0.575202,0.999337,-0.24553,0.241723,-11.234061,595,0.108108,4.0,-7.759114
2024-05-03 10:00:00,0.420491,0.069676,0.163012,0.285659,0.102698,0.374796,1.693997,0.097459,0.769091,69.504345,50.227857,67.717236,47.6775,30.209937,25.031552,5.178385,0.679054,1.098575,0.562001,0.353153,-11.060712,600,0.121622,4.0,-7.704679
2024-05-03 10:05:00,0.324395,0.087897,0.086302,0.238187,0.103252,0.308625,1.676575,0.097668,0.706344,67.536638,49.294286,66.768261,47.121786,32.450807,26.515403,5.935404,0.748643,0.982089,0.032511,0.301792,-11.194376,605,0.135135,4.0,-8.534185
2024-05-03 10:10:00,0.410443,0.094256,0.15304,0.472309,0.104299,0.409117,1.69977,0.098137,0.817034,71.286231,51.409286,68.715587,49.486429,36.286466,28.469616,7.81685,0.87428,1.05017,0.122738,0.426713,-11.054223,610,0.148649,4.0,-11.411126
2024-05-03 10:15:00,0.201318,0.090338,0.07779,0.519702,0.102267,0.337099,1.443773,0.095011,0.749647,69.108488,47.637857,67.67375,48.071429,38.257463,30.427185,7.830278,0.956176,0.937682,-1.241513,0.390789,-11.085339,615,0.162162,4.0,-12.668979
2024-05-03 10:20:00,0.208243,0.089512,0.052779,0.589028,0.100089,0.306165,1.352978,0.094657,0.721391,69.147628,47.981429,67.693337,47.322143,39.389641,32.219676,7.169965,1.011823,0.885827,0.554465,0.375507,-10.914016,620,0.175676,4.0,-14.242264
2024-05-03 10:25:00,0.290816,0.114682,0.178925,0.798188,0.108196,0.472557,1.643568,0.097258,0.901539,74.512512,51.784286,70.548262,49.248571,43.519642,34.47967,9.039973,1.129591,1.001868,1.588671,0.551325,-10.655894,625,0.189189,4.0,-14.47559
2024-05-03 10:30:00,0.389705,0.102864,0.162642,0.786236,0.108014,0.4865,1.628268,0.097131,0.928963,75.878943,51.427143,71.342712,47.611786,47.376257,37.058987,10.31727,1.251381,0.973805,-0.307094,0.604998,-10.552213,630,0.202703,4.0,-14.223948
2024-05-03 10:35:00,0.29115,0.09642,0.138379,1.009947,0.095334,0.480833,1.495631,0.094927,0.935809,76.804895,51.05,71.886479,47.411429,50.630115,39.773213,10.856902,1.323045,0.944103,-0.153673,0.629658,-10.434409,635,0.216216,4.0,-12.913875
2024-05-03 10:40:00,0.575704,0.109503,0.257065,1.145746,0.104305,0.65947,1.748623,0.099659,1.138477,81.101837,53.117143,74.631976,50.423571,56.849518,43.188474,13.661044,1.484358,1.024696,-0.914686,0.860869,-10.374362,640,0.22973,4.0,-13.005685
2024-05-03 10:45:00,0.642729,0.095375,0.216618,1.286693,0.099847,0.658173,1.846911,0.099344,1.159398,82.087206,52.324286,75.321126,51.146071,62.245465,46.999872,15.245593,1.605373,0.987643,0.32444,0.88804,-10.221215,645,0.243243,4.0,-14.242446
2024-05-03 10:50:00,0.38156,0.106053,0.114732,1.303151,0.098842,0.554797,1.657758,0.098812,1.070382,79.188449,51.213571,73.96275,50.019286,65.000291,50.599956,14.400335,1.643154,0.909545,0.477551,0.801991,-10.387584,650,0.256757,4.0,-11.967658
2024-05-03 10:55:00,0.419104,0.106392,0.144825,1.300801,0.098793,0.594881,1.702694,0.099241,1.127466,80.870696,52.432857,75.04213,49.893214,68.183242,54.116613,14.066629,1.70504,0.91701,1.463407,0.836252,-10.143094,655,0.27027,4.0,-11.733186
2024-05-03 11:00:00,0.293696,0.129849,0.043168,1.186366,0.103802,0.465238,1.682137,0.09967,1.005165,75.726374,52.816429,72.606236,51.806071,68.522327,56.997756,11.524571,1.710479,0.833928,-0.263264,0.723615,-10.257199,660,0.283784,4.0,-12.073014
2024-05-03 11:05:00,0.185349,0.094827,0.121462,1.434696,0.097565,0.547029,1.814486,0.100711,1.100217,78.309309,54.287857,74.120566,53.062143,70.401868,59.678578,10.723289,1.683279,0.879835,1.086626,0.813086,-10.041336,665,0.297297,4.0,-12.411069
2024-05-03 11:10:00,0.263407,0.106841,0.178271,1.364891,0.093347,0.627341,1.990477,0.101474,1.198309,80.641487,53.582857,75.59162,51.905357,73.589749,62.460812,11.128937,1.731504,0.914649,1.358103,0.894329,-9.800812,670,0.310811,4.0,-13.838192
2024-05-03 11:15:00,0.284191,0.10245,0.103029,1.384117,0.092256,0.545788,1.891943,0.101741,1.127845,79.157436,51.406429,74.876959,50.350357,74.841112,64.936872,9.90424,1.711826,0.865123,0.41445,0.827632,-9.971948,675,0.324324,4.0,-13.276683
2024-05-03 11:20:00,0.152064,0.104686,0.049093,1.29126,0.094836,0.466887,1.805776,0.102143,1.054653,77.254812,48.597143,73.975673,50.003214,74.462081,66.841914,7.620167,1.660987,0.819715,-0.64011,0.775747,-10.064853,680,0.337838,4.0,-12.976652
2024-05-03 11:25:00,0.278892,0.084722,0.063784,1.280224,0.094908,0.464544,1.696345,0.100721,1.058072,78.152518,49.688571,74.481327,48.663214,74.120652,68.297662,5.82299,1.601191,0.821002,-0.214548,0.789532,-9.942519,685,0.351351,4.0,-11.460858
2024-05-03 11:30:00,0.170295,0.070792,0.062935,1.136911,0.091597,0.447932,1.61349,0.100083,1.045872,78.746686,53.96,74.815108,50.970714,73.537359,69.345601,4.191758,1.571141,0.810592,-0.909374,0.788793,-9.87327,690,0.364865,4.0,-10.430866
2024-05-03 11:35:00,-0.039821,0.04559,-0.000775,1.077696,0.094573,0.346928,1.653924,0.099135,0.942305,74.200352,50.588571,72.75069,51.186429,71.135893,69.703659,1.432233,1.488731,0.748453,1.323607,0.660659,-10.106377,695,0.378378,4.0,-9.633691
2024-05-03 11:40:00,0.066029,0.05909,0.054309,1.026254,0.09299,0.388413,1.652876,0.099124,0.984736,76.106827,49.695,73.715937,50.561071,69.863679,69.735663,0.128016,1.439126,0.778793,-1.033509,0.718926,-10.042713,700,0.391892,4.0,-8.445737
2024-05-03 11:45:00,-0.070856,0.100707,-0.074612,0.8922,0.103477,0.200519,1.35254,0.102009,0.784714,65.563357,53.532143,68.621918,52.291071,65.201361,68.828803,-3.627442,1.31334,0.64471,0.589825,0.499397,-10.222582,705,0.405405,4.0,-8.799551
2024-05-03 11:50:00,-0.131343,0.095062,-0.059064,0.733745,0.101528,0.168728,1.249529,0.101785,0.740192,64.752272,50.255714,68.211509,51.686429,60.564601,67.175963,-6.611361,1.212175,0.615102,-0.833115,0.472554,-10.298404,710,0.418919,4.0,-9.311944
2024-05-03 11:55:00,-0.173608,0.090506,-0.047185,0.758485,0.100747,0.142031,1.093925,0.100484,0.699637,64.037549,50.442857,67.858919,51.383571,56.039794,64.948729,-8.908935,1.062271,0.584802,-1.439667,0.414196,-10.326383,715,0.432432,4.0,-9.429368
2024-05-03 12:00:00,-0.109481,0.089853,-0.031369,0.757216,0.100771,0.128612,1.102246,0.100441,0.67215,64.042617,51.372857,67.860962,51.293214,51.85848,62.330679,-10.472199,0.861316,0.561059,-0.834621,0.357756,-10.255429,720,0.445946,4.0,-10.742294
2024-05-03 12:05:00,-0.136958,0.082412,0.015562,0.595342,0.091841,0.165917,1.204493,0.100054,0.69853,66.073101,49.298571,68.675152,50.865714,48.935246,59.651592,-10.716347,0.733692,0.60591,-0.121728,0.347964,-10.134482,725,0.459459,4.0,-10.951287
2024-05-03 12:10:00,-0.062488,0.052313,-0.050745,0.437744,0.095287,0.067055,0.978155,0.10012,0.582331,59.963638,46.115,65.779817,49.465714,44.506213,56.622517,-12.116304,0.599959,0.440341,0.256408,0.224846,-10.279381,730,0.472973,4.0,-11.345719
2024-05-03 12:15:00,0.03178,0.066678,0.019704,0.473231,0.096062,0.133392,1.117459,0.099853,0.636973,63.175426,43.802857,67.041939,49.045357,41.913823,53.680778,-11.766955,0.445939,0.546997,-0.92336,0.253577,-10.216851,735,0.486486,4.0,-10.740754
2024-05-03 12:20:00,0.050244,0.065934,0.017637,0.232069,0.080352,0.126788,1.287881,0.096304,0.618365,63.441054,43.135714,67.147616,48.359286,39.521565,50.848935,-11.32737,0.402749,0.540048,-0.376412,0.249228,-10.115619,740,0.5,4.0,-10.818265
2024-05-03 12:25:00,0.011566,0.069556,-0.013927,0.125335,0.079946,0.079811,1.106468,0.095261,0.556752,60.748595,43.835714,65.897425,47.621071,36.5324,47.985628,-11.453229,0.378971,0.424396,-0.287947,0.183849,-10.221733,745,0.513514,4.0,-12.78863
2024-05-03 12:30:00,-0.150232,0.076403,-0.080732,0.062417,0.083206,-0.024801,1.024086,0.096778,0.431334,53.899383,44.596429,62.540108,46.596786,31.926616,44.773826,-12.84721,0.354876,0.108685,1.784752,0.043626,-10.477448,750,0.527027,4.0,-12.819164
2024-05-03 12:35:00,-0.148843,0.076125,-0.114009,-0.130308,0.082248,-0.104091,0.918883,0.098034,0.327284,48.90256,44.661429,59.877806,47.175,26.399502,41.098961,-14.699459,0.401474,-0.05422,0.684317,-0.068212,-10.652614,755,0.540541,4.0,-11.463052
2024-05-03 12:40:00,-0.173371,0.067545,-0.038882,0.005328,0.081463,-0.043782,1.066161,0.096906,0.368143,51.868601,41.572143,60.942086,47.766071,22.727951,37.424759,-14.696808,0.399575,0.08172,-0.860377,-0.033213,-10.586175,760,0.554054,4.0,-13.357669
2024-05-03 12:45:00,-0.250676,0.064479,-0.073058,-0.204159,0.075974,-0.103555,1.078999,0.096643,0.285503,48.057806,42.04,58.887257,46.314286,18.37505,33.614817,-15.239767,0.452305,-0.003038,-1.224205,-0.107872,-10.627966,765,0.567568,4.0,-14.175358
2024-05-03 12:50:00,-0.18587,0.073344,-0.031107,-0.323324,0.067237,-0.069815,1.174023,0.095786,0.29973,49.548839,41.833571,59.417304,45.764286,15.209956,29.933845,-14.723889,0.470816,0.107051,1.44091,-0.104452,-10.395835,770,0.581081,4.0,-14.21584
2024-05-03 12:55:00,0.041724,0.088252,0.059644,-0.179513,0.073812,0.045904,1.288193,0.096736,0.404163,55.790075,43.247857,61.752554,48.39,14.633315,26.873739,-12.240424,0.461192,0.379418,-1.090365,-0.01525,-10.342535,775,0.594595,4.0,-15.598764
2024-05-03 13:00:00,0.249507,0.07853,0.117908,-0.03314,0.078792,0.147643,1.328946,0.097338,0.50132,60.863768,44.701429,63.851667,47.478571,16.035397,24.706071,-8.670673,0.45639,0.638554,-0.422239,0.087688,-10.240233,780,0.608108,4.0,-16.203872
2024-05-03 13:05:00,0.360779,0.09466,0.189768,0.086992,0.08684,0.284649,1.67752,0.094801,0.642571,66.722127,46.278571,66.562444,48.360714,19.829331,23.730723,-3.901391,0.485109,0.965447,-1.097238,0.238473,-10.184849,785,0.621622,4.0,-16.202892
2024-05-03 13:10:00,0.421392,0.073351,0.119534,0.046,0.086671,0.248093,1.552476,0.094293,0.607224,66.060965,45.337857,66.242614,48.355357,22.397122,23.464003,-1.06688,0.50016,0.926105,-0.077546,0.217986,-10.311306,790,0.635135,4.0,-17.576442
2024-05-03 13:15:00,0.308661,0.105563,0.022376,0.02417,0.087682,0.146564,1.537585,0.094639,0.500312,60.683718,45.155,63.610659,47.226786,22.669925,23.305187,-0.635262,0.504791,0.749336,0.329899,0.122111,-10.466393,795,0.648649,4.0,-17.335472
2024-05-03 13:20:00,0.301624,0.104625,0.090635,0.055504,0.089468,0.235491,1.714549,0.094421,0.590253,64.766879,46.725714,65.490494,46.420357,24.586909,23.561532,1.025377,0.523933,0.952027,1.672106,0.213619,-10.211822,800,0.662162,4.0,-16.97856
2024-05-03 13:25:00,0.229606,0.099663,0.090654,0.267435,0.080502,0.254137,1.65409,0.093884,0.610798,66.274732,46.416429,66.214048,45.109643,26.592786,24.167782,2.425004,0.581662,0.962288,-0.280027,0.245612,-10.096632,805,0.675676,4.0,-18.298329
2024-05-03 13:30:00,0.184911,0.08736,0.141843,0.403937,0.083756,0.34061,1.744626,0.09473,0.70472,69.999396,46.855714,68.083466,44.995714,29.973655,25.328957,4.644698,0.678331,1.047086,1.051023,0.342886,-9.884328,810,0.689189,4.0,-18.321927
2024-05-03 13:35:00,0.211012,0.084564,0.104996,0.431466,0.083431,0.322325,1.868676,0.092579,0.69209,70.451962,46.534286,68.317576,45.185,32.552927,26.773751,5.779176,0.759232,0.981055,-0.176166,0.34309,-9.759135,815,0.702703,4.0,-17.291728
2024-05-03 13:40:00,0.425206,0.050974,0.155096,0.559572,0.086525,0.407358,1.779959,0.089941,0.788232,73.898902,46.792857,70.162583,45.694643,36.414032,28.701807,7.712225,0.874181,1.032274,1.685474,0.443937,-9.504755,820,0.716216,4.0,-17.516269
2024-05-03 13:45:00,0.40534,0.048914,0.165896,0.598847,0.087596,0.453566,1.918819,0.089598,0.847868,76.106842,48.01,71.431646,46.335714,40.650693,31.091584,9.559109,1.005422,1.026605,-0.800566,0.527261,-9.425248,825,0.72973,4.0,-17.12838
2024-05-03 13:50:00,0.440953,0.044868,0.164452,0.772537,0.083391,0.483606,1.937709,0.089739,0.892632,77.847765,48.042857,72.47885,44.8075,44.909949,33.855257,11.054692,1.13015,1.006087,0.180856,0.584235,-9.277629,830,0.743243,4.0,-16.532045
2024-05-03 13:55:00,0.378492,0.041553,0.149515,0.751939,0.082975,0.491741,1.940152,0.08975,0.915339,79.065532,47.735714,73.233159,44.887857,48.775407,36.839287,11.936119,1.255771,0.973343,-1.328597,0.637217,-9.237022,835,0.756757,4.0,-16.812922
2024-05-03 14:00:00,0.412107,0.030793,0.132441,0.794708,0.08269,0.489393,1.814808,0.087666,0.9268,80.037098,47.763571,73.844327,44.798571,52.103211,39.892072,12.211139,1.37086,0.940593,-0.606855,0.670089,-9.144532,840,0.77027,4.0,-15.875356
2024-05-03 14:05:00,0.317082,0.024346,0.110222,0.866763,0.080654,0.472498,1.853959,0.087462,0.922049,80.683716,42.302143,74.252664,42.775,54.689459,42.851549,11.83791,1.464277,0.905411,0.215413,0.670662,-8.996066,845,0.783784,4.0,-15.534651
2024-05-03 14:10:00,0.254688,0.020479,0.094495,1.006805,0.07261,0.455962,1.750542,0.086349,0.916142,81.308483,40.676429,74.645995,42.688929,56.641313,45.609502,11.031811,1.519436,0.878387,0.576012,0.670033,-8.823423,850,0.797297,4.0,-16.569041
2024-05-03 14:15:00,0.277445,0.029377,0.132021,1.202759,0.065471,0.5064,1.890004,0.086315,0.980242,83.226809,38.515,75.899631,42.396786,59.327109,48.353023,10.974085,1.551908,0.898802,-1.434012,0.75655,-8.789763,855,0.810811,4.0,-16.089012
2024-05-03 14:20:00,0.177448,0.051301,0.061366,1.10601,0.069172,0.421708,1.703607,0.085617,0.902766,79.825049,39.192143,74.428138,42.265,60.060458,50.69451,9.365948,1.551733,0.837342,0.631578,0.677513,-8.965967,860,0.824324,4.0,-15.265335
2024-05-03 14:25:00,0.30155,0.080963,0.15629,1.352721,0.06731,0.538558,1.916653,0.087225,1.034785,83.060184,41.717857,76.47983,43.436429,62.965156,53.148639,9.816517,1.544798,0.907753,1.957621,0.79073,-8.691087,865,0.837838,4.0,-14.500629
2024-05-03 14:30:00,0.265861,0.085409,0.10237,1.323258,0.06854,0.484606,1.912524,0.087262,0.991229,82.840621,41.358571,76.382289,44.042143,64.477098,55.414331,9.062767,1.498215,0.874545,-1.499164,0.776166,-8.718375,870,0.851351,4.0,-15.183693
2024-05-03 14:35:00,0.334916,0.086603,0.135187,1.302824,0.067835,0.529478,1.795283,0.083927,1.04937,84.51018,41.512143,77.508594,43.964286,66.67868,57.667201,9.011479,1.484467,0.902194,-1.082619,0.855193,-8.66381,875,0.864865,4.0,-14.762047
2024-05-03 14:40:00,0.228588,0.088358,0.088408,1.181641,0.068242,0.476526,1.72648,0.083987,1.005366,84.288979,42.325,77.412708,44.590357,67.599821,59.653725,7.946096,1.468703,0.864581,-1.227816,0.826743,-8.705683,880,0.878378,4.0,-13.4264
2024-05-03 14:45:00,0.250534,0.083463,0.046914,0.994947,0.065292,0.414595,1.66242,0.084295,0.948101,82.620643,44.583571,76.707735,45.558929,67.236843,61.170349,6.066494,1.466548,0.818856,1.227604,0.757137,-8.92604,885,0.891892,4.0,-13.231531
2024-05-03 14:50:00,0.275395,0.092834,0.163197,1.205369,0.071555,0.554661,1.61234,0.08199,1.102452,85.920388,44.817857,78.898793,45.805357,69.641952,62.864669,6.777283,1.490964,0.906596,1.793014,0.883235,-8.657355,890,0.905405,4.0,-12.081788
2024-05-03 14:55:00,0.252669,0.096823,0.091852,1.2667,0.066136,0.478563,1.517543,0.082216,1.034191,83.727069,43.142857,77.924887,45.576429,70.289922,64.34972,5.940202,1.432265,0.86133,-0.607347,0.825132,-8.746487,895,0.918919,4.0,-10.814738
2024-05-03 15:00:00,0.034042,0.116,-0.017406,1.032572,0.076283,0.325738,1.442871,0.084209,0.87892,74.229775,42.187857,73.543451,45.115357,67.936053,65.066986,2.869067,1.344696,0.75848,0.828189,0.629258,-8.943433,900,0.932432,4.0,-10.883758
2024-05-03 15:05:00,-0.02856,0.120551,-0.055006,0.921023,0.080618,0.235572,1.272988,0.084545,0.781114,69.543117,45.755714,71.25143,46.745714,64.180901,64.889769,-0.708868,1.225277,0.692929,0.82518,0.50051,-9.138199,905,0.945946,4.0,-10.254773
2024-05-03 15:10:00,-0.038665,0.120894,-0.055416,0.769562,0.080137,0.187606,1.325523,0.083539,0.72305,67.560571,45.665714,70.271248,46.714643,60.016827,63.915181,-3.898354,1.118425,0.651897,0.941436,0.43567,-9.34396,910,0.959459,4.0,-10.57597
2024-05-03 15:15:00,-0.030379,0.124432,0.100459,0.961583,0.088224,0.356603,1.393539,0.085898,0.894007,73.524047,48.587857,73.087993,45.445,59.669739,63.066092,-3.396354,1.02372,0.82096,-0.222183,0.615772,-9.226446,915,0.972973,4.0,-9.537611
2024-05-03 15:20:00,0.015284,0.124337,0.080521,0.853344,0.086359,0.340996,1.266317,0.084187,0.878359,74.03222,46.755,73.346862,43.715714,59.07359,62.267592,-3.194002,0.953331,0.821406,-0.957354,0.572999,-9.165626,920,0.986486,4.0,-9.657356
2024-05-03 15:25:00,0.222228,0.107247,0.112877,0.848315,0.086211,0.388994,1.380192,0.084358,0.929646,76.181487,47.505714,74.459092,43.010357,59.486481,61.71137,-2.224889,0.916539,0.885277,-0.553059,0.636553,-9.077138,925,1.0,4.0,-10.235505
