timestamp,open,high,low,close,volume
2024-04-01 09:15:00,22400.0,22434.95,22392.08,22400.03,79383
2024-04-01 09:20:00,22396.66,22417.88,22379.32,22406.54,26901
2024-04-01 09:25:00,22407.72,22417.43,22377.49,22401.01,21071
2024-04-01 09:30:00,22403.26,22410.99,22367.22,22382.52,168648
2024-04-01 09:35:00,22388.57,22411.51,22352.56,22373.46,120324
2024-04-01 09:40:00,22371.12,22378.61,22344.01,22353.15,111767
2024-04-01 09:45:00,22355.17,22376.74,22339.67,22355.34,99366
2024-04-01 09:50:00,22356.35,22439.87,22338.66,22384.88,126940
2024-04-01 09:55:00,22381.45,22385.57,22367.5,22375.63,154686
2024-04-01 10:00:00,22375.56,22394.25,22362.54,22363.8,62012
2024-04-01 10:05:00,22362.92,22382.04,22360.06,22375.73,248356
2024-04-01 10:10:00,22367.92,22389.64,22319.47,22384.98,155569
2024-04-01 10:15:00,22386.99,22416.93,22386.71,22389.03,57577
2024-04-01 10:20:00,22390.85,22425.56,22366.45,22371.21,179491
2024-04-01 10:25:00,22369.74,22394.51,22362.41,22372.7,105374
2024-04-01 10:30:00,22368.21,22406.84,22367.54,22389.75,230832
2024-04-01 10:35:00,22394.72,22418.56,22358.66,22363.58,249945
2024-04-01 10:40:00,22364.47,22372.67,22333.65,22356.41,210791
2024-04-01 10:45:00,22359.82,22370.81,22278.98,22318.76,205650
2024-04-01 10:50:00,22323.48,22331.81,22288.35,22294.27,258880
2024-04-01 10:55:00,22292.53,22315.05,22226.1,22258.28,123149
2024-04-01 11:00:00,22260.99,22269.69,22251.24,22256.43,236386
2024-04-01 11:05:00,22255.62,22260.21,22230.09,22232.9,80960
2024-04-01 11:10:00,22232.7,22249.35,22209.62,22242.04,179940
2024-04-01 11:15:00,22241.75,22259.03,22208.31,22248.9,216790
2024-04-01 11:20:00,22248.89,22274.74,22241.27,22248.63,80408
2024-04-01 11:25:00,22252.35,22256.1,22188.25,22199.32,192033
2024-04-01 11:30:00,22199.73,22254.41,22168.46,22191.92,142053
2024-04-01 11:35:00,22191.41,22207.78,22175.59,22194.99,206139
2024-04-01 11:40:00,22194.07,22202.75,22193.27,22201.61,37517
2024-04-01 11:45:00,22202.75,22222.01,22132.43,22173.73,148929
2024-04-01 11:50:00,22170.75,22176.75,22166.66,22168.16,146951
2024-04-01 11:55:00,22166.49,22171.48,22151.95,22152.19,116649
2024-04-01 12:00:00,22152.02,22165.23,22127.09,22139.94,90118
2024-04-01 12:05:00,22138.06,22180.43,22131.38,22167.16,201691
2024-04-01 12:10:00,22166.76,22175.69,22153.14,22155.18,143762
2024-04-01 12:15:00,22153.15,22171.68,22138.47,22159.65,208299
2024-04-01 12:20:00,22166.31,22198.38,22157.04,22183.56,202427
2024-04-01 12:25:00,22187.98,22199.09,22141.29,22176.68,209649
2024-04-01 12:30:00,22178.17,22190.5,22175.71,22179.86,31866
2024-04-01 12:35:00,22179.69,22221.32,22148.76,22187.86,180965
2024-04-01 12:40:00,22195.15,22207.59,22191.74,22194.99,218633
2024-04-01 12:45:00,22196.07,22210.06,22167.78,22175.08,208944
2024-04-01 12:50:00,22174.8,22189.85,22155.2,22182.72,27231
2024-04-01 12:55:00,22183.73,22225.01,22155.11,22217.53,21068
2024-04-01 13:00:00,22218.55,22242.59,22175.85,22191.17,140305
2024-04-01 13:05:00,22195.87,22236.57,22179.84,22215.69,219454
2024-04-01 13:10:00,22215.63,22236.22,22213.48,22224.72,68924
2024-04-01 13:15:00,22231.72,22235.05,22198.63,22217.8,127934
2024-04-01 13:20:00,22214.86,22292.68,22194.28,22266.82,31950
2024-04-01 13:25:00,22269.14,22323.46,22268.83,22289.82,127738
2024-04-01 13:30:00,22286.47,22295.32,22267.82,22271.41,133753
2024-04-01 13:35:00,22277.48,22308.03,22268.41,22280.07,110529
2024-04-01 13:40:00,22278.96,22305.87,22278.53,22299.47,82127
2024-04-01 13:45:00,22299.28,22343.9,22291.67,22302.77,172304
2024-04-01 13:50:00,22305.86,22355.43,22296.5,22324.66,38917
2024-04-01 13:55:00,22328.86,22332.63,22320.73,22330.76,196748
2024-04-01 14:00:00,22327.04,22355.22,22325.72,22352.54,218660
2024-04-01 14:05:00,22351.38,22391.96,22337.93,22390.84,51041
2024-04-01 14:10:00,22386.16,22399.14,22354.28,22384.3,74415
2024-04-01 14:15:00,22384.76,22407.29,22371.19,22396.55,140151
2024-04-01 14:20:00,22396.21,22428.26,22384.73,22394.71,227953
2024-04-01 14:25:00,22393.54,22427.45,22393.24,22405.53,230173
2024-04-01 14:30:00,22403.23,22413.89,22364.61,22388.47,163618
2024-04-01 14:35:00,22387.18,22396.59,22350.4,22384.44,29809
2024-04-01 14:40:00,22381.93,22423.44,22379.34,22388.64,98484
2024-04-01 14:45:00,22390.41,22434.8,22345.79,22416.22,148611
2024-04-01 14:50:00,22421.32,22456.02,22400.19,22449.18,35606
2024-04-01 14:55:00,22442.68,22480.16,22419.37,22429.6,121802
2024-04-01 15:00:00,22429.21,22432.48,22375.92,22421.38,214771
2024-04-01 15:05:00,22419.98,22454.84,22382.45,22443.96,29398
2024-04-01 15:10:00,22445.61,22447.24,22407.26,22410.36,47834
2024-04-01 15:15:00,22407.17,22434.56,22405.6,22409.43,189168
2024-04-01 15:20:00,22408.94,22432.3,22406.64,22416.35,195620
2024-04-01 15:25:00,22412.86,22477.58,22396.62,22452.21,264440
2024-04-02 09:15:00,22454.56,22480.43,22410.98,22476.08,148279
2024-04-02 09:20:00,22476.41,22494.88,22473.15,22478.31,92038
2024-04-02 09:25:00,22477.76,22500.46,22460.32,22479.72,119810
2024-04-02 09:30:00,22480.97,22498.53,22447.0,22483.72,96640
2024-04-02 09:35:00,22482.88,22530.46,22470.43,22525.7,41914
2024-04-02 09:40:00,22520.45,22537.24,22512.93,22526.01,217881
2024-04-02 09:45:00,22528.02,22539.4,22503.84,22529.04,112646
2024-04-02 09:50:00,22530.01,22549.18,22526.83,22546.17,109593
2024-04-02 09:55:00,22545.65,22596.33,22532.59,22553.22,22266
2024-04-02 10:00:00,22556.55,22562.84,22551.78,22558.68,94378
2024-04-02 10:05:00,22562.8,22580.72,22523.67,22544.54,197996
2024-04-02 10:10:00,22540.85,22562.89,22521.13,22554.06,22657
2024-04-02 10:15:00,22551.42,22555.22,22548.16,22554.37,175207
2024-04-02 10:20:00,22559.61,22624.09,22539.09,22589.24,105171
2024-04-02 10:25:00,22594.04,22613.68,22578.52,22613.17,52777
2024-04-02 10:30:00,22610.66,22646.87,22591.21,22622.6,115525
2024-04-02 10:35:00,22618.59,22689.74,22611.06,22646.96,143824
2024-04-02 10:40:00,22644.79,22674.06,22643.84,22649.67,189095
2024-04-02 10:45:00,22647.97,22696.4,22634.61,22682.38,64996
2024-04-02 10:50:00,22676.99,22693.43,22674.37,22692.35,205033
2024-04-02 10:55:00,22692.46,22727.32,22661.25,22715.05,191920
2024-04-02 11:00:00,22710.69,22713.97,22684.33,22697.35,175934
2024-04-02 11:05:00,22693.23,22727.52,22674.05,22714.99,64152
2024-04-02 11:10:00,22718.11,22734.14,22671.05,22688.75,68474
2024-04-02 11:15:00,22686.43,22705.45,22622.12,22655.09,63887
2024-04-02 11:20:00,22654.84,22678.78,22647.41,22658.71,177230
2024-04-02 11:25:00,22660.85,22697.11,22633.68,22649.52,84086
2024-04-02 11:30:00,22652.29,22683.89,22619.87,22663.24,194642
2024-04-02 11:35:00,22662.1,22755.9,22656.15,22721.85,288004
2024-04-02 11:40:00,22722.0,22750.05,22678.62,22714.12,211736
2024-04-02 11:45:00,22711.31,22734.45,22675.42,22710.88,202265
2024-04-02 11:50:00,22716.83,22729.62,22700.81,22725.53,165098
2024-04-02 11:55:00,22727.74,22750.87,22690.08,22746.4,116401
2024-04-02 12:00:00,22742.63,22776.52,22725.19,22752.81,91518
2024-04-02 12:05:00,22752.82,22784.36,22734.78,22758.57,198796
2024-04-02 12:10:00,22761.0,22794.32,22737.68,22783.97,163289
2024-04-02 12:15:00,22785.61,22832.7,22778.91,22805.43,106565
2024-04-02 12:20:00,22811.69,22819.58,22784.75,22793.23,115399
2024-04-02 12:25:00,22797.92,22801.75,22794.75,22801.68,61637
2024-04-02 12:30:00,22799.84,22821.67,22771.92,22812.59,47078
2024-04-02 12:35:00,22812.29,22841.54,22788.54,22799.87,228053
2024-04-02 12:40:00,22795.49,22831.74,22781.2,22815.6,253295
2024-04-02 12:45:00,22816.45,22818.67,22797.11,22807.08,27013
2024-04-02 12:50:00,22807.6,22850.73,22792.61,22838.2,53684
2024-04-02 12:55:00,22847.46,22860.06,22832.54,22852.41,204936
2024-04-02 13:00:00,22852.74,22866.96,22843.8,22864.34,114492
2024-04-02 13:05:00,22857.16,22881.4,22849.28,22861.46,233693
2024-04-02 13:10:00,22859.15,22897.85,22846.65,22868.8,225053
2024-04-02 13:15:00,22869.18,22884.95,22828.13,22835.3,41528
2024-04-02 13:20:00,22830.99,22857.05,22799.67,22820.57,137762
2024-04-02 13:25:00,22817.6,22846.52,22778.71,22838.21,223270
2024-04-02 13:30:00,22836.96,22843.25,22777.26,22801.78,37979
2024-04-02 13:35:00,22802.95,22836.33,22781.95,22829.79,212304
2024-04-02 13:40:00,22829.22,22835.4,22778.09,22801.55,88944
2024-04-02 13:45:00,22798.51,22837.92,22771.08,22827.5,30211
2024-04-02 13:50:00,22830.2,22864.13,22810.93,22818.67,168942
2024-04-02 13:55:00,22816.82,22849.14,22802.56,22845.01,128709
2024-04-02 14:00:00,22843.29,22877.11,22836.67,22857.23,65498
2024-04-02 14:05:00,22852.5,22862.52,22830.54,22833.2,82921
2024-04-02 14:10:00,22830.51,22907.36,22821.14,22869.57,209090
2024-04-02 14:15:00,22871.81,22911.79,22861.39,22910.12,119773
2024-04-02 14:20:00,22904.57,22943.23,22899.04,22917.83,214780
2024-04-02 14:25:00,22917.59,22929.97,22892.12,22920.94,104013
2024-04-02 14:30:00,22923.41,22936.59,22912.64,22926.45,32899
2024-04-02 14:35:00,22925.16,22939.38,22913.69,22914.14,110690
2024-04-02 14:40:00,22914.96,22949.87,22912.77,22946.91,60852
2024-04-02 14:45:00,22943.07,22981.76,22936.07,22943.84,20408
2024-04-02 14:50:00,22948.35,22975.28,22933.38,22951.41,225977
2024-04-02 14:55:00,22955.2,22989.01,22930.5,22942.72,80886
2024-04-02 15:00:00,22943.53,22964.35,22935.39,22937.58,242084
2024-04-02 15:05:00,22931.55,22936.37,22884.99,22918.17,88665
2024-04-02 15:10:00,22914.57,22971.15,22868.71,22953.89,267582
2024-04-02 15:15:00,22957.25,22971.79,22917.15,22958.77,165263
2024-04-02 15:20:00,22964.67,22993.84,22932.87,22988.0,52293
2024-04-02 15:25:00,22989.03,23030.49,22951.23,22996.36,178138
2024-04-03 09:15:00,23000.66,23008.15,22979.38,22989.15,18902
2024-04-03 09:20:00,22987.06,23011.03,22956.49,22989.88,185123
2024-04-03 09:25:00,22989.23,23042.37,22975.94,22985.41,118035
2024-04-03 09:30:00,22985.41,22997.65,22951.68,22993.24,164299
2024-04-03 09:35:00,22994.7,22998.6,22954.36,22992.59,35585
2024-04-03 09:40:00,22987.32,23017.21,22967.75,22993.48,217250
2024-04-03 09:45:00,22996.73,23006.63,22921.67,22970.72,57564
2024-04-03 09:50:00,22975.27,23001.95,22947.46,22960.33,147231
2024-04-03 09:55:00,22956.37,23023.87,22941.29,23003.55,35711
2024-04-03 10:00:00,22998.87,23004.29,22985.03,22995.88,90196
2024-04-03 10:05:00,22997.09,23008.73,22970.63,22979.74,242664
2024-04-03 10:10:00,22977.49,23008.04,22950.58,22993.87,28408
2024-04-03 10:15:00,22985.69,23041.67,22959.32,23031.29,30197
2024-04-03 10:20:00,23034.08,23060.75,22958.07,23006.02,197076
2024-04-03 10:25:00,23006.56,23027.99,22995.46,23007.87,106689
2024-04-03 10:30:00,23006.23,23043.52,22999.96,23000.34,147046
2024-04-03 10:35:00,23007.63,23016.03,22954.46,22968.04,189483
2024-04-03 10:40:00,22968.52,23013.72,22965.51,22990.11,58957
2024-04-03 10:45:00,22987.51,23004.59,22982.74,22995.5,157562
2024-04-03 10:50:00,22995.85,23021.7,22987.54,23002.83,135317
2024-04-03 10:55:00,22999.24,23016.18,22967.17,22992.04,101461
2024-04-03 11:00:00,22989.41,23025.68,22960.37,23007.49,241400
2024-04-03 11:05:00,23008.82,23022.92,22985.91,23001.08,38698
2024-04-03 11:10:00,22999.17,23034.06,22992.87,23003.2,153686
2024-04-03 11:15:00,23001.65,23029.06,22940.9,22984.1,36880
2024-04-03 11:20:00,22989.86,22999.6,22940.5,22962.53,93936
2024-04-03 11:25:00,22965.49,23000.93,22927.48,22996.52,119935
2024-04-03 11:30:00,22999.29,23016.5,22979.8,22990.14,202010
2024-04-03 11:35:00,22991.96,23005.2,22990.46,23001.06,188341
2024-04-03 11:40:00,23002.73,23028.54,22975.62,23004.74,107159
2024-04-03 11:45:00,23009.77,23039.72,22999.0,22999.38,209230
2024-04-03 11:50:00,22999.31,23018.3,22948.37,22992.41,21907
2024-04-03 11:55:00,22998.81,23037.59,22992.94,23010.17,186355
2024-04-03 12:00:00,23006.89,23025.22,22972.82,23007.42,36085
2024-04-03 12:05:00,23006.54,23044.83,22999.36,23007.81,90887
2024-04-03 12:10:00,23003.05,23055.44,22979.3,23011.85,235116
2024-04-03 12:15:00,23010.66,23042.21,23003.13,23040.99,55597
2024-04-03 12:20:00,23042.79,23064.24,23014.63,23059.16,41545
2024-04-03 12:25:00,23064.18,23084.7,23054.65,23070.66,39988
2024-04-03 12:30:00,23068.37,23090.51,23053.47,23061.28,198935
2024-04-03 12:35:00,23061.3,23104.9,23008.41,23033.84,133862
2024-04-03 12:40:00,23032.6,23057.84,22991.16,23057.29,27086
2024-04-03 12:45:00,23054.74,23126.83,23039.8,23080.99,117800
2024-04-03 12:50:00,23076.87,23088.2,23069.87,23080.26,112394
2024-04-03 12:55:00,23080.47,23094.72,23077.92,23094.36,43163
2024-04-03 13:00:00,23088.36,23127.56,23081.58,23113.57,86643
2024-04-03 13:05:00,23113.96,23150.64,23088.55,23133.74,122648
2024-04-03 13:10:00,23133.81,23156.23,23131.38,23155.76,102457
2024-04-03 13:15:00,23153.47,23173.49,23139.29,23147.33,145617
2024-04-03 13:20:00,23143.82,23186.18,23135.26,23182.12,43335
2024-04-03 13:25:00,23177.31,23185.04,23131.35,23155.97,122064
2024-04-03 13:30:00,23162.47,23183.36,23160.62,23176.07,115616
2024-04-03 13:35:00,23171.4,23194.51,23135.63,23187.93,218916
2024-04-03 13:40:00,23193.34,23209.16,23173.73,23208.0,201089
2024-04-03 13:45:00,23210.09,23280.58,23189.3,23250.13,197005
2024-04-03 13:50:00,23248.86,23298.63,23243.66,23283.45,151836
2024-04-03 13:55:00,23279.41,23284.51,23249.65,23258.49,214964
2024-04-03 14:00:00,23262.12,23313.26,23209.77,23221.4,54138
2024-04-03 14:05:00,23227.42,23254.43,23205.85,23239.46,193021
2024-04-03 14:10:00,23236.2,23251.98,23180.59,23216.94,213996
2024-04-03 14:15:00,23215.9,23235.54,23179.1,23216.38,186444
2024-04-03 14:20:00,23220.05,23276.26,23214.1,23234.47,226252
2024-04-03 14:25:00,23235.64,23259.48,23191.48,23197.62,228177
2024-04-03 14:30:00,23204.58,23223.88,23106.08,23150.42,141145
2024-04-03 14:35:00,23148.44,23177.41,23146.96,23155.22,222053
2024-04-03 14:40:00,23157.1,23166.68,23142.99,23155.13,97771
2024-04-03 14:45:00,23150.79,23155.38,23147.44,23148.5,73225
2024-04-03 14:50:00,23155.78,23181.29,23122.61,23147.98,21993
2024-04-03 14:55:00,23145.44,23145.82,23116.45,23127.53,29099
2024-04-03 15:00:00,23119.87,23121.96,23085.45,23092.62,38239
2024-04-03 15:05:00,23092.18,23103.59,23082.47,23087.13,39936
2024-04-03 15:10:00,23086.64,23120.49,23057.38,23063.84,110525
2024-04-03 15:15:00,23070.46,23092.55,23000.95,23025.72,100262
2024-04-03 15:20:00,23024.55,23036.46,22982.14,23034.49,44636
2024-04-03 15:25:00,23034.44,23063.39,23028.68,23030.7,152671
2024-04-04 09:15:00,23032.75,23053.39,23024.75,23037.0,238957
2024-04-04 09:20:00,23042.48,23054.48,23007.06,23012.61,27623
2024-04-04 09:25:00,23012.4,23027.33,22955.11,22995.34,171879
2024-04-04 09:30:00,22998.93,23017.37,22954.7,22970.49,217629
2024-04-04 09:35:00,22972.27,22979.74,22931.17,22947.96,95171
2024-04-04 09:40:00,22946.94,22954.93,22942.92,22948.89,107124
2024-04-04 09:45:00,22949.16,22962.64,22918.62,22928.35,159779
2024-04-04 09:50:00,22928.45,22942.77,22894.65,22932.48,84460
2024-04-04 09:55:00,22929.33,22953.77,22920.79,22936.12,56131
2024-04-04 10:00:00,22940.29,22983.1,22902.88,22976.36,229229
2024-04-04 10:05:00,22971.59,23019.9,22923.14,22941.92,251566
2024-04-04 10:10:00,22945.95,22982.04,22940.12,22957.08,211736
2024-04-04 10:15:00,22960.37,22970.17,22950.2,22950.78,132362
2024-04-04 10:20:00,22950.46,22972.47,22944.17,22945.99,213368
2024-04-04 10:25:00,22943.36,22946.64,22907.63,22909.79,197941
2024-04-04 10:30:00,22909.01,22925.75,22850.3,22895.02,178003
2024-04-04 10:35:00,22896.65,22933.58,22886.99,22906.3,61000
2024-04-04 10:40:00,22908.86,22919.9,22874.98,22899.48,32718
2024-04-04 10:45:00,22900.47,22921.48,22884.15,22896.08,124819
2024-04-04 10:50:00,22899.49,22928.32,22871.61,22884.46,61426
2024-04-04 10:55:00,22882.55,22905.26,22879.58,22904.15,190126
2024-04-04 11:00:00,22904.95,22926.49,22886.37,22898.12,156706
2024-04-04 11:05:00,22892.73,22913.97,22827.72,22844.63,125907
2024-04-04 11:10:00,22847.24,22850.69,22789.25,22823.81,144158
2024-04-04 11:15:00,22824.33,22838.22,22773.66,22775.25,38662
2024-04-04 11:20:00,22773.83,22777.38,22692.78,22698.98,172531
2024-04-04 11:25:00,22702.94,22718.26,22676.94,22681.41,130666
2024-04-04 11:30:00,22683.77,22725.76,22680.02,22703.9,44131
2024-04-04 11:35:00,22694.31,22718.75,22665.17,22698.53,205208
2024-04-04 11:40:00,22698.66,22724.52,22656.31,22666.76,148958
2024-04-04 11:45:00,22661.81,22671.48,22616.33,22639.9,133451
2024-04-04 11:50:00,22643.52,22678.42,22580.63,22657.5,186054
2024-04-04 11:55:00,22665.96,22669.44,22646.7,22654.05,238728
2024-04-04 12:00:00,22652.29,22682.1,22625.84,22648.13,131655
2024-04-04 12:05:00,22648.38,22648.47,22599.0,22639.91,146875
2024-04-04 12:10:00,22639.06,22644.96,22632.26,22633.56,176422
2024-04-04 12:15:00,22634.75,22647.69,22600.47,22643.6,222501
2024-04-04 12:20:00,22645.79,22659.03,22633.08,22648.1,99718
2024-04-04 12:25:00,22652.47,22658.89,22633.75,22645.25,25513
2024-04-04 12:30:00,22641.89,22641.97,22579.47,22615.23,188332
2024-04-04 12:35:00,22620.56,22649.89,22606.64,22618.52,160232
2024-04-04 12:40:00,22615.36,22616.23,22573.85,22596.04,55073
2024-04-04 12:45:00,22596.98,22628.96,22571.8,22611.64,139456
2024-04-04 12:50:00,22615.57,22624.71,22561.0,22576.39,170526
2024-04-04 12:55:00,22578.8,22580.7,22544.81,22565.37,101721
2024-04-04 13:00:00,22562.2,22566.07,22505.24,22557.06,42625
2024-04-04 13:05:00,22554.69,22588.06,22497.5,22520.47,250163
2024-04-04 13:10:00,22518.91,22580.74,22518.07,22549.01,176284
2024-04-04 13:15:00,22548.84,22578.03,22520.23,22571.9,41929
2024-04-04 13:20:00,22575.78,22585.41,22525.97,22553.46,42353
2024-04-04 13:25:00,22549.09,22568.73,22539.28,22561.41,129899
2024-04-04 13:30:00,22562.99,22581.12,22542.07,22560.86,207597
2024-04-04 13:35:00,22562.93,22589.27,22493.61,22496.2,108266
2024-04-04 13:40:00,22498.08,22508.13,22492.14,22492.75,66536
2024-04-04 13:45:00,22494.33,22494.73,22478.27,22482.58,240538
2024-04-04 13:50:00,22487.7,22508.56,22438.0,22475.42,166313
2024-04-04 13:55:00,22477.06,22496.17,22422.58,22443.44,216069
2024-04-04 14:00:00,22446.33,22455.76,22409.42,22428.64,98032
2024-04-04 14:05:00,22430.54,22435.94,22408.61,22415.73,65802
2024-04-04 14:10:00,22421.76,22436.31,22421.21,22431.86,46308
2024-04-04 14:15:00,22425.46,22429.82,22418.61,22429.73,46751
2024-04-04 14:20:00,22434.05,22437.13,22387.82,22420.31,145248
2024-04-04 14:25:00,22419.43,22456.26,22409.89,22443.53,25443
2024-04-04 14:30:00,22442.58,22446.79,22420.59,22422.27,145646
2024-04-04 14:35:00,22419.01,22425.02,22395.08,22404.51,61990
2024-04-04 14:40:00,22398.23,22404.44,22326.97,22356.38,226349
2024-04-04 14:45:00,22355.1,22391.18,22343.94,22380.18,245703
2024-04-04 14:50:00,22377.87,22411.85,22375.58,22391.08,199505
2024-04-04 14:55:00,22392.74,22410.84,22388.52,22400.94,220156
2024-04-04 15:00:00,22395.99,22413.88,22393.6,22405.47,215597
2024-04-04 15:05:00,22410.28,22414.72,22382.18,22398.08,201393
2024-04-04 15:10:00,22398.99,22407.37,22383.23,22392.89,128497
2024-04-04 15:15:00,22392.06,22437.95,22371.29,22377.73,113384
2024-04-04 15:20:00,22375.35,22390.63,22349.46,22363.57,126900
2024-04-04 15:25:00,22360.93,22365.3,22350.21,22354.86,129344
2024-04-05 09:15:00,22351.07,22382.44,22350.79,22377.09,62791
2024-04-05 09:20:00,22375.27,22402.23,22364.89,22378.98,146805
2024-04-05 09:25:00,22379.0,22381.36,22333.93,22367.8,39350
2024-04-05 09:30:00,22367.2,22403.36,22319.41,22345.53,215603
2024-04-05 09:35:00,22340.79,22359.55,22297.11,22322.09,41007
2024-04-05 09:40:00,22321.2,22358.82,22303.43,22346.1,20778
2024-04-05 09:45:00,22343.11,22358.76,22341.91,22346.85,214275
2024-04-05 09:50:00,22347.38,22349.64,22315.03,22338.26,60259
2024-04-05 09:55:00,22344.51,22363.76,22319.23,22320.89,34545
2024-04-05 10:00:00,22322.98,22326.11,22269.39,22287.37,166964
2024-04-05 10:05:00,22286.32,22294.8,22253.44,22275.93,29300
2024-04-05 10:10:00,22270.5,22286.44,22265.82,22284.4,51065
2024-04-05 10:15:00,22279.67,22297.82,22262.71,22266.07,120275
2024-04-05 10:20:00,22260.43,22267.05,22248.63,22251.25,239825
2024-04-05 10:25:00,22253.67,22267.17,22215.54,22236.57,219302
2024-04-05 10:30:00,22234.02,22274.51,22211.53,22228.89,28773
2024-04-05 10:35:00,22229.1,22252.92,22179.7,22185.3,112462
2024-04-05 10:40:00,22183.23,22229.94,22140.45,22170.39,248319
2024-04-05 10:45:00,22170.69,22197.29,22135.43,22142.47,56502
2024-04-05 10:50:00,22147.13,22157.5,22144.0,22151.17,67949
2024-04-05 10:55:00,22148.89,22165.78,22088.29,22125.06,220506
2024-04-05 11:00:00,22123.93,22132.85,22115.24,22127.32,61594
2024-04-05 11:05:00,22124.64,22169.2,22123.85,22149.53,50992
2024-04-05 11:10:00,22152.43,22166.89,22108.22,22133.09,119722
2024-04-05 11:15:00,22129.69,22140.14,22109.49,22110.65,236481
2024-04-05 11:20:00,22106.89,22126.0,22104.4,22104.9,163336
2024-04-05 11:25:00,22100.3,22127.39,22090.94,22095.13,243850
2024-04-05 11:30:00,22090.46,22130.82,22035.91,22064.59,264772
2024-04-05 11:35:00,22066.15,22071.96,22044.52,22064.6,156306
2024-04-05 11:40:00,22073.1,22111.14,22063.56,22097.26,140206
2024-04-05 11:45:00,22093.96,22121.97,22077.71,22082.25,244148
2024-04-05 11:50:00,22085.4,22097.66,22046.84,22068.45,229605
2024-04-05 11:55:00,22069.28,22073.63,22031.75,22037.07,157998
2024-04-05 12:00:00,22033.43,22054.81,22004.58,22034.31,218117
2024-04-05 12:05:00,22033.4,22063.52,21987.24,21998.85,131315
2024-04-05 12:10:00,21998.08,22018.85,21946.51,21966.41,267965
2024-04-05 12:15:00,21964.14,22023.79,21954.73,21983.86,110581
2024-04-05 12:20:00,21990.23,22002.03,21925.3,21955.75,109166
2024-04-05 12:25:00,21949.48,21979.96,21906.66,21969.16,106763
2024-04-05 12:30:00,21970.42,21992.16,21962.72,21991.89,134824
2024-04-05 12:35:00,21992.99,22016.24,21975.72,21988.27,18819
2024-04-05 12:40:00,21986.35,22001.43,21981.98,21990.84,23039
2024-04-05 12:45:00,21991.34,22030.34,21981.52,22022.73,154163
2024-04-05 12:50:00,22025.63,22040.12,22002.05,22009.75,108681
2024-04-05 12:55:00,22010.25,22061.09,21985.31,21988.56,252067
2024-04-05 13:00:00,21989.94,22004.32,21940.9,21951.61,111111
2024-04-05 13:05:00,21953.89,21962.3,21935.94,21943.85,148879
2024-04-05 13:10:00,21937.16,21997.02,21923.55,21966.14,49785
2024-04-05 13:15:00,21971.01,22004.29,21950.92,21977.68,42932
2024-04-05 13:20:00,21985.19,22007.77,21930.62,21949.62,226128
2024-04-05 13:25:00,21952.85,21960.25,21908.58,21923.47,166627
2024-04-05 13:30:00,21926.8,21939.72,21840.87,21904.74,86128
2024-04-05 13:35:00,21900.12,21916.36,21881.51,21902.68,215259
2024-04-05 13:40:00,21902.29,21908.55,21885.31,21890.36,49410
2024-04-05 13:45:00,21887.69,21921.96,21881.64,21886.85,177355
2024-04-05 13:50:00,21884.92,21915.09,21854.22,21885.14,43939
2024-04-05 13:55:00,21888.32,21903.47,21841.99,21871.15,42296
2024-04-05 14:00:00,21868.51,21876.1,21855.49,21862.62,24249
2024-04-05 14:05:00,21862.2,21874.33,21848.26,21859.32,152085
2024-04-05 14:10:00,21853.06,21869.01,21845.7,21850.08,192719
2024-04-05 14:15:00,21849.56,21874.11,21843.92,21853.14,75726
2024-04-05 14:20:00,21853.43,21891.57,21839.64,21884.7,153777
2024-04-05 14:25:00,21882.38,21903.71,21871.24,21889.8,191796
2024-04-05 14:30:00,21887.43,21891.7,21876.09,21883.85,137526
2024-04-05 14:35:00,21890.04,21920.92,21815.26,21841.83,57698
2024-04-05 14:40:00,21837.87,21866.86,21826.57,21842.99,110379
2024-04-05 14:45:00,21839.55,21855.75,21794.81,21795.87,215527
2024-04-05 14:50:00,21793.23,21795.66,21740.11,21760.07,266286
2024-04-05 14:55:00,21763.98,21787.57,21738.08,21771.2,208479
2024-04-05 15:00:00,21778.06,21790.74,21757.91,21779.38,105364
2024-04-05 15:05:00,21780.47,21797.46,21734.33,21769.96,45093
2024-04-05 15:10:00,21767.62,21785.67,21709.74,21728.43,144629
2024-04-05 15:15:00,21727.04,21734.62,21697.5,21714.69,93678
2024-04-05 15:20:00,21718.16,21737.12,21690.99,21694.75,185340
2024-04-05 15:25:00,21691.78,21704.87,21667.48,21702.04,70203
2024-04-08 09:15:00,21706.77,21771.41,21704.26,21742.91,262228
2024-04-08 09:20:00,21747.53,21782.08,21719.67,21741.78,42229
2024-04-08 09:25:00,21742.01,21745.39,21716.79,21720.21,227228
2024-04-08 09:30:00,21722.32,21749.19,21650.63,21690.72,79166
2024-04-08 09:35:00,21693.16,21701.56,21656.51,21684.34,219364
2024-04-08 09:40:00,21689.4,21702.54,21663.53,21675.6,235249
2024-04-08 09:45:00,21672.18,21707.83,21645.49,21646.94,65673
2024-04-08 09:50:00,21650.77,21657.4,21643.47,21644.49,231871
2024-04-08 09:55:00,21643.28,21670.52,21609.83,21616.14,254558
2024-04-08 10:00:00,21613.65,21663.31,21608.71,21634.41,96891
2024-04-08 10:05:00,21634.74,21668.78,21613.23,21651.81,215431
2024-04-08 10:10:00,21651.11,21674.53,21638.17,21669.81,41477
2024-04-08 10:15:00,21666.6,21669.21,21637.73,21655.86,96495
2024-04-08 10:20:00,21650.68,21662.57,21618.97,21662.4,23772
2024-04-08 10:25:00,21659.33,21666.09,21631.8,21655.76,202228
2024-04-08 10:30:00,21660.47,21692.75,21629.74,21643.97,68820
2024-04-08 10:35:00,21650.35,21686.44,21628.44,21633.36,239669
2024-04-08 10:40:00,21635.47,21636.32,21578.52,21603.16,185512
2024-04-08 10:45:00,21607.0,21620.91,21561.93,21570.18,208178
2024-04-08 10:50:00,21568.51,21605.88,21546.65,21583.24,101931
2024-04-08 10:55:00,21582.99,21591.2,21575.35,21576.23,187305
2024-04-08 11:00:00,21577.15,21586.59,21556.89,21577.72,224996
2024-04-08 11:05:00,21574.22,21603.18,21566.16,21595.45,219246
2024-04-08 11:10:00,21592.24,21605.21,21514.19,21557.26,22507
2024-04-08 11:15:00,21557.57,21577.25,21526.57,21538.69,229617
2024-04-08 11:20:00,21537.65,21547.6,21513.12,21539.89,136152
2024-04-08 11:25:00,21536.46,21546.63,21526.06,21545.68,196049
2024-04-08 11:30:00,21546.93,21574.46,21531.06,21535.87,218207
2024-04-08 11:35:00,21535.02,21560.9,21525.42,21554.98,38068
2024-04-08 11:40:00,21558.28,21574.89,21547.4,21557.48,137046
2024-04-08 11:45:00,21557.46,21568.22,21503.82,21530.98,71439
2024-04-08 11:50:00,21530.01,21551.7,21485.34,21510.43,117558
2024-04-08 11:55:00,21510.84,21565.68,21495.64,21525.52,47645
2024-04-08 12:00:00,21524.96,21569.65,21496.24,21533.77,155324
2024-04-08 12:05:00,21531.62,21558.47,21464.66,21493.88,141715
2024-04-08 12:10:00,21492.58,21529.86,21488.69,21520.47,29211
2024-04-08 12:15:00,21522.89,21532.27,21516.63,21531.91,34129
2024-04-08 12:20:00,21533.99,21560.28,21531.1,21558.75,127721
2024-04-08 12:25:00,21562.91,21564.21,21540.8,21550.39,145130
2024-04-08 12:30:00,21544.92,21558.95,21540.01,21543.98,162223
2024-04-08 12:35:00,21542.71,21551.86,21515.05,21520.73,244886
2024-04-08 12:40:00,21519.39,21597.12,21518.39,21572.59,134567
2024-04-08 12:45:00,21573.15,21597.29,21547.25,21569.08,239358
2024-04-08 12:50:00,21567.61,21642.93,21544.12,21601.86,261756
2024-04-08 12:55:00,21600.2,21645.9,21562.74,21588.96,27736
2024-04-08 13:00:00,21591.49,21596.26,21582.93,21592.84,64771
2024-04-08 13:05:00,21593.41,21621.7,21556.82,21559.25,193280
2024-04-08 13:10:00,21555.47,21564.85,21521.1,21552.22,51338
2024-04-08 13:15:00,21556.53,21589.43,21542.58,21573.33,54131
2024-04-08 13:20:00,21576.55,21576.59,21531.02,21548.79,226186
2024-04-08 13:25:00,21546.94,21588.77,21540.58,21572.0,229678
2024-04-08 13:30:00,21574.69,21603.77,21557.54,21580.31,170386
2024-04-08 13:35:00,21577.93,21595.38,21533.97,21560.46,26983
2024-04-08 13:40:00,21564.1,21578.85,21548.56,21551.87,189726
2024-04-08 13:45:00,21551.16,21556.06,21522.33,21544.3,42205
2024-04-08 13:50:00,21541.7,21566.67,21534.25,21545.25,160066
2024-04-08 13:55:00,21544.05,21571.0,21504.24,21536.39,93167
2024-04-08 14:00:00,21533.92,21540.57,21514.05,21521.72,251471
2024-04-08 14:05:00,21522.34,21550.42,21511.43,21517.89,19479
2024-04-08 14:10:00,21518.46,21526.12,21487.72,21499.44,29287
2024-04-08 14:15:00,21499.56,21533.9,21460.58,21475.79,181341
2024-04-08 14:20:00,21474.0,21490.87,21467.0,21477.62,29777
2024-04-08 14:25:00,21465.82,21503.04,21448.69,21498.59,69249
2024-04-08 14:30:00,21498.89,21545.29,21469.73,21470.47,260664
2024-04-08 14:35:00,21464.36,21493.86,21461.53,21473.76,180278
2024-04-08 14:40:00,21474.55,21491.99,21443.56,21463.87,74843
2024-04-08 14:45:00,21467.51,21478.52,21430.58,21447.45,244551
2024-04-08 14:50:00,21448.33,21469.43,21443.66,21468.48,212422
2024-04-08 14:55:00,21467.22,21468.95,21455.53,21461.68,125916
2024-04-08 15:00:00,21461.1,21525.46,21457.51,21496.15,50834
2024-04-08 15:05:00,21495.72,21513.82,21480.61,21484.27,128460
2024-04-08 15:10:00,21482.5,21506.68,21451.09,21496.33,77359
2024-04-08 15:15:00,21494.45,21526.81,21447.84,21495.99,239549
2024-04-08 15:20:00,21493.02,21502.44,21483.13,21485.03,154585
2024-04-08 15:25:00,21488.86,21510.46,21481.32,21501.59,93723
2024-04-09 09:15:00,21501.54,21511.29,21478.19,21503.12,157984
2024-04-09 09:20:00,21506.2,21541.06,21486.5,21520.27,230061
2024-04-09 09:25:00,21519.46,21531.21,21511.25,21524.25,59140
2024-04-09 09:30:00,21524.49,21544.59,21488.96,21507.13,188945
2024-04-09 09:35:00,21506.58,21513.62,21499.45,21510.24,94312
2024-04-09 09:40:00,21511.73,21528.74,21476.26,21516.62,20545
2024-04-09 09:45:00,21519.29,21551.91,21513.81,21541.67,106258
2024-04-09 09:50:00,21542.44,21549.29,21506.92,21528.7,88631
2024-04-09 09:55:00,21526.52,21563.8,21512.41,21533.58,73261
2024-04-09 10:00:00,21531.06,21550.13,21489.2,21504.17,199955
2024-04-09 10:05:00,21509.53,21526.71,21473.54,21523.4,202863
2024-04-09 10:10:00,21522.5,21541.53,21503.1,21507.33,29899
2024-04-09 10:15:00,21506.39,21545.29,21462.51,21476.58,204991
2024-04-09 10:20:00,21481.3,21513.61,21473.04,21481.62,212756
2024-04-09 10:25:00,21485.13,21552.04,21465.47,21510.56,161122
2024-04-09 10:30:00,21512.28,21529.24,21476.87,21485.9,243295
2024-04-09 10:35:00,21484.61,21504.74,21439.96,21470.27,112441
2024-04-09 10:40:00,21477.85,21488.78,21459.11,21461.78,193237
2024-04-09 10:45:00,21463.05,21463.71,21426.2,21445.54,26044
2024-04-09 10:50:00,21447.3,21462.68,21430.59,21460.15,210202
2024-04-09 10:55:00,21459.6,21474.28,21443.24,21450.67,190520
2024-04-09 11:00:00,21446.12,21451.95,21397.1,21443.05,155446
2024-04-09 11:05:00,21438.75,21469.76,21413.09,21462.11,87651
2024-04-09 11:10:00,21463.42,21466.13,21428.7,21453.99,204210
2024-04-09 11:15:00,21455.25,21512.44,21431.08,21470.18,109225
2024-04-09 11:20:00,21469.41,21476.84,21423.02,21457.84,128096
2024-04-09 11:25:00,21454.07,21480.29,21414.5,21440.69,184726
2024-04-09 11:30:00,21436.06,21443.69,21393.64,21410.97,122216
2024-04-09 11:35:00,21409.91,21459.35,21389.72,21456.59,62223
2024-04-09 11:40:00,21451.9,21469.6,21445.11,21457.88,174999
2024-04-09 11:45:00,21460.77,21480.13,21459.03,21470.76,61517
2024-04-09 11:50:00,21474.47,21499.85,21459.31,21478.12,125039
2024-04-09 11:55:00,21487.24,21494.65,21483.47,21489.46,147064
2024-04-09 12:00:00,21492.29,21518.41,21486.44,21498.64,90300
2024-04-09 12:05:00,21496.73,21606.24,21491.98,21545.9,130539
2024-04-09 12:10:00,21543.09,21554.18,21509.71,21532.98,80915
2024-04-09 12:15:00,21521.83,21559.9,21495.95,21509.53,185205
2024-04-09 12:20:00,21507.61,21542.9,21463.44,21497.32,120934
2024-04-09 12:25:00,21496.75,21512.12,21473.54,21478.6,170246
2024-04-09 12:30:00,21481.72,21516.16,21467.75,21502.45,113075
2024-04-09 12:35:00,21504.42,21565.03,21490.42,21527.89,217180
2024-04-09 12:40:00,21529.79,21546.27,21506.77,21516.97,193881
2024-04-09 12:45:00,21517.66,21526.54,21460.5,21497.35,47727
2024-04-09 12:50:00,21499.48,21514.65,21493.22,21498.96,193358
2024-04-09 12:55:00,21503.62,21550.54,21478.92,21536.31,153513
2024-04-09 13:00:00,21532.87,21564.33,21473.07,21487.66,234957
2024-04-09 13:05:00,21486.18,21530.74,21469.51,21507.43,184073
2024-04-09 13:10:00,21502.95,21530.8,21479.29,21494.53,216648
2024-04-09 13:15:00,21499.75,21546.44,21491.43,21524.91,250245
2024-04-09 13:20:00,21529.1,21546.11,21506.13,21512.05,103713
2024-04-09 13:25:00,21514.48,21541.26,21475.62,21515.44,18376
2024-04-09 13:30:00,21511.57,21533.84,21493.48,21493.92,109017
2024-04-09 13:35:00,21494.48,21512.88,21461.95,21483.27,193351
2024-04-09 13:40:00,21482.51,21524.7,21462.52,21520.91,236205
2024-04-09 13:45:00,21521.18,21553.68,21505.0,21547.09,185023
2024-04-09 13:50:00,21546.48,21565.02,21542.63,21548.3,58278
2024-04-09 13:55:00,21549.98,21563.77,21538.64,21539.95,28918
2024-04-09 14:00:00,21538.68,21563.64,21490.59,21510.71,195084
2024-04-09 14:05:00,21513.47,21523.23,21507.59,21512.17,201026
2024-04-09 14:10:00,21512.95,21521.75,21509.12,21521.08,139503
2024-04-09 14:15:00,21520.13,21547.02,21512.52,21528.92,56641
2024-04-09 14:20:00,21528.56,21541.9,21527.37,21536.59,171278
2024-04-09 14:25:00,21535.17,21570.26,21516.28,21523.25,156146
2024-04-09 14:30:00,21525.88,21542.92,21509.4,21531.52,178685
2024-04-09 14:35:00,21530.65,21541.08,21514.16,21540.38,19823
2024-04-09 14:40:00,21541.33,21602.56,21532.03,21576.47,191584
2024-04-09 14:45:00,21575.2,21637.28,21542.08,21624.48,275635
2024-04-09 14:50:00,21619.66,21648.09,21605.21,21631.38,72193
2024-04-09 14:55:00,21634.32,21655.84,21618.61,21625.36,222817
2024-04-09 15:00:00,21621.93,21641.26,21574.74,21633.76,24025
2024-04-09 15:05:00,21635.96,21645.71,21623.0,21631.0,18314
2024-04-09 15:10:00,21632.37,21635.54,21615.5,21625.48,234750
2024-04-09 15:15:00,21620.11,21634.53,21610.37,21634.01,93807
2024-04-09 15:20:00,21630.94,21655.41,21601.77,21622.3,227848
2024-04-09 15:25:00,21620.63,21661.03,21585.25,21644.48,149645
2024-04-10 09:15:00,21641.81,21679.73,21613.61,21652.06,134151
2024-04-10 09:20:00,21648.22,21667.49,21644.39,21666.92,33793
2024-04-10 09:25:00,21669.32,21674.5,21642.33,21672.86,168861
2024-04-10 09:30:00,21672.08,21685.69,21641.07,21667.57,110335
2024-04-10 09:35:00,21668.83,21673.63,21636.89,21657.74,39783
2024-04-10 09:40:00,21656.34,21675.55,21602.91,21662.5,111321
2024-04-10 09:45:00,21663.49,21672.91,21643.73,21660.84,120590
2024-04-10 09:50:00,21658.39,21710.44,21654.42,21675.26,173246
2024-04-10 09:55:00,21675.17,21685.77,21654.93,21684.75,154378
2024-04-10 10:00:00,21686.64,21698.81,21663.6,21666.25,200986
2024-04-10 10:05:00,21666.4,21685.71,21641.87,21677.15,181217
2024-04-10 10:10:00,21675.67,21696.24,21658.02,21659.0,228637
2024-04-10 10:15:00,21655.47,21664.84,21633.27,21655.76,67527
2024-04-10 10:20:00,21656.31,21678.79,21651.05,21659.12,218988
2024-04-10 10:25:00,21660.24,21681.6,21621.75,21625.81,43898
2024-04-10 10:30:00,21624.97,21650.01,21593.8,21637.01,42095
2024-04-10 10:35:00,21634.51,21659.1,21618.12,21649.4,243296
2024-04-10 10:40:00,21651.16,21663.38,21631.23,21655.38,28969
2024-04-10 10:45:00,21663.44,21685.94,21651.01,21655.85,206772
2024-04-10 10:50:00,21654.86,21658.5,21649.61,21657.3,84805
2024-04-10 10:55:00,21658.39,21692.01,21644.66,21646.3,60280
2024-04-10 11:00:00,21647.53,21659.83,21644.01,21649.79,51539
2024-04-10 11:05:00,21641.45,21657.93,21641.43,21647.4,202611
2024-04-10 11:10:00,21647.8,21668.81,21633.56,21658.21,46900
2024-04-10 11:15:00,21655.91,21658.65,21632.22,21642.3,211452
2024-04-10 11:20:00,21646.79,21660.13,21637.21,21655.94,89817
2024-04-10 11:25:00,21655.12,21683.16,21653.98,21667.63,61130
2024-04-10 11:30:00,21665.1,21676.31,21643.37,21673.39,41868
2024-04-10 11:35:00,21672.68,21682.62,21659.86,21672.95,196975
2024-04-10 11:40:00,21673.49,21707.0,21660.89,21692.87,88388
2024-04-10 11:45:00,21691.05,21693.17,21666.89,21667.05,113854
2024-04-10 11:50:00,21666.88,21691.49,21662.51,21684.93,172560
2024-04-10 11:55:00,21680.52,21703.8,21677.87,21698.26,97290
2024-04-10 12:00:00,21697.52,21721.34,21685.62,21712.35,45338
2024-04-10 12:05:00,21714.88,21735.15,21713.68,21728.44,57207
2024-04-10 12:10:00,21734.85,21755.63,21697.12,21723.04,166387
2024-04-10 12:15:00,21725.34,21741.52,21669.78,21725.7,150941
2024-04-10 12:20:00,21726.58,21755.12,21726.32,21746.78,183066
2024-04-10 12:25:00,21750.64,21789.55,21719.05,21763.53,164768
2024-04-10 12:30:00,21766.86,21777.55,21749.08,21775.57,33044
2024-04-10 12:35:00,21781.01,21784.35,21729.09,21751.94,144389
2024-04-10 12:40:00,21755.47,21791.38,21742.42,21770.64,66356
2024-04-10 12:45:00,21770.25,21810.73,21747.23,21802.34,45425
2024-04-10 12:50:00,21803.18,21835.67,21797.07,21830.67,67076
2024-04-10 12:55:00,21831.26,21856.36,21822.32,21842.84,204419
2024-04-10 13:00:00,21843.83,21854.1,21794.12,21817.75,120784
2024-04-10 13:05:00,21818.4,21848.45,21788.07,21844.41,98034
2024-04-10 13:10:00,21841.85,21881.1,21832.17,21848.37,129986
2024-04-10 13:15:00,21841.47,21869.74,21794.61,21802.76,91146
2024-04-10 13:20:00,21800.57,21828.79,21784.82,21817.37,164437
2024-04-10 13:25:00,21810.74,21815.08,21756.7,21793.14,176360
2024-04-10 13:30:00,21793.37,21813.24,21767.05,21772.88,169820
2024-04-10 13:35:00,21772.9,21782.9,21760.21,21766.21,60648
2024-04-10 13:40:00,21760.74,21799.1,21758.78,21798.89,124870
2024-04-10 13:45:00,21801.14,21804.53,21794.92,21797.44,221409
2024-04-10 13:50:00,21800.28,21820.26,21793.83,21809.18,149142
2024-04-10 13:55:00,21809.49,21852.61,21792.32,21851.44,190095
2024-04-10 14:00:00,21856.91,21895.02,21817.24,21890.47,238853
2024-04-10 14:05:00,21896.62,21901.89,21857.8,21894.11,196104
2024-04-10 14:10:00,21890.15,21921.92,21884.79,21894.76,236442
2024-04-10 14:15:00,21898.17,21904.34,21865.04,21874.1,101580
2024-04-10 14:20:00,21875.54,21909.04,21861.81,21865.09,110346
2024-04-10 14:25:00,21866.46,21899.23,21847.83,21879.23,119682
2024-04-10 14:30:00,21882.29,21924.71,21878.8,21892.63,109989
2024-04-10 14:35:00,21890.27,21916.51,21881.44,21899.97,76038
2024-04-10 14:40:00,21898.03,21935.68,21877.07,21925.61,112872
2024-04-10 14:45:00,21922.89,21929.84,21913.62,21914.32,77152
2024-04-10 14:50:00,21911.84,21930.55,21903.99,21917.82,200156
2024-04-10 14:55:00,21917.5,21941.9,21906.77,21937.59,119072
2024-04-10 15:00:00,21932.81,21970.05,21919.17,21954.18,73249
2024-04-10 15:05:00,21950.73,22009.8,21929.91,21980.8,213765
2024-04-10 15:10:00,21982.71,22021.97,21973.89,21993.24,193597
2024-04-10 15:15:00,21993.01,22010.93,21978.79,21990.79,130984
2024-04-10 15:20:00,21992.06,22029.36,21983.53,22002.24,49191
2024-04-10 15:25:00,21996.0,22023.43,21983.61,21985.03,217284
2024-04-11 09:15:00,21982.44,22006.0,21949.62,21954.4,200040
2024-04-11 09:20:00,21952.57,21995.21,21933.23,21969.97,45536
2024-04-11 09:25:00,21970.08,21976.7,21954.76,21972.14,220634
2024-04-11 09:30:00,21970.21,21983.69,21953.26,21981.75,85437
2024-04-11 09:35:00,21984.83,21997.89,21945.96,21949.36,171482
2024-04-11 09:40:00,21949.17,21950.63,21929.94,21944.63,26644
2024-04-11 09:45:00,21944.69,21956.68,21913.66,21934.88,209782
2024-04-11 09:50:00,21934.92,21935.73,21909.53,21919.47,234707
2024-04-11 09:55:00,21921.8,21940.4,21873.43,21875.01,232220
2024-04-11 10:00:00,21873.47,21895.78,21838.47,21870.36,32602
2024-04-11 10:05:00,21874.04,21896.93,21830.31,21891.17,62165
2024-04-11 10:10:00,21892.68,21906.55,21875.52,21901.12,143980
2024-04-11 10:15:00,21901.62,21903.84,21877.25,21890.49,28812
2024-04-11 10:20:00,21890.63,21897.71,21859.93,21891.9,168456
2024-04-11 10:25:00,21893.61,21932.17,21858.44,21909.23,223661
2024-04-11 10:30:00,21912.57,21919.51,21842.99,21853.28,77886
2024-04-11 10:35:00,21856.38,21859.39,21836.01,21851.98,52704
2024-04-11 10:40:00,21853.21,21882.34,21819.99,21864.39,247602
2024-04-11 10:45:00,21867.27,21920.83,21821.88,21879.55,231425
2024-04-11 10:50:00,21879.94,21935.93,21876.81,21915.77,270803
2024-04-11 10:55:00,21919.89,21958.26,21913.36,21940.11,108796
2024-04-11 11:00:00,21940.02,21951.64,21926.96,21947.17,72946
2024-04-11 11:05:00,21940.34,21993.1,21925.06,21953.87,207000
2024-04-11 11:10:00,21958.27,21987.19,21927.29,21970.54,52325
2024-04-11 11:15:00,21970.89,22002.0,21928.7,21959.38,88297
2024-04-11 11:20:00,21955.52,21978.59,21929.4,21958.49,162834
2024-04-11 11:25:00,21957.84,21980.87,21954.75,21977.21,48028
2024-04-11 11:30:00,21974.29,22023.03,21958.77,22017.76,154193
2024-04-11 11:35:00,22024.7,22045.48,21986.49,22013.94,51895
2024-04-11 11:40:00,22015.58,22030.47,21980.17,22012.28,153180
2024-04-11 11:45:00,22007.1,22038.0,21992.2,22015.63,40752
2024-04-11 11:50:00,22017.43,22053.39,22013.2,22042.8,172435
2024-04-11 11:55:00,22041.48,22051.81,22030.44,22041.07,209811
2024-04-11 12:00:00,22047.4,22091.66,22028.07,22070.61,258018
2024-04-11 12:05:00,22067.12,22077.86,22042.7,22048.96,114629
2024-04-11 12:10:00,22041.53,22056.75,21998.49,22043.52,192781
2024-04-11 12:15:00,22043.74,22072.95,22027.74,22037.68,241245
2024-04-11 12:20:00,22036.53,22066.86,22033.64,22052.32,92619
2024-04-11 12:25:00,22050.94,22075.52,22034.58,22072.24,114156
2024-04-11 12:30:00,22065.15,22078.97,22031.62,22038.49,209259
2024-04-11 12:35:00,22039.9,22056.2,22010.64,22017.06,100288
2024-04-11 12:40:00,22022.59,22050.64,22011.87,22021.69,119951
2024-04-11 12:45:00,22015.39,22018.33,21991.98,22005.36,36845
2024-04-11 12:50:00,22009.22,22033.59,21947.92,21970.85,267676
2024-04-11 12:55:00,21968.98,21991.02,21957.34,21989.69,149031
2024-04-11 13:00:00,21997.44,22011.8,21965.75,21997.03,127700
2024-04-11 13:05:00,21998.46,22029.98,21991.69,22004.2,100328
2024-04-11 13:10:00,22003.58,22012.74,21958.84,21990.99,21532
2024-04-11 13:15:00,21994.64,22026.24,21954.64,22009.08,226465
2024-04-11 13:20:00,22010.82,22012.28,21967.75,22000.51,229331
2024-04-11 13:25:00,21998.56,22044.82,21977.52,22019.75,206367
2024-04-11 13:30:00,22022.09,22022.38,21991.88,21996.85,86887
2024-04-11 13:35:00,21995.17,22004.88,21962.66,21975.05,71005
2024-04-11 13:40:00,21969.15,21979.32,21945.85,21975.22,200525
2024-04-11 13:45:00,21981.92,22021.11,21953.61,21956.33,113645
2024-04-11 13:50:00,21955.18,21973.78,21945.01,21966.06,159890
2024-04-11 13:55:00,21964.05,21975.93,21949.0,21966.98,48979
2024-04-11 14:00:00,21968.1,21973.03,21922.99,21943.1,201167
2024-04-11 14:05:00,21937.97,21961.62,21921.35,21939.86,184405
2024-04-11 14:10:00,21935.41,21961.86,21926.45,21927.65,191128
2024-04-11 14:15:00,21926.01,21950.94,21891.06,21941.72,119325
2024-04-11 14:20:00,21940.01,21953.96,21909.61,21923.4,235491
2024-04-11 14:25:00,21923.63,21926.36,21900.07,21908.99,242848
2024-04-11 14:30:00,21912.68,21935.7,21902.89,21928.82,219512
2024-04-11 14:35:00,21927.26,21982.42,21917.52,21969.97,138696
2024-04-11 14:40:00,21971.6,22018.62,21956.99,22006.07,185090
2024-04-11 14:45:00,22008.06,22010.59,21999.21,22001.61,34652
2024-04-11 14:50:00,21998.04,22024.53,21974.51,22000.29,91008
2024-04-11 14:55:00,22001.04,22055.41,21952.34,22026.33,264474
2024-04-11 15:00:00,22023.21,22033.08,22007.35,22017.58,132190
2024-04-11 15:05:00,22021.09,22023.3,21981.91,21990.91,76932
2024-04-11 15:10:00,21992.41,22025.57,21955.56,21986.99,81175
2024-04-11 15:15:00,21987.04,22007.89,21960.45,21989.94,20586
2024-04-11 15:20:00,21985.52,21986.28,21949.75,21966.04,101830
2024-04-11 15:25:00,21966.42,21995.96,21903.04,21925.03,260664
2024-04-12 09:15:00,21922.5,21941.94,21874.84,21888.34,138367
2024-04-12 09:20:00,21890.66,21909.87,21879.93,21895.29,223729
2024-04-12 09:25:00,21894.9,21931.17,21865.0,21872.53,122417
2024-04-12 09:30:00,21869.86,21872.92,21854.18,21862.5,52949
2024-04-12 09:35:00,21865.54,21873.78,21841.69,21859.72,83201
2024-04-12 09:40:00,21862.09,21871.9,21857.3,21865.29,55232
2024-04-12 09:45:00,21863.35,21870.38,21830.78,21850.95,90662
2024-04-12 09:50:00,21854.76,21860.49,21848.48,21853.82,88009
2024-04-12 09:55:00,21852.84,21886.21,21783.81,21827.77,96507
2024-04-12 10:00:00,21826.76,21854.59,21800.92,21812.61,45432
2024-04-12 10:05:00,21813.02,21816.0,21783.55,21783.65,67746
2024-04-12 10:10:00,21781.19,21819.61,21762.46,21799.25,24066
2024-04-12 10:15:00,21797.81,21836.92,21764.6,21790.77,152555
2024-04-12 10:20:00,21790.24,21802.21,21732.41,21767.47,130016
2024-04-12 10:25:00,21772.46,21794.74,21716.6,21752.1,40990
2024-04-12 10:30:00,21756.99,21793.19,21725.99,21739.36,246163
2024-04-12 10:35:00,21738.52,21765.19,21708.89,21745.59,75010
2024-04-12 10:40:00,21750.85,21755.38,21702.44,21704.35,260517
2024-04-12 10:45:00,21704.21,21712.13,21647.72,21674.61,62776
2024-04-12 10:50:00,21675.85,21684.74,21657.59,21658.39,194860
2024-04-12 10:55:00,21661.26,21707.14,21655.85,21702.03,206565
2024-04-12 11:00:00,21702.98,21750.0,21693.49,21713.14,169472
2024-04-12 11:05:00,21721.0,21731.39,21682.59,21702.17,83803
2024-04-12 11:10:00,21702.96,21709.43,21684.46,21708.12,101026
2024-04-12 11:15:00,21704.22,21762.66,21695.69,21741.78,45721
2024-04-12 11:20:00,21746.03,21752.5,21714.79,21728.08,173436
2024-04-12 11:25:00,21726.73,21735.02,21705.24,21711.59,214010
2024-04-12 11:30:00,21710.6,21770.23,21691.31,21727.61,75571
2024-04-12 11:35:00,21717.86,21745.96,21698.18,21728.76,115738
2024-04-12 11:40:00,21732.02,21744.23,21718.49,21733.52,151299
2024-04-12 11:45:00,21736.19,21736.47,21699.39,21713.88,212550
2024-04-12 11:50:00,21716.48,21766.22,21699.26,21744.39,147849
2024-04-12 11:55:00,21747.58,21812.93,21720.39,21770.46,98831
2024-04-12 12:00:00,21775.98,21795.52,21749.75,21772.85,163336
2024-04-12 12:05:00,21772.7,21794.16,21741.31,21777.64,96805
2024-04-12 12:10:00,21780.7,21792.43,21724.32,21726.35,175576
2024-04-12 12:15:00,21723.92,21738.51,21707.16,21730.08,144301
2024-04-12 12:20:00,21728.93,21749.26,21681.38,21716.61,175787
2024-04-12 12:25:00,21720.05,21742.19,21714.73,21716.07,33540
2024-04-12 12:30:00,21717.34,21722.61,21712.56,21720.62,43968
2024-04-12 12:35:00,21716.27,21761.96,21677.11,21704.02,251035
2024-04-12 12:40:00,21705.19,21718.4,21616.62,21659.62,110999
2024-04-12 12:45:00,21659.03,21672.44,21652.86,21657.6,48008
2024-04-12 12:50:00,21654.94,21685.39,21613.95,21632.74,44203
2024-04-12 12:55:00,21634.15,21635.76,21597.18,21616.33,235794
2024-04-12 13:00:00,21615.02,21639.16,21583.08,21594.29,218058
2024-04-12 13:05:00,21589.2,21603.05,21559.8,21577.63,175798
2024-04-12 13:10:00,21574.04,21579.59,21490.74,21520.71,225554
2024-04-12 13:15:00,21526.42,21536.35,21518.29,21535.95,199602
2024-04-12 13:20:00,21531.05,21534.32,21529.47,21531.46,189539
2024-04-12 13:25:00,21532.18,21556.98,21525.48,21544.53,68141
2024-04-12 13:30:00,21546.5,21606.07,21542.84,21575.39,235943
2024-04-12 13:35:00,21577.45,21587.56,21553.39,21566.14,224361
2024-04-12 13:40:00,21562.18,21590.11,21506.22,21519.56,80261
2024-04-12 13:45:00,21518.53,21542.5,21468.53,21491.62,152976
2024-04-12 13:50:00,21492.08,21498.96,21449.09,21457.34,24787
2024-04-12 13:55:00,21459.92,21474.68,21409.89,21437.47,118913
2024-04-12 14:00:00,21435.39,21439.3,21429.35,21429.46,149884
2024-04-12 14:05:00,21425.72,21444.02,21349.57,21379.13,73648
2024-04-12 14:10:00,21382.35,21386.0,21363.17,21376.5,167721
2024-04-12 14:15:00,21380.04,21382.69,21313.84,21336.29,65535
2024-04-12 14:20:00,21337.47,21338.15,21289.5,21332.77,115749
2024-04-12 14:25:00,21330.82,21346.15,21314.92,21321.03,219898
2024-04-12 14:30:00,21322.33,21358.85,21283.78,21305.18,189749
2024-04-12 14:35:00,21305.53,21311.43,21280.43,21294.23,244046
2024-04-12 14:40:00,21296.9,21315.89,21230.0,21273.87,29601
2024-04-12 14:45:00,21269.89,21294.6,21237.8,21252.1,121074
2024-04-12 14:50:00,21252.47,21253.5,21180.93,21208.79,250865
2024-04-12 14:55:00,21208.29,21216.8,21185.8,21198.87,186141
2024-04-12 15:00:00,21195.34,21236.78,21168.03,21226.77,215537
2024-04-12 15:05:00,21227.46,21277.39,21194.72,21257.46,195589
2024-04-12 15:10:00,21257.57,21320.58,21242.35,21274.92,96009
2024-04-12 15:15:00,21273.61,21282.48,21271.63,21279.97,130358
2024-04-12 15:20:00,21281.23,21317.57,21244.76,21257.13,37902
2024-04-12 15:25:00,21252.61,21292.63,21245.82,21277.15,135189
2024-04-15 09:15:00,21276.98,21303.53,21254.92,21266.93,164261
2024-04-15 09:20:00,21268.31,21269.13,21218.85,21256.5,147014
2024-04-15 09:25:00,21257.41,21285.98,21227.33,21241.64,33462
2024-04-15 09:30:00,21245.07,21267.7,21221.18,21234.57,97797
2024-04-15 09:35:00,21230.75,21243.21,21196.8,21216.93,23283
2024-04-15 09:40:00,21212.13,21229.31,21180.04,21206.43,191696
2024-04-15 09:45:00,21207.19,21222.26,21172.18,21175.86,35548
2024-04-15 09:50:00,21177.3,21183.53,21143.35,21159.67,118411
2024-04-15 09:55:00,21166.39,21200.8,21155.61,21196.93,42585
2024-04-15 10:00:00,21198.89,21233.39,21180.83,21186.97,135520
2024-04-15 10:05:00,21184.19,21191.98,21154.25,21173.67,32916
2024-04-15 10:10:00,21176.23,21205.95,21167.56,21175.96,58921
2024-04-15 10:15:00,21173.27,21222.39,21159.8,21181.85,34992
2024-04-15 10:20:00,21177.13,21180.31,21112.8,21151.17,265210
2024-04-15 10:25:00,21159.45,21193.17,21116.94,21138.8,223355
2024-04-15 10:30:00,21139.84,21160.23,21127.26,21149.12,36808
2024-04-15 10:35:00,21151.39,21167.93,21089.69,21146.49,193130
2024-04-15 10:40:00,21148.27,21191.98,21116.2,21140.96,181324
2024-04-15 10:45:00,21146.71,21181.4,21125.98,21164.29,130611
2024-04-15 10:50:00,21165.19,21173.43,21137.51,21142.85,179690
2024-04-15 10:55:00,21146.71,21190.1,21128.8,21136.78,99487
2024-04-15 11:00:00,21133.52,21138.71,21104.84,21118.7,101758
2024-04-15 11:05:00,21114.29,21143.53,21113.85,21141.06,209223
2024-04-15 11:10:00,21145.58,21180.98,21063.01,21094.43,281460
2024-04-15 11:15:00,21099.1,21126.44,21066.97,21073.65,108851
2024-04-15 11:20:00,21075.26,21083.24,21039.86,21055.79,28095
2024-04-15 11:25:00,21056.5,21066.05,21026.73,21061.89,132514
2024-04-15 11:30:00,21062.42,21109.88,21058.21,21066.95,80255
2024-04-15 11:35:00,21064.77,21104.38,21058.83,21087.9,217422
2024-04-15 11:40:00,21092.76,21110.4,21042.02,21049.5,108207
2024-04-15 11:45:00,21051.59,21070.31,21031.75,21057.73,182829
2024-04-15 11:50:00,21059.33,21060.0,21037.05,21045.19,169134
2024-04-15 11:55:00,21046.37,21052.72,21010.14,21025.31,193251
2024-04-15 12:00:00,21028.61,21046.76,21022.94,21029.62,151760
2024-04-15 12:05:00,21031.21,21032.11,20987.72,21004.89,38300
2024-04-15 12:10:00,21007.24,21038.65,20942.84,20957.25,211921
2024-04-15 12:15:00,20953.57,20959.21,20917.67,20943.75,104859
2024-04-15 12:20:00,20945.35,20957.83,20899.46,20907.96,241193
2024-04-15 12:25:00,20914.82,20924.66,20883.36,20889.19,136745
2024-04-15 12:30:00,20887.56,20939.56,20870.5,20890.78,22446
2024-04-15 12:35:00,20890.38,20907.54,20889.73,20891.31,99685
2024-04-15 12:40:00,20894.1,20935.16,20881.02,20917.26,158380
2024-04-15 12:45:00,20920.27,20924.2,20898.66,20907.85,55263
2024-04-15 12:50:00,20909.81,20926.24,20851.87,20872.1,123523
2024-04-15 12:55:00,20867.04,20872.56,20833.24,20851.92,210690
2024-04-15 13:00:00,20853.49,20892.37,20817.18,20828.64,188216
2024-04-15 13:05:00,20824.94,20831.31,20789.62,20799.61,106373
2024-04-15 13:10:00,20797.04,20812.19,20777.27,20803.39,137177
2024-04-15 13:15:00,20805.1,20817.13,20762.14,20785.94,247536
2024-04-15 13:20:00,20785.02,20800.51,20740.51,20742.37,113313
2024-04-15 13:25:00,20744.89,20767.69,20732.97,20751.66,162770
2024-04-15 13:30:00,20761.46,20795.35,20718.47,20745.14,20079
2024-04-15 13:35:00,20747.56,20756.96,20743.64,20747.98,26270
2024-04-15 13:40:00,20750.23,20763.05,20738.11,20745.99,87726
2024-04-15 13:45:00,20743.21,20784.61,20729.01,20754.5,141152
2024-04-15 13:50:00,20752.5,20790.15,20751.14,20751.44,118570
2024-04-15 13:55:00,20748.13,20782.58,20738.34,20772.13,21420
2024-04-15 14:00:00,20770.47,20777.16,20742.85,20776.96,94767
2024-04-15 14:05:00,20773.56,20784.01,20761.26,20781.27,142971
2024-04-15 14:10:00,20779.21,20797.97,20747.95,20786.07,104310
2024-04-15 14:15:00,20785.41,20791.89,20733.58,20754.16,37280
2024-04-15 14:20:00,20751.04,20765.2,20734.39,20747.89,166961
2024-04-15 14:25:00,20743.47,20774.56,20738.32,20739.88,67683
2024-04-15 14:30:00,20735.65,20746.24,20714.62,20741.21,93009
2024-04-15 14:35:00,20742.62,20774.37,20699.57,20711.84,30466
2024-04-15 14:40:00,20712.02,20764.35,20711.55,20741.53,233578
2024-04-15 14:45:00,20744.72,20755.0,20729.56,20741.23,22043
2024-04-15 14:50:00,20744.48,20756.23,20714.15,20715.16,109334
2024-04-15 14:55:00,20714.1,20716.53,20665.87,20679.49,147547
2024-04-15 15:00:00,20681.57,20723.84,20652.57,20672.03,118184
2024-04-15 15:05:00,20667.56,20668.92,20655.47,20668.47,72828
2024-04-15 15:10:00,20675.55,20684.15,20629.67,20652.71,122047
2024-04-15 15:15:00,20656.41,20691.83,20646.85,20653.0,112194
2024-04-15 15:20:00,20652.33,20664.05,20631.48,20639.04,231809
2024-04-15 15:25:00,20635.44,20662.34,20610.7,20648.62,154256
2024-04-16 09:15:00,20649.8,20651.3,20617.09,20633.31,162430
2024-04-16 09:20:00,20627.52,20637.11,20620.43,20631.59,218170
2024-04-16 09:25:00,20629.18,20664.85,20607.69,20649.96,250745
2024-04-16 09:30:00,20652.28,20731.09,20631.26,20699.78,258897
2024-04-16 09:35:00,20700.02,20720.81,20675.38,20679.43,20671
2024-04-16 09:40:00,20677.91,20687.25,20660.57,20669.9,86062
2024-04-16 09:45:00,20672.85,20676.33,20621.78,20653.16,246920
2024-04-16 09:50:00,20649.94,20692.66,20645.83,20668.42,67728
2024-04-16 09:55:00,20669.31,20678.96,20628.27,20645.91,67300
2024-04-16 10:00:00,20644.37,20655.18,20630.34,20636.57,141004
2024-04-16 10:05:00,20633.94,20642.67,20625.35,20636.28,217478
2024-04-16 10:10:00,20637.72,20672.21,20606.49,20617.54,55912
2024-04-16 10:15:00,20614.47,20615.04,20575.91,20599.37,29962
2024-04-16 10:20:00,20605.25,20609.51,20590.57,20590.78,23155
2024-04-16 10:25:00,20588.98,20607.69,20540.34,20550.59,244686
2024-04-16 10:30:00,20556.72,20588.61,20508.33,20523.37,68427
2024-04-16 10:35:00,20520.01,20532.61,20500.5,20516.45,163239
2024-04-16 10:40:00,20518.32,20527.49,20514.5,20520.61,171427
2024-04-16 10:45:00,20516.91,20527.75,20514.36,20518.39,171809
2024-04-16 10:50:00,20514.26,20527.5,20480.33,20485.38,169073
2024-04-16 10:55:00,20485.87,20530.82,20474.95,20478.03,108226
2024-04-16 11:00:00,20480.11,20517.25,20476.75,20495.38,33541
2024-04-16 11:05:00,20491.46,20542.83,20473.78,20508.15,110003
2024-04-16 11:10:00,20511.8,20535.63,20495.78,20508.7,164667
2024-04-16 11:15:00,20506.25,20517.62,20486.13,20493.64,56273
2024-04-16 11:20:00,20494.05,20518.74,20474.2,20508.29,95866
2024-04-16 11:25:00,20509.46,20530.74,20475.4,20499.5,51089
2024-04-16 11:30:00,20501.33,20516.98,20463.18,20479.37,64262
2024-04-16 11:35:00,20473.84,20482.37,20447.2,20466.52,165418
2024-04-16 11:40:00,20471.49,20500.75,20458.28,20497.59,236163
2024-04-16 11:45:00,20499.31,20543.41,20498.09,20504.9,96939
2024-04-16 11:50:00,20503.59,20551.37,20495.3,20530.65,97032
2024-04-16 11:55:00,20527.49,20533.86,20510.04,20524.59,25039
2024-04-16 12:00:00,20519.37,20555.58,20487.23,20546.31,136146
2024-04-16 12:05:00,20542.11,20564.05,20518.11,20538.12,57619
2024-04-16 12:10:00,20539.79,20544.3,20528.34,20538.72,201200
2024-04-16 12:15:00,20537.67,20595.13,20534.46,20591.1,68519
2024-04-16 12:20:00,20587.61,20622.46,20583.16,20610.06,40515
2024-04-16 12:25:00,20608.43,20615.42,20583.85,20604.32,62426
2024-04-16 12:30:00,20609.15,20614.62,20592.43,20606.85,163467
2024-04-16 12:35:00,20605.83,20617.66,20586.52,20617.56,124380
2024-04-16 12:40:00,20615.75,20656.03,20609.91,20645.73,154893
2024-04-16 12:45:00,20649.91,20662.29,20637.14,20640.71,224944
2024-04-16 12:50:00,20642.14,20658.57,20584.69,20611.28,68191
2024-04-16 12:55:00,20611.42,20612.23,20595.34,20610.61,147601
2024-04-16 13:00:00,20608.73,20649.84,20606.75,20615.84,130623
2024-04-16 13:05:00,20611.04,20652.53,20608.65,20623.03,188069
2024-04-16 13:10:00,20619.41,20659.27,20613.83,20654.02,185678
2024-04-16 13:15:00,20652.53,20696.49,20619.82,20665.52,43496
2024-04-16 13:20:00,20664.84,20695.66,20664.76,20686.9,55150
2024-04-16 13:25:00,20688.0,20718.73,20663.61,20670.79,183774
2024-04-16 13:30:00,20672.5,20718.61,20641.0,20693.48,25869
2024-04-16 13:35:00,20694.17,20749.79,20684.31,20740.49,252944
2024-04-16 13:40:00,20741.17,20784.86,20730.88,20761.6,132500
2024-04-16 13:45:00,20758.46,20786.21,20732.2,20772.59,250208
2024-04-16 13:50:00,20765.88,20801.8,20746.44,20781.73,57324
2024-04-16 13:55:00,20780.11,20849.34,20775.64,20823.26,207769
2024-04-16 14:00:00,20820.28,20824.04,20803.09,20811.25,169669
2024-04-16 14:05:00,20809.21,20825.41,20806.71,20815.48,155583
2024-04-16 14:10:00,20814.62,20852.64,20811.55,20831.12,78566
2024-04-16 14:15:00,20827.23,20860.26,20812.08,20852.48,252950
2024-04-16 14:20:00,20849.01,20870.35,20833.95,20850.56,28817
2024-04-16 14:25:00,20850.25,20863.72,20842.78,20863.49,49258
2024-04-16 14:30:00,20863.85,20866.25,20862.11,20864.92,104988
2024-04-16 14:35:00,20862.87,20887.48,20833.08,20874.34,201917
2024-04-16 14:40:00,20875.9,20888.31,20861.22,20878.85,149007
2024-04-16 14:45:00,20878.16,20904.12,20853.84,20863.44,189522
2024-04-16 14:50:00,20860.24,20896.06,20840.73,20870.32,31735
2024-04-16 14:55:00,20870.45,20900.65,20845.35,20895.13,198371
2024-04-16 15:00:00,20901.03,20929.08,20859.96,20883.43,161380
2024-04-16 15:05:00,20881.31,20901.32,20867.5,20886.22,97908
2024-04-16 15:10:00,20889.87,20920.06,20863.63,20907.08,37095
2024-04-16 15:15:00,20911.4,20928.27,20890.44,20893.58,37751
2024-04-16 15:20:00,20898.27,20927.79,20885.31,20905.03,50367
2024-04-16 15:25:00,20902.45,20920.66,20851.79,20891.88,52204
2024-04-17 09:15:00,20898.2,20930.51,20890.47,20922.39,71720
2024-04-17 09:20:00,20922.76,20990.15,20891.27,20976.5,207399
2024-04-17 09:25:00,20975.7,21035.92,20973.0,21025.0,209440
2024-04-17 09:30:00,21024.28,21035.02,21023.93,21028.87,88720
2024-04-17 09:35:00,21030.77,21057.32,21015.84,21051.98,132500
2024-04-17 09:40:00,21052.15,21083.97,21034.95,21062.8,239252
2024-04-17 09:45:00,21062.24,21075.6,21056.08,21073.3,160454
2024-04-17 09:50:00,21077.36,21132.6,21067.02,21112.85,52655
2024-04-17 09:55:00,21110.56,21187.68,21084.88,21095.01,106524
2024-04-17 10:00:00,21091.71,21137.35,21063.57,21124.84,224052
2024-04-17 10:05:00,21127.35,21133.37,21123.36,21132.58,174462
2024-04-17 10:10:00,21134.81,21189.92,21095.39,21169.68,143521
2024-04-17 10:15:00,21173.15,21201.67,21159.26,21182.31,52079
2024-04-17 10:20:00,21178.9,21211.45,21170.25,21177.68,84954
2024-04-17 10:25:00,21181.12,21208.47,21170.28,21192.23,65188
2024-04-17 10:30:00,21193.76,21222.04,21179.08,21216.07,82103
2024-04-17 10:35:00,21221.68,21249.85,21213.87,21225.87,73639
2024-04-17 10:40:00,21221.89,21273.49,21216.99,21244.84,104215
2024-04-17 10:45:00,21245.53,21265.6,21209.29,21243.48,130923
2024-04-17 10:50:00,21242.59,21254.36,21199.47,21209.65,113980
2024-04-17 10:55:00,21204.59,21248.56,21182.41,21237.03,29114
2024-04-17 11:00:00,21234.76,21286.63,21229.66,21260.43,74956
2024-04-17 11:05:00,21264.03,21300.53,21252.61,21272.75,205002
2024-04-17 11:10:00,21271.26,21291.12,21261.68,21283.5,69641
2024-04-17 11:15:00,21281.19,21324.98,21245.32,21313.87,161030
2024-04-17 11:20:00,21316.64,21322.52,21306.44,21314.05,233769
2024-04-17 11:25:00,21317.21,21321.43,21303.61,21309.2,244356
2024-04-17 11:30:00,21312.35,21326.53,21300.91,21314.86,114208
2024-04-17 11:35:00,21312.34,21354.53,21304.82,21348.47,154513
2024-04-17 11:40:00,21348.29,21377.52,21324.86,21329.88,168568
2024-04-17 11:45:00,21333.18,21364.33,21321.45,21363.61,82715
2024-04-17 11:50:00,21361.5,21389.04,21354.1,21360.21,176474
2024-04-17 11:55:00,21357.81,21382.42,21343.13,21347.46,180135
2024-04-17 12:00:00,21350.11,21392.46,21304.8,21382.63,105268
2024-04-17 12:05:00,21387.64,21397.62,21384.43,21390.28,67676
2024-04-17 12:10:00,21386.58,21412.29,21361.67,21373.48,241508
2024-04-17 12:15:00,21365.15,21409.44,21348.78,21375.82,66031
2024-04-17 12:20:00,21371.17,21434.17,21363.96,21404.36,93226
2024-04-17 12:25:00,21401.11,21447.4,21391.34,21438.26,210257
2024-04-17 12:30:00,21437.82,21442.85,21427.98,21439.2,60849
2024-04-17 12:35:00,21441.18,21479.85,21420.77,21457.12,51118
2024-04-17 12:40:00,21456.65,21498.48,21454.37,21481.33,30707
2024-04-17 12:45:00,21479.07,21490.65,21447.79,21477.82,162608
2024-04-17 12:50:00,21478.31,21501.41,21463.88,21494.69,81778
2024-04-17 12:55:00,21491.59,21548.92,21474.57,21503.66,26651
2024-04-17 13:00:00,21503.51,21510.98,21496.93,21502.32,31816
2024-04-17 13:05:00,21500.25,21505.35,21484.38,21501.85,83796
2024-04-17 13:10:00,21510.5,21520.18,21508.34,21512.79,164512
2024-04-17 13:15:00,21515.43,21542.6,21506.22,21522.95,134013
2024-04-17 13:20:00,21520.25,21533.24,21515.72,21520.91,146988
2024-04-17 13:25:00,21517.7,21543.64,21505.76,21521.7,103853
2024-04-17 13:30:00,21520.29,21557.31,21504.06,21553.96,26102
2024-04-17 13:35:00,21548.64,21594.77,21542.96,21567.8,150753
2024-04-17 13:40:00,21565.43,21611.0,21560.18,21595.37,255219
2024-04-17 13:45:00,21592.98,21655.64,21592.15,21629.46,75290
2024-04-17 13:50:00,21632.32,21677.76,21591.55,21650.94,195812
2024-04-17 13:55:00,21649.56,21721.42,21644.58,21707.07,61501
2024-04-17 14:00:00,21704.49,21724.59,21673.08,21699.38,144617
2024-04-17 14:05:00,21695.01,21734.82,21668.55,21725.34,35817
2024-04-17 14:10:00,21721.5,21742.78,21691.82,21728.01,230290
2024-04-17 14:15:00,21727.8,21781.15,21695.63,21775.57,56564
2024-04-17 14:20:00,21774.86,21842.9,21759.54,21819.95,160471
2024-04-17 14:25:00,21823.66,21838.62,21778.79,21788.59,80566
2024-04-17 14:30:00,21786.54,21827.25,21759.4,21777.6,59698
2024-04-17 14:35:00,21781.06,21839.29,21776.79,21800.36,69861
2024-04-17 14:40:00,21801.2,21839.14,21789.7,21825.68,211063
2024-04-17 14:45:00,21825.66,21861.93,21807.74,21849.86,146084
2024-04-17 14:50:00,21843.28,21875.6,21831.48,21857.23,237035
2024-04-17 14:55:00,21853.0,21880.62,21844.32,21875.47,77710
2024-04-17 15:00:00,21877.9,21923.62,21843.74,21897.77,34175
2024-04-17 15:05:00,21902.36,21915.78,21901.51,21904.81,83409
2024-04-17 15:10:00,21905.49,21945.15,21861.87,21934.8,145848
2024-04-17 15:15:00,21937.3,21953.36,21842.94,21896.27,23986
2024-04-17 15:20:00,21894.93,21932.69,21869.58,21917.9,74327
2024-04-17 15:25:00,21916.68,21945.17,21903.86,21904.74,187661
2024-04-18 09:15:00,21902.56,21956.94,21883.64,21932.99,244044
2024-04-18 09:20:00,21936.2,21952.27,21933.14,21936.43,99084
2024-04-18 09:25:00,21937.56,21945.69,21915.28,21926.04,40939
2024-04-18 09:30:00,21925.27,21965.79,21923.63,21941.87,58291
2024-04-18 09:35:00,21940.79,21963.09,21912.35,21930.84,206009
2024-04-18 09:40:00,21932.67,21944.69,21901.7,21919.69,227902
2024-04-18 09:45:00,21920.75,21930.71,21890.1,21894.83,70275
2024-04-18 09:50:00,21892.1,21925.96,21891.83,21901.95,199613
2024-04-18 09:55:00,21907.58,21924.09,21905.59,21919.87,172167
2024-04-18 10:00:00,21920.71,21992.11,21918.55,21948.68,70760
2024-04-18 10:05:00,21948.71,21978.95,21937.82,21953.12,174748
2024-04-18 10:10:00,21957.98,21989.77,21957.77,21982.29,237411
2024-04-18 10:15:00,21985.67,22006.84,21976.14,21989.88,192645
2024-04-18 10:20:00,21989.59,22018.91,21963.65,21995.04,197021
2024-04-18 10:25:00,21996.8,22030.31,21981.58,22014.03,32088
2024-04-18 10:30:00,22010.5,22058.1,21976.53,22043.09,152115
2024-04-18 10:35:00,22040.97,22051.41,22037.67,22042.75,125439
2024-04-18 10:40:00,22035.27,22056.01,22007.25,22044.34,238428
2024-04-18 10:45:00,22048.37,22057.83,22021.35,22047.56,46490
2024-04-18 10:50:00,22041.28,22058.79,22034.52,22055.76,132086
2024-04-18 10:55:00,22058.02,22079.29,21984.34,22043.26,48446
2024-04-18 11:00:00,22040.52,22086.01,22035.94,22071.05,111742
2024-04-18 11:05:00,22067.81,22081.15,22056.2,22068.79,54434
2024-04-18 11:10:00,22068.14,22087.75,22060.87,22084.5,114119
2024-04-18 11:15:00,22085.38,22087.45,22048.99,22073.08,53210
2024-04-18 11:20:00,22075.11,22114.33,22063.18,22086.38,106032
2024-04-18 11:25:00,22092.25,22120.57,22090.08,22100.26,238311
2024-04-18 11:30:00,22101.45,22119.99,22057.83,22096.96,151330
2024-04-18 11:35:00,22099.88,22177.48,22077.65,22144.84,170154
2024-04-18 11:40:00,22142.86,22177.0,22139.58,22157.95,231866
2024-04-18 11:45:00,22160.32,22205.42,22147.2,22200.56,87177
2024-04-18 11:50:00,22201.07,22229.51,22180.48,22225.85,93212
2024-04-18 11:55:00,22224.31,22234.25,22204.43,22216.79,130397
2024-04-18 12:00:00,22216.47,22225.17,22204.48,22213.52,75468
2024-04-18 12:05:00,22213.31,22250.8,22175.25,22227.38,31898
2024-04-18 12:10:00,22228.02,22242.09,22189.22,22233.2,87955
2024-04-18 12:15:00,22234.53,22244.08,22229.72,22238.63,67407
2024-04-18 12:20:00,22236.93,22242.73,22232.11,22236.84,149421
2024-04-18 12:25:00,22234.37,22271.27,22193.05,22202.78,178891
2024-04-18 12:30:00,22205.27,22223.39,22156.39,22202.0,60146
2024-04-18 12:35:00,22196.35,22215.69,22158.89,22159.09,202167
2024-04-18 12:40:00,22157.04,22178.13,22130.55,22170.61,83872
2024-04-18 12:45:00,22175.77,22190.73,22146.22,22158.87,162067
2024-04-18 12:50:00,22149.87,22150.43,22144.98,22147.22,55522
2024-04-18 12:55:00,22144.92,22149.32,22139.95,22145.87,237883
2024-04-18 13:00:00,22148.15,22199.79,22135.75,22154.73,68390
2024-04-18 13:05:00,22149.24,22186.54,22116.96,22127.59,261448
2024-04-18 13:10:00,22136.21,22155.92,22077.65,22093.68,226030
2024-04-18 13:15:00,22085.11,22093.0,22049.8,22074.0,219442
2024-04-18 13:20:00,22078.76,22093.53,22026.22,22033.76,51201
2024-04-18 13:25:00,22038.91,22042.68,21990.08,22015.91,130244
2024-04-18 13:30:00,22018.94,22062.12,22006.39,22051.46,239057
2024-04-18 13:35:00,22050.72,22050.93,22013.69,22031.43,201300
2024-04-18 13:40:00,22032.61,22066.27,22027.56,22047.01,71734
2024-04-18 13:45:00,22044.05,22075.01,22000.51,22020.11,81372
2024-04-18 13:50:00,22022.78,22053.36,22021.0,22028.02,130940
2024-04-18 13:55:00,22024.32,22032.52,22012.2,22022.83,214443
2024-04-18 14:00:00,22021.93,22052.05,22010.86,22022.94,30846
2024-04-18 14:05:00,22026.23,22043.49,22024.76,22036.05,75970
2024-04-18 14:10:00,22032.37,22097.73,22011.72,22073.91,184953
2024-04-18 14:15:00,22072.71,22089.44,22066.23,22078.91,242802
2024-04-18 14:20:00,22079.46,22103.18,22077.23,22082.29,128077
2024-04-18 14:25:00,22077.84,22078.23,22033.4,22062.49,22726
2024-04-18 14:30:00,22066.34,22092.49,22064.47,22075.19,173340
2024-04-18 14:35:00,22076.32,22088.98,22047.88,22070.34,198605
2024-04-18 14:40:00,22065.33,22101.41,22049.61,22087.96,64198
2024-04-18 14:45:00,22087.81,22128.93,22077.95,22087.06,129619
2024-04-18 14:50:00,22084.49,22164.21,22073.88,22123.49,30891
2024-04-18 14:55:00,22121.3,22125.94,22062.16,22081.57,233226
2024-04-18 15:00:00,22081.82,22102.27,22072.84,22074.91,160751
2024-04-18 15:05:00,22072.56,22118.5,22045.99,22092.82,143447
2024-04-18 15:10:00,22096.02,22101.24,22060.22,22084.73,38575
2024-04-18 15:15:00,22082.4,22123.88,22048.93,22067.24,217509
2024-04-18 15:20:00,22070.49,22098.01,22042.37,22060.63,186205
2024-04-18 15:25:00,22060.49,22078.64,21995.52,22030.55,196782
2024-04-19 09:15:00,22033.38,22061.07,22003.44,22031.72,121035
2024-04-19 09:20:00,22029.93,22104.31,22021.69,22081.38,192297
2024-04-19 09:25:00,22079.71,22118.63,22056.4,22103.79,239633
2024-04-19 09:30:00,22099.96,22106.91,22075.53,22078.74,252591
2024-04-19 09:35:00,22080.65,22084.75,22037.83,22058.51,61044
2024-04-19 09:40:00,22061.61,22079.54,22047.39,22047.97,46075
2024-04-19 09:45:00,22054.97,22077.71,22051.68,22066.8,153462
2024-04-19 09:50:00,22071.07,22085.02,22038.13,22047.23,241475
2024-04-19 09:55:00,22048.06,22050.24,22020.46,22030.28,176512
2024-04-19 10:00:00,22029.58,22082.32,22000.16,22046.16,142513
2024-04-19 10:05:00,22047.44,22068.73,22035.59,22061.48,139532
2024-04-19 10:10:00,22061.39,22109.72,22033.56,22050.72,182746
2024-04-19 10:15:00,22055.56,22062.79,22022.81,22024.24,253873
2024-04-19 10:20:00,22027.36,22032.27,21987.82,21988.63,190573
2024-04-19 10:25:00,21985.87,21992.86,21927.97,21970.69,167283
2024-04-19 10:30:00,21968.42,21969.18,21878.06,21920.7,126497
2024-04-19 10:35:00,21925.2,21949.54,21911.66,21932.7,241668
2024-04-19 10:40:00,21933.72,21962.68,21880.23,21915.82,144285
2024-04-19 10:45:00,21915.06,21935.64,21908.71,21921.95,66095
2024-04-19 10:50:00,21925.85,21970.37,21921.14,21956.86,267451
2024-04-19 10:55:00,21955.59,21983.41,21881.15,21977.17,194709
2024-04-19 11:00:00,21976.24,22000.48,21942.29,21948.84,141061
2024-04-19 11:05:00,21947.32,21989.97,21912.4,21962.53,218049
2024-04-19 11:10:00,21956.07,22032.38,21930.85,21982.13,239263
2024-04-19 11:15:00,21984.98,22002.36,21952.99,21961.84,246641
2024-04-19 11:20:00,21957.86,21965.88,21927.99,21937.13,21885
2024-04-19 11:25:00,21935.26,21942.82,21897.48,21929.88,124754
2024-04-19 11:30:00,21927.44,21941.73,21888.31,21891.47,168434
2024-04-19 11:35:00,21893.85,21919.34,21890.0,21916.86,224349
2024-04-19 11:40:00,21916.64,21926.06,21851.95,21861.52,209877
2024-04-19 11:45:00,21861.57,21903.59,21803.59,21833.1,178880
2024-04-19 11:50:00,21827.6,21832.4,21805.92,21821.95,110607
2024-04-19 11:55:00,21821.67,21825.24,21805.25,21811.56,226883
2024-04-19 12:00:00,21806.73,21830.94,21796.36,21809.21,36385
2024-04-19 12:05:00,21810.21,21825.36,21790.82,21808.92,75708
2024-04-19 12:10:00,21810.12,21822.41,21791.94,21798.46,202207
2024-04-19 12:15:00,21798.4,21826.5,21795.78,21815.86,37487
2024-04-19 12:20:00,21822.55,21822.95,21762.14,21765.32,223818
2024-04-19 12:25:00,21767.04,21781.19,21745.74,21758.95,206464
2024-04-19 12:30:00,21760.89,21773.91,21735.89,21737.71,111657
2024-04-19 12:35:00,21738.18,21771.93,21730.9,21733.87,38140
2024-04-19 12:40:00,21733.24,21740.33,21704.07,21731.74,40011
2024-04-19 12:45:00,21734.89,21740.22,21685.49,21706.14,184906
2024-04-19 12:50:00,21709.73,21726.63,21680.08,21686.04,221397
2024-04-19 12:55:00,21681.81,21698.0,21650.69,21695.39,156765
2024-04-19 13:00:00,21698.82,21712.23,21690.54,21695.49,190359
2024-04-19 13:05:00,21697.16,21713.19,21661.24,21674.29,31282
2024-04-19 13:10:00,21677.41,21743.92,21661.41,21709.03,232496
2024-04-19 13:15:00,21710.55,21763.49,21698.26,21749.3,203981
2024-04-19 13:20:00,21745.24,21768.37,21698.22,21711.62,230963
2024-04-19 13:25:00,21707.8,21710.96,21690.88,21710.26,71764
2024-04-19 13:30:00,21716.2,21772.98,21702.79,21754.37,90372
2024-04-19 13:35:00,21755.2,21777.82,21754.39,21762.8,143082
2024-04-19 13:40:00,21758.17,21782.99,21705.11,21759.49,158807
2024-04-19 13:45:00,21760.63,21806.74,21705.78,21747.24,125494
2024-04-19 13:50:00,21746.06,21750.73,21727.32,21728.03,131059
2024-04-19 13:55:00,21722.02,21726.85,21710.51,21715.53,217346
2024-04-19 14:00:00,21708.07,21709.29,21677.88,21695.99,113141
2024-04-19 14:05:00,21690.77,21771.96,21683.24,21703.08,154586
2024-04-19 14:10:00,21703.96,21731.42,21638.31,21686.53,116593
2024-04-19 14:15:00,21686.37,21686.55,21643.74,21669.04,72765
2024-04-19 14:20:00,21668.23,21680.39,21614.38,21635.83,190569
2024-04-19 14:25:00,21636.76,21648.13,21624.73,21626.28,20868
2024-04-19 14:30:00,21628.23,21650.15,21572.53,21599.32,266476
2024-04-19 14:35:00,21592.51,21617.31,21565.43,21586.95,163897
2024-04-19 14:40:00,21585.98,21607.77,21575.99,21599.6,129410
2024-04-19 14:45:00,21596.92,21625.88,21580.78,21598.32,130136
2024-04-19 14:50:00,21594.32,21633.77,21578.48,21599.82,100003
2024-04-19 14:55:00,21598.05,21607.14,21586.08,21598.22,239431
2024-04-19 15:00:00,21597.82,21616.99,21581.22,21590.47,162478
2024-04-19 15:05:00,21589.6,21618.04,21571.21,21578.84,52921
2024-04-19 15:10:00,21574.13,21577.38,21561.76,21563.46,167800
2024-04-19 15:15:00,21561.9,21577.3,21559.38,21569.9,193008
2024-04-19 15:20:00,21576.42,21578.62,21527.07,21538.54,122585
2024-04-19 15:25:00,21535.13,21567.26,21522.8,21556.78,250798
2024-04-22 09:15:00,21551.33,21572.09,21545.21,21548.23,167170
2024-04-22 09:20:00,21549.12,21564.15,21519.92,21523.63,91176
2024-04-22 09:25:00,21525.55,21549.12,21503.07,21504.31,177013
2024-04-22 09:30:00,21505.81,21517.03,21465.33,21481.14,263090
2024-04-22 09:35:00,21477.53,21492.89,21442.47,21475.03,188450
2024-04-22 09:40:00,21478.25,21481.33,21441.64,21450.99,21136
2024-04-22 09:45:00,21448.46,21481.75,21434.44,21464.84,58279
2024-04-22 09:50:00,21461.18,21469.04,21436.06,21439.45,35272
2024-04-22 09:55:00,21437.49,21493.69,21360.91,21383.75,200997
2024-04-22 10:00:00,21383.4,21388.06,21317.19,21359.43,253758
2024-04-22 10:05:00,21361.72,21372.96,21270.68,21309.23,134216
2024-04-22 10:10:00,21311.23,21333.25,21294.34,21298.93,133716
2024-04-22 10:15:00,21298.86,21325.2,21274.86,21310.86,223968
2024-04-22 10:20:00,21313.84,21314.97,21311.92,21314.44,71724
2024-04-22 10:25:00,21314.7,21319.11,21235.43,21277.84,179299
2024-04-22 10:30:00,21280.7,21288.85,21243.83,21252.9,260942
2024-04-22 10:35:00,21248.42,21295.28,21224.44,21279.28,220146
2024-04-22 10:40:00,21274.26,21290.76,21264.9,21276.15,232029
2024-04-22 10:45:00,21278.63,21284.4,21241.83,21266.67,205830
2024-04-22 10:50:00,21262.24,21286.71,21234.97,21278.44,180018
2024-04-22 10:55:00,21277.48,21334.68,21273.48,21318.49,76321
2024-04-22 11:00:00,21318.17,21349.85,21311.99,21335.16,229527
2024-04-22 11:05:00,21333.6,21392.84,21287.62,21328.39,36230
2024-04-22 11:10:00,21326.94,21344.02,21319.85,21325.99,217114
2024-04-22 11:15:00,21330.44,21345.33,21304.42,21328.91,188912
2024-04-22 11:20:00,21320.81,21325.23,21293.45,21306.93,237261
2024-04-22 11:25:00,21309.75,21313.18,21260.11,21275.97,34275
2024-04-22 11:30:00,21283.3,21300.93,21248.99,21267.51,188229
2024-04-22 11:35:00,21267.58,21279.39,21227.64,21238.89,256187
2024-04-22 11:40:00,21238.82,21241.25,21194.79,21228.17,233235
2024-04-22 11:45:00,21230.49,21230.93,21209.1,21220.66,176699
2024-04-22 11:50:00,21226.49,21292.13,21214.85,21258.47,262004
2024-04-22 11:55:00,21254.68,21266.39,21219.65,21231.88,124596
2024-04-22 12:00:00,21232.16,21237.98,21216.46,21220.05,27539
2024-04-22 12:05:00,21219.46,21249.34,21202.88,21207.4,175743
2024-04-22 12:10:00,21209.18,21215.78,21197.1,21206.9,194515
2024-04-22 12:15:00,21207.41,21257.75,21195.72,21218.72,49669
2024-04-22 12:20:00,21220.82,21227.97,21186.28,21199.6,118694
2024-04-22 12:25:00,21198.26,21205.64,21168.13,21173.87,177112
2024-04-22 12:30:00,21174.03,21176.18,21106.05,21131.76,52873
2024-04-22 12:35:00,21129.64,21149.6,21102.69,21104.1,248467
2024-04-22 12:40:00,21102.0,21114.74,21073.19,21105.82,25224
2024-04-22 12:45:00,21105.37,21110.39,21096.95,21097.75,18646
2024-04-22 12:50:00,21097.3,21114.21,21066.27,21068.48,27570
2024-04-22 12:55:00,21064.77,21073.02,21032.04,21052.15,242051
2024-04-22 13:00:00,21057.1,21059.09,21028.54,21043.96,134799
2024-04-22 13:05:00,21043.53,21050.97,21007.72,21045.26,87466
2024-04-22 13:10:00,21040.9,21045.69,21000.42,21024.7,231140
2024-04-22 13:15:00,21028.18,21034.6,20984.79,21011.06,112316
2024-04-22 13:20:00,21008.7,21017.37,20943.0,20966.24,51290
2024-04-22 13:25:00,20967.83,20968.31,20931.36,20934.83,257150
2024-04-22 13:30:00,20934.77,20976.59,20933.16,20958.59,103599
2024-04-22 13:35:00,20959.38,20983.07,20894.97,20906.72,238294
2024-04-22 13:40:00,20907.26,20931.72,20890.98,20891.74,48460
2024-04-22 13:45:00,20889.93,20894.44,20862.59,20887.88,105165
2024-04-22 13:50:00,20888.01,20888.46,20862.8,20872.32,65703
2024-04-22 13:55:00,20878.69,20881.22,20839.91,20848.25,259918
2024-04-22 14:00:00,20841.26,20841.7,20825.97,20839.07,199150
2024-04-22 14:05:00,20839.28,20839.7,20822.7,20831.08,26106
2024-04-22 14:10:00,20832.44,20833.66,20811.37,20821.64,75693
2024-04-22 14:15:00,20818.36,20833.41,20742.81,20776.82,196560
2024-04-22 14:20:00,20772.55,20789.97,20746.02,20766.28,146345
2024-04-22 14:25:00,20773.0,20785.92,20741.2,20741.87,144964
2024-04-22 14:30:00,20740.71,20760.02,20715.87,20723.63,47886
2024-04-22 14:35:00,20730.09,20765.88,20706.17,20720.73,217714
2024-04-22 14:40:00,20722.4,20745.87,20715.67,20726.07,108763
2024-04-22 14:45:00,20726.31,20755.06,20716.74,20736.54,23157
2024-04-22 14:50:00,20738.02,20740.78,20692.81,20719.67,122549
2024-04-22 14:55:00,20721.64,20743.37,20701.83,20730.85,93737
2024-04-22 15:00:00,20734.52,20754.07,20713.03,20747.06,41062
2024-04-22 15:05:00,20748.42,20782.18,20743.18,20762.65,132579
2024-04-22 15:10:00,20763.1,20784.77,20754.06,20783.34,123186
2024-04-22 15:15:00,20783.88,20825.3,20763.88,20773.82,35681
2024-04-22 15:20:00,20778.03,20786.49,20756.16,20763.85,213727
2024-04-22 15:25:00,20766.39,20785.84,20758.53,20773.69,168194
2024-04-23 09:15:00,20770.57,20780.64,20730.58,20740.42,202294
2024-04-23 09:20:00,20738.44,20754.79,20717.15,20738.33,208043
2024-04-23 09:25:00,20739.35,20755.29,20721.13,20721.77,171639
2024-04-23 09:30:00,20719.83,20749.82,20692.43,20708.51,231819
2024-04-23 09:35:00,20707.34,20718.35,20648.76,20668.4,52616
2024-04-23 09:40:00,20665.44,20703.64,20626.33,20645.16,55062
2024-04-23 09:45:00,20644.35,20688.55,20626.83,20639.11,77289
2024-04-23 09:50:00,20640.42,20679.6,20623.89,20650.99,137176
2024-04-23 09:55:00,20654.08,20666.62,20653.58,20665.0,94715
2024-04-23 10:00:00,20665.02,20677.06,20656.7,20658.1,243777
2024-04-23 10:05:00,20664.53,20678.43,20638.16,20649.19,174564
2024-04-23 10:10:00,20648.96,20669.23,20616.21,20627.83,37038
2024-04-23 10:15:00,20637.71,20662.82,20606.16,20630.76,204528
2024-04-23 10:20:00,20633.86,20635.41,20595.65,20621.07,181865
2024-04-23 10:25:00,20622.6,20661.46,20604.31,20628.22,162970
2024-04-23 10:30:00,20626.68,20661.68,20625.23,20657.98,92067
2024-04-23 10:35:00,20649.22,20696.55,20642.18,20652.86,87709
2024-04-23 10:40:00,20652.38,20668.05,20613.65,20619.15,251997
2024-04-23 10:45:00,20619.7,20626.53,20570.59,20598.08,221490
2024-04-23 10:50:00,20604.02,20608.4,20542.72,20565.47,174838
2024-04-23 10:55:00,20561.22,20590.19,20518.83,20538.14,93261
2024-04-23 11:00:00,20544.01,20564.66,20528.38,20559.79,237545
2024-04-23 11:05:00,20559.01,20582.01,20546.31,20560.51,115647
2024-04-23 11:10:00,20562.74,20562.83,20503.37,20527.26,33454
2024-04-23 11:15:00,20519.44,20550.46,20493.51,20536.56,94681
2024-04-23 11:20:00,20536.99,20567.23,20530.24,20557.85,166646
2024-04-23 11:25:00,20556.79,20567.9,20541.93,20547.63,174817
2024-04-23 11:30:00,20549.73,20572.43,20525.44,20531.39,119181
2024-04-23 11:35:00,20531.67,20549.39,20521.73,20521.88,126115
2024-04-23 11:40:00,20518.37,20525.8,20498.52,20524.64,42454
2024-04-23 11:45:00,20527.56,20545.74,20509.31,20534.47,186212
2024-04-23 11:50:00,20536.61,20565.46,20525.2,20555.02,118616
2024-04-23 11:55:00,20556.86,20581.42,20542.01,20576.31,49297
2024-04-23 12:00:00,20579.43,20613.83,20568.39,20597.24,199327
2024-04-23 12:05:00,20600.64,20625.99,20573.29,20621.78,138689
2024-04-23 12:10:00,20621.71,20644.19,20579.81,20632.74,154270
2024-04-23 12:15:00,20628.54,20646.16,20581.38,20600.91,69196
2024-04-23 12:20:00,20596.63,20598.52,20590.67,20596.63,152639
2024-04-23 12:25:00,20600.8,20608.91,20581.29,20601.19,134791
2024-04-23 12:30:00,20603.39,20618.0,20580.96,20592.26,83177
2024-04-23 12:35:00,20592.57,20616.48,20588.76,20608.79,19672
2024-04-23 12:40:00,20607.45,20617.29,20582.35,20600.58,135692
2024-04-23 12:45:00,20600.68,20614.21,20552.74,20581.45,250500
2024-04-23 12:50:00,20581.52,20622.12,20579.65,20608.82,131100
2024-04-23 12:55:00,20607.78,20629.32,20601.21,20621.12,198110
2024-04-23 13:00:00,20618.96,20653.18,20599.45,20624.81,223565
2024-04-23 13:05:00,20631.5,20649.21,20614.22,20642.51,204843
2024-04-23 13:10:00,20643.21,20692.91,20628.1,20663.03,231934
2024-04-23 13:15:00,20661.15,20671.97,20656.71,20669.53,132283
2024-04-23 13:20:00,20665.5,20684.92,20615.79,20621.28,139310
2024-04-23 13:25:00,20619.04,20624.23,20602.23,20608.15,113481
2024-04-23 13:30:00,20610.37,20631.06,20594.31,20599.44,134661
2024-04-23 13:35:00,20601.79,20613.36,20577.08,20580.56,87126
2024-04-23 13:40:00,20579.89,20592.89,20553.41,20584.96,84565
2024-04-23 13:45:00,20585.12,20613.65,20580.89,20608.94,135049
2024-04-23 13:50:00,20608.0,20617.35,20581.09,20600.24,149324
2024-04-23 13:55:00,20596.82,20601.41,20578.13,20578.97,56739
2024-04-23 14:00:00,20582.99,20621.06,20556.85,20619.73,55301
2024-04-23 14:05:00,20620.88,20630.75,20601.35,20612.1,204805
2024-04-23 14:10:00,20619.76,20627.72,20589.06,20589.32,255509
2024-04-23 14:15:00,20586.98,20600.85,20579.82,20595.45,178264
2024-04-23 14:20:00,20595.03,20606.8,20588.26,20605.41,114788
2024-04-23 14:25:00,20608.13,20615.51,20589.31,20593.37,203288
2024-04-23 14:30:00,20592.61,20640.68,20577.17,20610.74,21541
2024-04-23 14:35:00,20606.45,20620.49,20598.44,20603.23,243664
2024-04-23 14:40:00,20600.3,20614.89,20570.79,20587.35,89752
2024-04-23 14:45:00,20587.66,20596.7,20568.3,20593.14,111061
2024-04-23 14:50:00,20594.21,20615.56,20577.98,20610.67,246157
2024-04-23 14:55:00,20610.38,20614.93,20585.72,20600.84,141300
2024-04-23 15:00:00,20603.94,20625.97,20597.24,20610.02,90361
2024-04-23 15:05:00,20613.09,20625.82,20603.78,20611.04,159583
2024-04-23 15:10:00,20612.04,20674.82,20595.65,20669.4,130221
2024-04-23 15:15:00,20669.49,20699.77,20636.55,20658.61,215955
2024-04-23 15:20:00,20657.83,20689.56,20656.15,20689.05,265460
2024-04-23 15:25:00,20690.76,20712.11,20656.13,20691.41,220245
2024-04-24 09:15:00,20694.26,20726.24,20684.86,20692.43,193090
2024-04-24 09:20:00,20692.62,20718.48,20679.06,20710.27,252196
2024-04-24 09:25:00,20711.67,20738.71,20688.94,20731.65,107136
2024-04-24 09:30:00,20730.64,20762.39,20720.62,20760.53,263947
2024-04-24 09:35:00,20756.14,20774.51,20742.0,20771.06,57110
2024-04-24 09:40:00,20767.94,20768.74,20756.02,20763.39,232168
2024-04-24 09:45:00,20765.77,20794.98,20751.73,20757.08,107597
2024-04-24 09:50:00,20758.47,20776.08,20744.33,20771.55,156019
2024-04-24 09:55:00,20776.51,20803.5,20750.97,20787.57,107832
2024-04-24 10:00:00,20787.74,20841.31,20778.03,20819.88,224191
2024-04-24 10:05:00,20822.58,20850.92,20819.56,20832.96,228856
2024-04-24 10:10:00,20837.09,20890.91,20812.38,20858.88,73959
2024-04-24 10:15:00,20861.99,20907.28,20852.63,20894.02,158600
2024-04-24 10:20:00,20892.11,20920.8,20885.52,20902.47,158957
2024-04-24 10:25:00,20901.89,20917.79,20872.01,20878.29,246577
2024-04-24 10:30:00,20878.69,20894.37,20848.92,20860.31,60425
2024-04-24 10:35:00,20857.23,20865.31,20835.32,20837.35,260405
2024-04-24 10:40:00,20838.84,20884.28,20810.68,20874.52,73597
2024-04-24 10:45:00,20877.73,20920.93,20860.41,20863.47,221108
2024-04-24 10:50:00,20861.96,20904.76,20858.78,20893.77,145052
2024-04-24 10:55:00,20899.95,20915.54,20892.12,20911.38,116460
2024-04-24 11:00:00,20910.46,20955.59,20864.1,20951.58,231108
2024-04-24 11:05:00,20950.94,20995.31,20921.64,20977.78,116480
2024-04-24 11:10:00,20977.03,21003.76,20967.3,20982.06,125023
2024-04-24 11:15:00,20979.83,20995.84,20967.37,20984.51,141005
2024-04-24 11:20:00,20985.82,21016.1,20972.04,20992.74,227637
2024-04-24 11:25:00,20992.8,21031.03,20989.36,21002.88,176134
2024-04-24 11:30:00,21008.11,21031.09,20995.73,20999.03,241223
2024-04-24 11:35:00,21000.95,21014.04,20999.33,21005.23,211905
2024-04-24 11:40:00,21006.92,21061.75,20990.39,21044.32,51242
2024-04-24 11:45:00,21043.62,21045.83,21002.28,21017.36,222501
2024-04-24 11:50:00,21012.9,21057.34,21003.92,21029.66,107655
2024-04-24 11:55:00,21029.38,21042.1,21013.57,21018.78,91549
2024-04-24 12:00:00,21016.09,21049.25,20976.35,21029.83,198392
2024-04-24 12:05:00,21032.84,21059.23,21031.72,21054.04,200158
2024-04-24 12:10:00,21053.94,21080.27,21030.89,21060.4,78072
2024-04-24 12:15:00,21065.66,21093.18,21053.06,21083.48,111503
2024-04-24 12:20:00,21085.8,21087.26,21055.47,21059.34,35153
2024-04-24 12:25:00,21061.98,21095.43,21034.3,21089.28,214734
2024-04-24 12:30:00,21090.0,21124.19,21070.14,21085.05,59442
2024-04-24 12:35:00,21085.71,21120.65,21064.35,21105.46,22784
2024-04-24 12:40:00,21107.53,21124.03,21083.61,21117.15,85438
2024-04-24 12:45:00,21120.07,21131.23,21066.94,21073.42,244919
2024-04-24 12:50:00,21071.18,21089.35,21022.96,21066.45,135186
2024-04-24 12:55:00,21068.0,21093.28,21056.05,21079.09,182303
2024-04-24 13:00:00,21087.38,21129.52,21063.26,21118.55,263856
2024-04-24 13:05:00,21118.27,21137.85,21110.24,21132.71,53607
2024-04-24 13:10:00,21131.9,21148.07,21128.21,21146.35,118087
2024-04-24 13:15:00,21144.15,21146.96,21096.17,21126.5,79789
2024-04-24 13:20:00,21121.91,21198.35,21097.64,21163.85,209194
2024-04-24 13:25:00,21167.62,21234.19,21137.2,21208.89,103751
2024-04-24 13:30:00,21209.08,21231.55,21202.59,21218.2,169224
2024-04-24 13:35:00,21219.15,21234.67,21212.65,21222.57,134449
2024-04-24 13:40:00,21228.44,21261.56,21192.7,21198.8,256462
2024-04-24 13:45:00,21206.77,21231.17,21187.04,21225.5,243877
2024-04-24 13:50:00,21222.67,21315.85,21194.02,21289.04,133103
2024-04-24 13:55:00,21292.41,21343.64,21276.31,21312.6,256700
2024-04-24 14:00:00,21314.59,21357.34,21311.53,21347.3,72975
2024-04-24 14:05:00,21348.58,21372.26,21333.33,21367.46,164730
2024-04-24 14:10:00,21369.0,21370.97,21348.28,21356.67,134755
2024-04-24 14:15:00,21356.6,21409.31,21348.06,21393.06,48722
2024-04-24 14:20:00,21398.17,21416.6,21357.43,21377.27,143381
2024-04-24 14:25:00,21379.25,21389.66,21363.18,21382.32,240191
2024-04-24 14:30:00,21383.43,21414.16,21366.09,21397.35,40085
2024-04-24 14:35:00,21401.36,21432.97,21350.65,21424.72,257827
2024-04-24 14:40:00,21427.61,21446.23,21423.66,21442.64,128519
2024-04-24 14:45:00,21444.13,21468.6,21413.96,21460.0,40298
2024-04-24 14:50:00,21461.06,21487.03,21430.52,21453.99,133431
2024-04-24 14:55:00,21459.65,21488.68,21426.4,21437.26,177449
2024-04-24 15:00:00,21438.9,21492.89,21425.51,21448.06,160877
2024-04-24 15:05:00,21447.78,21460.02,21433.82,21443.16,169377
2024-04-24 15:10:00,21440.41,21451.57,21408.98,21426.12,137105
2024-04-24 15:15:00,21425.02,21451.53,21399.11,21409.95,175895
2024-04-24 15:20:00,21406.59,21421.62,21404.99,21409.58,59173
2024-04-24 15:25:00,21409.94,21434.42,21372.48,21381.54,200096
2024-04-25 09:15:00,21382.37,21398.51,21351.91,21363.78,113089
2024-04-25 09:20:00,21357.22,21361.61,21338.07,21340.22,21041
2024-04-25 09:25:00,21340.28,21374.48,21339.68,21353.52,215255
2024-04-25 09:30:00,21355.6,21381.54,21328.4,21371.41,93068
2024-04-25 09:35:00,21371.95,21423.92,21366.57,21421.83,107002
2024-04-25 09:40:00,21418.78,21423.3,21398.66,21401.01,101071
2024-04-25 09:45:00,21405.09,21431.77,21395.88,21396.81,238027
2024-04-25 09:50:00,21394.59,21434.46,21393.97,21425.0,181348
2024-04-25 09:55:00,21421.06,21456.54,21410.79,21430.2,78634
2024-04-25 10:00:00,21426.74,21445.76,21411.01,21433.16,39593
2024-04-25 10:05:00,21433.12,21500.41,21412.0,21477.6,35270
2024-04-25 10:10:00,21480.78,21486.2,21451.1,21480.3,80257
2024-04-25 10:15:00,21484.06,21493.89,21445.03,21466.3,155477
2024-04-25 10:20:00,21466.98,21494.51,21439.14,21449.01,61042
2024-04-25 10:25:00,21445.17,21491.52,21414.46,21465.38,104591
2024-04-25 10:30:00,21463.27,21482.82,21454.43,21481.13,30389
2024-04-25 10:35:00,21478.24,21485.72,21460.29,21462.63,126167
2024-04-25 10:40:00,21462.07,21479.0,21436.91,21452.0,128568
2024-04-25 10:45:00,21446.3,21474.11,21442.28,21472.33,211072
2024-04-25 10:50:00,21472.69,21499.69,21466.38,21493.51,68948
2024-04-25 10:55:00,21495.6,21501.54,21461.5,21489.75,131981
2024-04-25 11:00:00,21489.28,21513.74,21476.01,21511.8,136585
2024-04-25 11:05:00,21513.29,21573.5,21493.62,21532.8,56044
2024-04-25 11:10:00,21529.77,21556.51,21489.02,21505.61,71023
2024-04-25 11:15:00,21500.92,21529.65,21475.14,21508.45,196814
2024-04-25 11:20:00,21506.4,21568.02,21501.69,21526.11,208138
2024-04-25 11:25:00,21529.85,21548.09,21512.39,21523.53,60549
2024-04-25 11:30:00,21526.86,21542.64,21470.37,21488.9,48981
2024-04-25 11:35:00,21487.43,21503.02,21451.8,21492.14,139152
2024-04-25 11:40:00,21496.02,21533.8,21465.73,21516.47,208465
2024-04-25 11:45:00,21515.42,21563.61,21508.11,21557.73,192494
2024-04-25 11:50:00,21562.62,21580.84,21513.83,21521.76,188600
2024-04-25 11:55:00,21523.33,21627.32,21518.69,21584.09,272023
2024-04-25 12:00:00,21582.62,21593.57,21548.96,21569.74,56313
2024-04-25 12:05:00,21572.32,21636.45,21565.65,21598.06,228012
2024-04-25 12:10:00,21595.55,21651.45,21589.81,21632.05,116455
2024-04-25 12:15:00,21629.02,21674.15,21598.95,21660.86,157900
2024-04-25 12:20:00,21656.14,21690.76,21623.81,21672.46,107810
2024-04-25 12:25:00,21673.3,21684.93,21649.17,21657.01,20422
2024-04-25 12:30:00,21656.84,21691.86,21654.59,21678.29,129474
2024-04-25 12:35:00,21678.04,21708.8,21653.48,21671.87,192246
2024-04-25 12:40:00,21670.54,21692.33,21625.7,21628.2,198246
2024-04-25 12:45:00,21632.87,21717.0,21620.77,21694.56,206747
2024-04-25 12:50:00,21693.18,21746.31,21658.69,21717.24,23310
2024-04-25 12:55:00,21714.89,21776.8,21697.28,21762.8,252177
2024-04-25 13:00:00,21766.87,21785.35,21740.63,21751.89,57239
2024-04-25 13:05:00,21756.52,21818.11,21716.4,21790.08,23793
2024-04-25 13:10:00,21791.19,21833.02,21790.49,21830.8,202154
2024-04-25 13:15:00,21825.1,21881.8,21797.38,21870.76,235637
2024-04-25 13:20:00,21868.79,21903.52,21818.33,21877.93,39769
2024-04-25 13:25:00,21879.94,21890.61,21833.1,21860.46,150261
2024-04-25 13:30:00,21860.51,21864.62,21859.74,21864.19,208562
2024-04-25 13:35:00,21869.28,21873.56,21789.09,21825.78,169971
2024-04-25 13:40:00,21821.31,21834.78,21783.3,21797.71,111855
2024-04-25 13:45:00,21799.93,21822.87,21780.32,21806.71,42529
2024-04-25 13:50:00,21804.66,21821.53,21770.51,21793.16,27511
2024-04-25 13:55:00,21797.49,21811.08,21774.16,21796.64,238626
2024-04-25 14:00:00,21796.4,21805.0,21795.25,21801.16,192091
2024-04-25 14:05:00,21804.53,21887.17,21789.54,21847.87,114356
2024-04-25 14:10:00,21845.75,21915.92,21836.28,21881.4,82399
2024-04-25 14:15:00,21876.78,21894.63,21875.53,21886.95,231893
2024-04-25 14:20:00,21883.3,21920.61,21876.03,21918.47,270714
2024-04-25 14:25:00,21916.47,21940.13,21898.62,21908.49,183160
2024-04-25 14:30:00,21905.13,21923.16,21904.76,21907.62,223617
2024-04-25 14:35:00,21911.57,21940.69,21895.17,21932.6,186250
2024-04-25 14:40:00,21937.01,21938.13,21906.94,21912.65,232116
2024-04-25 14:45:00,21913.55,21927.2,21868.85,21912.63,205472
2024-04-25 14:50:00,21909.23,21913.58,21849.7,21890.81,233416
2024-04-25 14:55:00,21890.42,21929.56,21867.66,21898.79,137079
2024-04-25 15:00:00,21896.53,21948.72,21884.97,21938.2,39893
2024-04-25 15:05:00,21942.98,21982.16,21901.91,21927.83,199378
2024-04-25 15:10:00,21928.87,21982.92,21905.74,21937.7,24895
2024-04-25 15:15:00,21939.32,21969.22,21914.06,21924.05,188912
2024-04-25 15:20:00,21922.74,21947.15,21885.26,21905.03,115380
2024-04-25 15:25:00,21898.42,21904.55,21863.3,21884.11,93767
2024-04-26 09:15:00,21881.57,21938.9,21875.77,21919.02,127328
2024-04-26 09:20:00,21915.35,21998.13,21900.39,21972.8,258323
2024-04-26 09:25:00,21974.02,22007.56,21966.55,21987.29,115202
2024-04-26 09:30:00,21987.61,22005.93,21969.08,21976.6,136334
2024-04-26 09:35:00,21973.95,22013.36,21956.69,21995.45,162101
2024-04-26 09:40:00,21994.17,22002.8,21983.87,21992.46,159157
2024-04-26 09:45:00,21997.63,22023.53,21989.34,22013.08,208222
2024-04-26 09:50:00,22009.91,22046.16,21992.04,22022.89,160947
2024-04-26 09:55:00,22019.86,22054.84,21999.57,22032.33,200450
2024-04-26 10:00:00,22031.58,22057.11,22027.96,22048.5,157753
2024-04-26 10:05:00,22046.19,22067.19,22026.75,22039.67,232588
2024-04-26 10:10:00,22038.26,22065.27,22014.96,22034.38,172654
2024-04-26 10:15:00,22036.13,22070.8,21986.11,22001.4,190855
2024-04-26 10:20:00,22007.11,22036.29,21974.16,21995.04,78896
2024-04-26 10:25:00,21989.17,21996.6,21942.67,21968.07,236259
2024-04-26 10:30:00,21968.01,21977.08,21944.37,21967.64,144883
2024-04-26 10:35:00,21967.78,21969.14,21927.97,21950.11,41005
2024-04-26 10:40:00,21949.83,21973.98,21946.43,21954.52,52541
2024-04-26 10:45:00,21953.9,21973.63,21936.39,21966.12,24896
2024-04-26 10:50:00,21965.0,21986.78,21916.23,21938.51,205060
2024-04-26 10:55:00,21941.82,21948.65,21916.95,21923.43,125553
2024-04-26 11:00:00,21921.9,21962.57,21904.46,21905.5,203475
2024-04-26 11:05:00,21905.08,21925.42,21890.72,21922.6,229014
2024-04-26 11:10:00,21922.6,21982.53,21912.24,21959.59,256189
2024-04-26 11:15:00,21959.94,21984.71,21932.12,21978.64,111659
2024-04-26 11:20:00,21978.07,21993.53,21971.74,21972.47,142098
2024-04-26 11:25:00,21975.76,22013.84,21975.19,22004.04,48114
2024-04-26 11:30:00,22004.02,22018.43,21936.26,21973.24,35576
2024-04-26 11:35:00,21973.82,22008.13,21968.37,22005.25,52059
2024-04-26 11:40:00,22005.08,22021.49,21966.88,21992.06,35392
2024-04-26 11:45:00,21988.75,21993.18,21885.34,21934.43,85051
2024-04-26 11:50:00,21931.7,21991.42,21919.16,21989.97,229188
2024-04-26 11:55:00,21986.51,22048.0,21981.46,22023.04,238110
2024-04-26 12:00:00,22023.68,22055.88,21984.37,22001.4,130027
2024-04-26 12:05:00,21999.04,22013.05,21988.98,22004.72,93892
2024-04-26 12:10:00,22001.21,22016.12,21971.74,21999.87,233138
2024-04-26 12:15:00,22000.65,22015.94,21973.2,22001.49,210133
2024-04-26 12:20:00,22003.22,22006.93,21949.16,21969.85,106352
2024-04-26 12:25:00,21964.04,21991.49,21929.66,21954.82,241166
2024-04-26 12:30:00,21960.38,21970.23,21954.15,21963.62,187873
2024-04-26 12:35:00,21963.73,21968.25,21952.29,21967.16,192719
2024-04-26 12:40:00,21966.81,22006.08,21954.77,21990.94,221715
2024-04-26 12:45:00,21994.46,22011.93,21972.93,21991.2,223239
2024-04-26 12:50:00,21991.43,22044.52,21987.36,22038.78,233036
2024-04-26 12:55:00,22036.78,22037.79,22016.72,22022.1,79740
2024-04-26 13:00:00,22029.35,22031.4,21994.46,22025.67,163361
2024-04-26 13:05:00,22022.12,22055.49,21971.04,21983.62,71721
2024-04-26 13:10:00,21983.3,21986.47,21949.07,21955.33,199251
2024-04-26 13:15:00,21958.12,22014.17,21932.15,21980.77,79147
2024-04-26 13:20:00,21977.24,22001.8,21957.32,21958.67,85062
2024-04-26 13:25:00,21958.33,21968.2,21944.85,21967.17,22737
2024-04-26 13:30:00,21968.44,21985.91,21960.44,21963.16,83698
2024-04-26 13:35:00,21971.07,21973.52,21923.87,21938.52,247328
2024-04-26 13:40:00,21935.59,21951.93,21914.19,21928.27,196284
2024-04-26 13:45:00,21928.11,21933.4,21885.11,21914.43,67370
2024-04-26 13:50:00,21916.59,21934.47,21894.56,21901.01,225157
2024-04-26 13:55:00,21901.27,21923.36,21892.44,21913.28,165817
2024-04-26 14:00:00,21909.32,21923.59,21892.08,21923.3,129597
2024-04-26 14:05:00,21924.65,21935.84,21880.76,21907.59,86395
2024-04-26 14:10:00,21907.94,21924.22,21847.03,21884.89,214278
2024-04-26 14:15:00,21886.35,21948.26,21884.47,21886.8,138952
2024-04-26 14:20:00,21890.51,21896.65,21867.31,21880.62,231278
2024-04-26 14:25:00,21883.95,21933.28,21860.74,21897.77,122834
2024-04-26 14:30:00,21899.11,21951.99,21866.82,21948.7,225030
2024-04-26 14:35:00,21949.72,21979.11,21930.89,21961.77,187584
2024-04-26 14:40:00,21958.15,21960.21,21948.53,21956.4,68823
2024-04-26 14:45:00,21955.95,21982.93,21926.89,21948.03,64750
2024-04-26 14:50:00,21948.76,21982.46,21909.94,21925.28,155098
2024-04-26 14:55:00,21923.96,21927.72,21875.02,21901.38,90149
2024-04-26 15:00:00,21901.7,21903.24,21852.95,21875.37,220888
2024-04-26 15:05:00,21872.66,21909.89,21844.29,21861.88,51448
2024-04-26 15:10:00,21866.92,21879.66,21838.76,21847.63,212490
2024-04-26 15:15:00,21854.68,21858.23,21811.91,21857.55,93797
2024-04-26 15:20:00,21856.27,21866.28,21829.89,21843.64,68916
2024-04-26 15:25:00,21844.95,21859.13,21819.85,21833.79,211325
2024-04-29 09:15:00,21833.02,21896.06,21774.61,21802.67,47720
2024-04-29 09:20:00,21806.8,21838.51,21801.55,21830.77,258793
2024-04-29 09:25:00,21832.19,21870.56,21829.57,21835.18,168889
2024-04-29 09:30:00,21835.43,21884.41,21818.74,21866.09,24080
2024-04-29 09:35:00,21865.35,21883.52,21860.46,21876.3,103642
2024-04-29 09:40:00,21876.71,21908.39,21871.97,21900.81,226352
2024-04-29 09:45:00,21897.52,21899.08,21879.89,21889.06,42328
2024-04-29 09:50:00,21891.28,21917.93,21890.78,21897.29,187070
2024-04-29 09:55:00,21894.95,21957.53,21891.72,21946.83,155341
2024-04-29 10:00:00,21948.6,21958.14,21900.85,21914.43,40310
2024-04-29 10:05:00,21914.86,21958.77,21910.75,21931.91,155338
2024-04-29 10:10:00,21935.51,21976.3,21915.95,21960.18,59834
2024-04-29 10:15:00,21960.13,21969.34,21926.36,21961.73,114016
2024-04-29 10:20:00,21965.1,21987.14,21942.27,21970.36,217549
2024-04-29 10:25:00,21967.33,21999.23,21963.38,21989.64,192805
2024-04-29 10:30:00,21991.65,21998.34,21946.69,21968.11,66497
2024-04-29 10:35:00,21967.37,21969.58,21966.35,21969.19,154114
2024-04-29 10:40:00,21969.83,21974.08,21926.89,21942.95,243212
2024-04-29 10:45:00,21943.18,21983.4,21892.24,21920.74,92377
2024-04-29 10:50:00,21923.82,21935.99,21888.3,21899.71,149783
2024-04-29 10:55:00,21893.07,21902.28,21887.76,21888.7,121302
2024-04-29 11:00:00,21889.76,21904.06,21879.83,21883.76,241338
2024-04-29 11:05:00,21878.85,21904.02,21875.42,21885.25,172902
2024-04-29 11:10:00,21889.21,21892.93,21814.81,21846.9,150569
2024-04-29 11:15:00,21840.43,21883.92,21836.48,21880.7,254398
2024-04-29 11:20:00,21877.41,21906.19,21871.93,21896.93,50250
2024-04-29 11:25:00,21891.44,21915.13,21875.49,21903.94,218758
2024-04-29 11:30:00,21909.33,21929.59,21883.36,21887.78,162677
2024-04-29 11:35:00,21883.55,21905.8,21846.64,21877.28,88542
2024-04-29 11:40:00,21877.65,21884.05,21851.08,21880.27,118306
2024-04-29 11:45:00,21878.51,21884.03,21870.45,21880.29,31725
2024-04-29 11:50:00,21874.38,21920.57,21799.8,21835.75,39912
2024-04-29 11:55:00,21834.64,21864.34,21817.03,21842.64,61843
2024-04-29 12:00:00,21844.81,21900.16,21821.45,21895.79,243392
2024-04-29 12:05:00,21895.18,21912.68,21842.61,21847.45,279277
2024-04-29 12:10:00,21850.54,21862.53,21817.47,21859.57,228474
2024-04-29 12:15:00,21858.39,21871.29,21854.58,21858.32,161192
2024-04-29 12:20:00,21858.35,21861.74,21832.48,21846.79,243027
2024-04-29 12:25:00,21845.53,21881.62,21838.37,21866.79,86045
2024-04-29 12:30:00,21867.92,21893.12,21828.06,21832.33,183870
2024-04-29 12:35:00,21838.55,21842.9,21826.27,21826.5,58540
2024-04-29 12:40:00,21827.68,21852.19,21792.17,21848.3,160724
2024-04-29 12:45:00,21848.94,21850.03,21823.1,21834.71,43306
2024-04-29 12:50:00,21832.68,21840.61,21790.65,21816.38,65911
2024-04-29 12:55:00,21813.9,21814.29,21791.01,21809.35,190136
2024-04-29 13:00:00,21814.14,21836.33,21763.77,21790.39,250202
2024-04-29 13:05:00,21786.75,21828.38,21785.75,21813.77,34006
2024-04-29 13:10:00,21810.78,21844.16,21760.06,21784.9,202724
2024-04-29 13:15:00,21784.58,21827.3,21767.85,21793.87,214861
2024-04-29 13:20:00,21792.47,21817.46,21732.89,21757.63,191332
2024-04-29 13:25:00,21764.01,21782.9,21750.73,21762.2,99491
2024-04-29 13:30:00,21754.48,21784.23,21737.16,21750.31,180642
2024-04-29 13:35:00,21751.49,21765.45,21674.33,21685.86,36583
2024-04-29 13:40:00,21688.18,21689.21,21669.34,21676.06,213172
2024-04-29 13:45:00,21672.42,21708.38,21616.77,21643.81,247073
2024-04-29 13:50:00,21641.72,21662.58,21601.36,21624.73,101645
2024-04-29 13:55:00,21626.14,21663.93,21601.62,21647.54,116894
2024-04-29 14:00:00,21652.83,21658.3,21603.81,21614.23,48744
2024-04-29 14:05:00,21611.24,21614.2,21550.83,21582.16,191613
2024-04-29 14:10:00,21577.05,21619.86,21569.29,21602.83,258561
2024-04-29 14:15:00,21605.98,21614.19,21574.57,21595.56,77634
2024-04-29 14:20:00,21600.49,21627.39,21599.78,21618.37,27366
2024-04-29 14:25:00,21617.28,21637.61,21605.5,21615.47,52821
2024-04-29 14:30:00,21608.29,21632.08,21572.75,21587.14,87535
2024-04-29 14:35:00,21591.84,21618.62,21557.68,21576.03,205335
2024-04-29 14:40:00,21575.39,21602.07,21563.27,21592.25,135805
2024-04-29 14:45:00,21595.89,21608.61,21594.06,21602.41,18883
2024-04-29 14:50:00,21602.26,21625.23,21569.65,21592.74,28002
2024-04-29 14:55:00,21591.52,21613.24,21566.36,21584.09,57815
2024-04-29 15:00:00,21582.63,21584.35,21560.41,21572.07,91228
2024-04-29 15:05:00,21576.84,21580.87,21535.42,21550.27,52859
2024-04-29 15:10:00,21554.9,21613.43,21542.4,21581.34,238608
2024-04-29 15:15:00,21574.42,21584.87,21536.23,21571.9,130776
2024-04-29 15:20:00,21568.87,21578.93,21529.27,21538.53,178693
2024-04-29 15:25:00,21544.27,21567.63,21511.89,21518.98,258278
2024-04-30 09:15:00,21517.79,21542.65,21495.65,21524.76,151166
2024-04-30 09:20:00,21520.37,21559.55,21500.42,21528.79,31953
2024-04-30 09:25:00,21528.8,21554.31,21510.74,21516.48,23187
2024-04-30 09:30:00,21516.13,21547.48,21460.51,21493.05,56931
2024-04-30 09:35:00,21492.74,21518.86,21465.8,21484.21,117018
2024-04-30 09:40:00,21482.67,21489.95,21426.52,21439.84,90216
2024-04-30 09:45:00,21438.84,21461.79,21402.79,21403.37,51980
2024-04-30 09:50:00,21401.9,21415.76,21374.81,21410.89,77235
2024-04-30 09:55:00,21411.96,21420.65,21372.09,21391.73,112327
2024-04-30 10:00:00,21389.13,21401.27,21382.24,21390.48,97205
2024-04-30 10:05:00,21389.55,21455.63,21383.56,21406.91,111484
2024-04-30 10:10:00,21406.45,21453.94,21398.48,21411.5,20910
2024-04-30 10:15:00,21415.69,21439.31,21389.1,21402.99,116279
2024-04-30 10:20:00,21404.19,21458.19,21384.41,21438.63,65421
2024-04-30 10:25:00,21438.28,21446.75,21417.52,21443.77,90051
2024-04-30 10:30:00,21445.5,21478.44,21424.84,21427.57,254950
2024-04-30 10:35:00,21428.88,21443.69,21425.64,21434.18,196736
2024-04-30 10:40:00,21437.68,21451.33,21416.28,21434.07,204791
2024-04-30 10:45:00,21435.7,21440.43,21392.87,21407.58,134293
2024-04-30 10:50:00,21413.34,21419.71,21389.82,21400.6,134451
2024-04-30 10:55:00,21404.91,21413.34,21387.93,21388.71,230552
2024-04-30 11:00:00,21388.58,21411.81,21321.26,21339.33,254909
2024-04-30 11:05:00,21338.01,21340.93,21314.32,21327.47,99106
2024-04-30 11:10:00,21330.3,21340.52,21283.86,21313.39,132288
2024-04-30 11:15:00,21315.04,21315.96,21285.11,21296.16,53505
2024-04-30 11:20:00,21295.86,21303.15,21236.01,21253.97,40969
2024-04-30 11:25:00,21249.26,21266.76,21232.26,21238.68,103110
2024-04-30 11:30:00,21232.84,21237.74,21205.3,21230.02,104211
2024-04-30 11:35:00,21231.13,21236.86,21214.99,21224.38,216552
2024-04-30 11:40:00,21226.83,21231.48,21180.55,21193.19,230739
2024-04-30 11:45:00,21195.75,21216.45,21193.87,21198.71,99975
2024-04-30 11:50:00,21194.62,21203.92,21157.84,21166.09,265745
2024-04-30 11:55:00,21169.38,21185.95,21130.71,21154.08,210386
2024-04-30 12:00:00,21152.39,21203.8,21130.23,21173.77,167291
2024-04-30 12:05:00,21175.0,21185.63,21151.68,21152.26,187565
2024-04-30 12:10:00,21153.59,21164.81,21125.97,21134.62,120557
2024-04-30 12:15:00,21132.08,21165.17,21097.57,21149.79,80238
2024-04-30 12:20:00,21147.91,21164.12,21132.16,21134.96,38508
2024-04-30 12:25:00,21128.39,21151.41,21114.01,21122.04,63804
2024-04-30 12:30:00,21119.13,21135.64,21118.56,21119.9,122170
2024-04-30 12:35:00,21114.19,21148.59,21093.92,21134.96,45793
2024-04-30 12:40:00,21136.34,21157.93,21065.24,21083.06,36225
2024-04-30 12:45:00,21083.26,21083.52,21035.45,21059.66,129528
2024-04-30 12:50:00,21062.55,21071.24,21022.18,21032.72,161874
2024-04-30 12:55:00,21033.84,21065.21,20976.09,21004.33,193131
2024-04-30 13:00:00,21002.33,21029.92,20941.33,20980.8,102264
2024-04-30 13:05:00,20981.89,21016.41,20954.54,20957.74,91508
2024-04-30 13:10:00,20956.51,20962.94,20952.28,20958.11,34324
2024-04-30 13:15:00,20960.03,20960.23,20931.69,20934.29,253419
2024-04-30 13:20:00,20935.28,20937.78,20915.41,20931.24,177687
2024-04-30 13:25:00,20928.13,20948.18,20920.73,20933.98,21411
2024-04-30 13:30:00,20933.99,20973.01,20886.31,20913.79,248443
2024-04-30 13:35:00,20913.97,20920.41,20910.45,20911.26,194477
2024-04-30 13:40:00,20910.29,20949.78,20901.99,20939.52,109167
2024-04-30 13:45:00,20942.33,20975.49,20927.13,20941.12,56126
2024-04-30 13:50:00,20946.5,20951.09,20904.49,20923.3,255303
2024-04-30 13:55:00,20922.14,20938.21,20906.83,20917.26,245775
2024-04-30 14:00:00,20916.16,20921.06,20892.2,20894.04,135980
2024-04-30 14:05:00,20887.0,20917.28,20886.42,20895.08,40008
2024-04-30 14:10:00,20894.68,20908.83,20891.04,20908.26,100721
2024-04-30 14:15:00,20906.9,20935.37,20886.96,20887.42,242447
2024-04-30 14:20:00,20880.65,20886.91,20853.18,20879.09,231474
2024-04-30 14:25:00,20879.99,20917.59,20827.84,20897.71,115727
2024-04-30 14:30:00,20899.56,20911.53,20874.15,20883.79,87738
2024-04-30 14:35:00,20881.49,20912.73,20857.0,20883.9,81653
2024-04-30 14:40:00,20882.74,20915.35,20831.73,20859.6,226414
2024-04-30 14:45:00,20856.58,20861.58,20825.58,20839.6,29394
2024-04-30 14:50:00,20841.98,20858.28,20822.19,20825.95,161256
2024-04-30 14:55:00,20821.21,20902.59,20805.41,20865.89,78188
2024-04-30 15:00:00,20864.91,20865.94,20844.59,20854.75,132185
2024-04-30 15:05:00,20860.85,20865.3,20819.62,20841.36,109041
2024-04-30 15:10:00,20841.52,20862.31,20824.68,20827.46,163460
2024-04-30 15:15:00,20828.92,20847.42,20815.74,20821.56,231488
2024-04-30 15:20:00,20821.1,20839.35,20815.33,20832.06,139430
2024-04-30 15:25:00,20828.39,20844.62,20818.64,20833.46,234235
2024-05-01 09:15:00,20833.36,20884.95,20813.02,20872.01,163972
2024-05-01 09:20:00,20873.28,20884.72,20863.61,20874.17,36008
2024-05-01 09:25:00,20870.97,20936.13,20854.74,20900.96,236175
2024-05-01 09:30:00,20902.03,20918.62,20893.01,20904.65,145025
2024-05-01 09:35:00,20908.55,20917.58,20891.36,20915.01,245828
2024-05-01 09:40:00,20918.37,20925.73,20863.59,20884.83,28503
2024-05-01 09:45:00,20879.87,20888.77,20874.45,20880.93,213646
2024-05-01 09:50:00,20877.87,20911.17,20827.91,20878.32,41496
2024-05-01 09:55:00,20873.27,20902.12,20851.98,20872.4,33880
2024-05-01 10:00:00,20875.75,20909.98,20817.1,20828.8,183849
2024-05-01 10:05:00,20830.71,20866.96,20820.58,20845.41,31268
2024-05-01 10:10:00,20847.61,20859.89,20835.73,20837.07,139817
2024-05-01 10:15:00,20834.33,20851.3,20796.24,20827.87,232454
2024-05-01 10:20:00,20824.23,20846.87,20795.87,20822.43,222975
2024-05-01 10:25:00,20822.67,20836.16,20808.58,20817.67,184947
2024-05-01 10:30:00,20817.98,20859.43,20815.65,20825.61,226125
2024-05-01 10:35:00,20822.94,20857.63,20794.74,20800.51,245434
2024-05-01 10:40:00,20800.95,20820.83,20778.14,20782.29,57659
2024-05-01 10:45:00,20784.3,20796.92,20760.23,20788.34,26445
2024-05-01 10:50:00,20789.06,20795.78,20786.99,20791.67,161002
2024-05-01 10:55:00,20788.43,20796.24,20756.02,20784.83,187565
2024-05-01 11:00:00,20778.24,20785.68,20767.7,20774.24,206042
2024-05-01 11:05:00,20773.43,20784.93,20737.04,20758.65,50809
2024-05-01 11:10:00,20759.16,20772.46,20749.97,20758.52,189611
2024-05-01 11:15:00,20757.71,20805.93,20748.14,20782.97,87597
2024-05-01 11:20:00,20781.64,20790.84,20754.09,20763.39,156149
2024-05-01 11:25:00,20761.24,20811.24,20760.97,20794.9,272072
2024-05-01 11:30:00,20797.13,20837.47,20787.82,20813.15,142129
2024-05-01 11:35:00,20812.99,20815.69,20774.98,20805.92,195658
2024-05-01 11:40:00,20806.3,20833.66,20787.97,20823.26,155637
2024-05-01 11:45:00,20820.22,20827.99,20785.94,20796.27,249236
2024-05-01 11:50:00,20794.34,20836.39,20758.28,20764.22,124951
2024-05-01 11:55:00,20764.73,20774.94,20736.49,20741.05,31446
2024-05-01 12:00:00,20737.92,20763.06,20701.48,20735.38,146987
2024-05-01 12:05:00,20731.46,20751.69,20723.91,20731.5,65651
2024-05-01 12:10:00,20730.48,20759.4,20721.48,20724.02,222954
2024-05-01 12:15:00,20727.76,20763.57,20715.73,20728.78,235081
2024-05-01 12:20:00,20729.38,20735.11,20676.47,20689.71,111425
2024-05-01 12:25:00,20694.24,20710.44,20691.02,20702.51,216388
2024-05-01 12:30:00,20702.1,20704.09,20649.52,20677.81,128280
2024-05-01 12:35:00,20676.85,20699.42,20628.03,20668.16,236306
2024-05-01 12:40:00,20663.84,20680.37,20640.54,20663.51,117583
2024-05-01 12:45:00,20661.72,20688.93,20640.67,20644.4,204171
2024-05-01 12:50:00,20648.85,20657.46,20602.7,20621.24,231625
2024-05-01 12:55:00,20622.25,20636.86,20605.0,20605.37,110274
2024-05-01 13:00:00,20607.63,20616.09,20606.78,20609.09,73506
2024-05-01 13:05:00,20611.27,20640.56,20600.95,20624.73,137348
2024-05-01 13:10:00,20624.7,20651.78,20613.51,20640.0,123249
2024-05-01 13:15:00,20639.37,20649.85,20601.17,20624.85,104012
2024-05-01 13:20:00,20625.22,20638.1,20593.75,20613.8,193694
2024-05-01 13:25:00,20615.88,20647.6,20580.93,20600.36,128018
2024-05-01 13:30:00,20601.77,20635.51,20599.93,20613.86,111281
2024-05-01 13:35:00,20615.38,20622.48,20534.4,20578.81,159853
2024-05-01 13:40:00,20579.29,20618.96,20578.9,20607.98,234419
2024-05-01 13:45:00,20605.6,20611.3,20575.18,20603.54,60466
2024-05-01 13:50:00,20602.73,20638.53,20585.25,20593.38,143488
2024-05-01 13:55:00,20590.47,20618.67,20581.18,20605.31,32565
2024-05-01 14:00:00,20608.41,20644.77,20607.51,20630.94,44430
2024-05-01 14:05:00,20624.44,20646.31,20618.69,20643.18,236308
2024-05-01 14:10:00,20642.51,20695.21,20625.13,20669.48,110811
2024-05-01 14:15:00,20676.88,20677.98,20658.35,20677.88,70017
2024-05-01 14:20:00,20676.82,20717.94,20672.55,20707.92,57095
2024-05-01 14:25:00,20704.4,20749.0,20674.06,20738.42,187105
2024-05-01 14:30:00,20738.37,20744.16,20721.13,20742.56,117613
2024-05-01 14:35:00,20746.58,20790.78,20736.7,20777.16,129802
2024-05-01 14:40:00,20776.66,20794.84,20763.57,20786.74,102957
2024-05-01 14:45:00,20788.65,20821.88,20770.56,20794.88,208077
2024-05-01 14:50:00,20795.2,20838.31,20761.13,20783.22,98055
2024-05-01 14:55:00,20782.05,20803.15,20781.21,20784.14,32907
2024-05-01 15:00:00,20793.97,20815.43,20785.47,20806.24,221447
2024-05-01 15:05:00,20806.46,20834.73,20786.24,20787.13,102548
2024-05-01 15:10:00,20785.46,20820.68,20780.18,20806.9,235779
2024-05-01 15:15:00,20805.37,20843.61,20773.34,20820.81,210103
2024-05-01 15:20:00,20822.0,20835.18,20812.17,20833.43,195895
2024-05-01 15:25:00,20834.71,20851.83,20759.39,20797.01,99984
2024-05-02 09:15:00,20799.42,20810.52,20799.13,20802.26,192356
2024-05-02 09:20:00,20802.7,20825.74,20800.9,20822.47,232897
2024-05-02 09:25:00,20817.99,20819.96,20813.83,20814.85,223318
2024-05-02 09:30:00,20816.51,20831.34,20785.31,20824.2,222294
2024-05-02 09:35:00,20823.23,20863.51,20766.0,20784.83,259460
2024-05-02 09:40:00,20783.94,20805.97,20781.53,20805.81,95000
2024-05-02 09:45:00,20801.18,20819.34,20797.89,20800.51,58012
2024-05-02 09:50:00,20798.72,20843.0,20767.95,20825.62,70720
2024-05-02 09:55:00,20823.35,20838.71,20790.33,20797.14,243980
2024-05-02 10:00:00,20797.02,20841.76,20793.99,20818.84,56740
2024-05-02 10:05:00,20814.31,20855.75,20791.46,20822.26,54550
2024-05-02 10:10:00,20822.42,20864.04,20812.98,20846.42,239241
2024-05-02 10:15:00,20846.81,20866.68,20811.92,20836.34,81768
2024-05-02 10:20:00,20832.84,20854.21,20831.9,20832.41,170323
2024-05-02 10:25:00,20830.46,20885.24,20811.89,20885.23,237690
2024-05-02 10:30:00,20882.54,20887.15,20871.46,20877.22,38403
2024-05-02 10:35:00,20880.07,20936.47,20850.08,20871.74,50932
2024-05-02 10:40:00,20863.82,20885.61,20859.62,20874.83,186974
2024-05-02 10:45:00,20873.75,20907.32,20857.2,20863.18,243777
2024-05-02 10:50:00,20857.99,20929.09,20855.52,20895.48,35580
2024-05-02 10:55:00,20894.13,20948.61,20882.85,20938.52,266469
2024-05-02 11:00:00,20941.18,20946.6,20916.61,20933.33,242207
2024-05-02 11:05:00,20931.35,20942.18,20904.95,20907.89,19991
2024-05-02 11:10:00,20908.32,20970.84,20895.84,20940.09,256851
2024-05-02 11:15:00,20937.44,21004.39,20936.48,20971.12,180498
2024-05-02 11:20:00,20977.22,20997.33,20970.37,20996.52,193816
2024-05-02 11:25:00,20999.4,21044.95,20956.2,21028.68,254236
2024-05-02 11:30:00,21032.24,21057.09,21017.48,21020.47,90236
2024-05-02 11:35:00,21016.28,21027.01,20992.59,21026.26,141392
2024-05-02 11:40:00,21022.79,21058.42,21004.09,21007.81,87123
2024-05-02 11:45:00,21011.22,21036.08,20979.59,20988.74,148511
2024-05-02 11:50:00,20988.12,21027.76,20981.6,21017.56,143394
2024-05-02 11:55:00,21016.74,21066.18,21002.95,21013.42,150892
2024-05-02 12:00:00,21014.47,21070.77,20988.07,21068.3,202783
2024-05-02 12:05:00,21064.34,21086.47,21051.29,21079.14,147317
2024-05-02 12:10:00,21081.59,21087.44,21058.15,21075.7,52528
2024-05-02 12:15:00,21075.76,21102.33,21067.18,21101.09,163075
2024-05-02 12:20:00,21102.6,21205.36,21096.64,21146.67,153235
2024-05-02 12:25:00,21144.55,21170.0,21139.12,21165.91,182905
2024-05-02 12:30:00,21167.54,21186.0,21148.56,21150.93,126125
2024-05-02 12:35:00,21148.7,21172.51,21145.5,21167.89,246884
2024-05-02 12:40:00,21170.92,21211.11,21169.27,21205.09,24849
2024-05-02 12:45:00,21208.68,21214.59,21200.52,21204.69,36343
2024-05-02 12:50:00,21207.59,21209.25,21179.33,21198.64,226179
2024-05-02 12:55:00,21200.28,21243.46,21186.78,21228.67,78892
2024-05-02 13:00:00,21230.69,21245.59,21222.04,21241.05,164253
2024-05-02 13:05:00,21232.43,21255.38,21220.24,21228.36,20310
2024-05-02 13:10:00,21231.02,21233.56,21183.72,21230.25,210035
2024-05-02 13:15:00,21229.38,21238.44,21224.11,21224.56,33630
2024-05-02 13:20:00,21224.86,21249.01,21180.79,21240.07,75659
2024-05-02 13:25:00,21239.16,21273.79,21205.71,21251.81,65894
2024-05-02 13:30:00,21247.38,21299.47,21235.93,21284.59,256547
2024-05-02 13:35:00,21282.87,21327.47,21272.28,21308.47,240290
2024-05-02 13:40:00,21310.58,21316.71,21272.24,21286.35,27737
2024-05-02 13:45:00,21290.88,21342.11,21268.19,21304.08,94562
2024-05-02 13:50:00,21302.09,21361.68,21296.32,21331.72,198685
2024-05-02 13:55:00,21328.83,21351.52,21327.37,21350.44,163412
2024-05-02 14:00:00,21355.09,21398.07,21338.97,21380.8,243529
2024-05-02 14:05:00,21377.97,21392.03,21376.86,21379.07,88095
2024-05-02 14:10:00,21385.72,21413.57,21358.26,21369.16,198526
2024-05-02 14:15:00,21369.33,21408.1,21360.02,21397.43,265526
2024-05-02 14:20:00,21394.59,21399.34,21364.07,21385.12,97094
2024-05-02 14:25:00,21388.28,21398.16,21308.79,21350.58,69590
2024-05-02 14:30:00,21356.0,21381.12,21354.27,21380.65,170165
2024-05-02 14:35:00,21376.05,21382.32,21361.19,21375.16,108096
2024-05-02 14:40:00,21380.16,21390.03,21371.65,21378.13,240299
2024-05-02 14:45:00,21377.23,21386.32,21330.34,21358.88,108210
2024-05-02 14:50:00,21363.64,21379.64,21312.57,21341.07,25974
2024-05-02 14:55:00,21339.86,21340.98,21323.13,21326.66,69414
2024-05-02 15:00:00,21321.61,21343.95,21302.92,21328.32,51587
2024-05-02 15:05:00,21329.92,21378.76,21301.35,21344.74,36785
2024-05-02 15:10:00,21347.71,21362.78,21306.17,21307.05,56000
2024-05-02 15:15:00,21313.75,21358.82,21310.45,21331.08,115421
2024-05-02 15:20:00,21336.6,21370.4,21301.91,21315.89,139522
2024-05-02 15:25:00,21318.11,21322.91,21300.62,21302.98,66193
2024-05-03 09:15:00,21302.22,21327.31,21291.34,21325.32,158471
2024-05-03 09:20:00,21323.66,21356.71,21308.17,21332.37,23901
2024-05-03 09:25:00,21331.43,21338.4,21308.19,21309.74,194839
2024-05-03 09:30:00,21307.08,21370.51,21293.98,21355.55,256104
2024-05-03 09:35:00,21354.67,21383.14,21333.43,21346.46,234042
2024-05-03 09:40:00,21338.31,21370.51,21330.53,21359.76,99458
2024-05-03 09:45:00,21360.34,21381.48,21335.01,21372.04,210728
2024-05-03 09:50:00,21371.95,21417.37,21351.24,21408.88,23754
2024-05-03 09:55:00,21417.12,21438.84,21383.24,21407.7,109921
2024-05-03 10:00:00,21410.13,21446.68,21391.79,21436.22,173349
2024-05-03 10:05:00,21434.68,21463.57,21420.03,21429.05,133664
2024-05-03 10:10:00,21430.86,21488.51,21407.13,21459.76,140153
2024-05-03 10:15:00,21455.81,21458.42,21444.07,21451.98,31116
2024-05-03 10:20:00,21450.04,21474.75,21447.65,21452.28,171323
2024-05-03 10:25:00,21446.27,21524.59,21435.38,21498.56,258122
2024-05-03 10:30:00,21503.19,21534.9,21491.36,21512.56,103681
2024-05-03 10:35:00,21514.47,21534.83,21509.9,21522.24,117804
2024-05-03 10:40:00,21518.44,21618.28,21512.81,21575.48,60047
2024-05-03 10:45:00,21575.29,21609.67,21571.06,21590.16,153147
2024-05-03 10:50:00,21593.23,21599.32,21574.89,21580.59,166369
2024-05-03 10:55:00,21582.19,21625.71,21562.17,21602.72,244490
2024-05-03 11:00:00,21603.96,21648.07,21576.57,21585.45,114105
2024-05-03 11:05:00,21582.67,21634.95,21558.75,21615.47,215863
2024-05-03 11:10:00,21613.41,21648.29,21603.27,21647.03,240524
2024-05-03 11:15:00,21647.34,21647.64,21634.57,21641.92,171136
2024-05-03 11:20:00,21644.9,21665.87,21623.82,21635.57,92905
2024-05-03 11:25:00,21632.88,21652.11,21621.14,21645.65,122334
2024-05-03 11:30:00,21642.01,21673.91,21587.01,21652.28,69249
2024-05-03 11:35:00,21656.0,21674.86,21632.85,21638.41,233107
2024-05-03 11:40:00,21635.39,21664.94,21633.91,21656.21,63664
2024-05-03 11:45:00,21659.71,21683.59,21604.94,21620.24,179869
2024-05-03 11:50:00,21621.02,21651.62,21592.02,21617.22,75822
2024-05-03 11:55:00,21620.08,21645.93,21604.7,21614.69,27979
2024-05-03 12:00:00,21620.35,21635.03,21597.58,21614.72,70954
2024-05-03 12:05:00,21616.95,21632.71,21598.21,21626.55,120947
2024-05-03 12:10:00,21629.07,21629.14,21602.21,21606.73,144899
2024-05-03 12:15:00,21603.76,21639.51,21595.68,21624.09,62530
2024-05-03 12:20:00,21621.84,21641.47,21605.79,21625.55,101232
2024-05-03 12:25:00,21627.63,21633.53,21610.66,21617.22,106114
2024-05-03 12:30:00,21622.19,21629.66,21576.96,21594.06,255715
2024-05-03 12:35:00,21598.57,21599.25,21567.37,21574.57,175166
2024-05-03 12:40:00,21582.07,21602.57,21558.92,21586.6,66439
2024-05-03 12:45:00,21587.6,21601.14,21552.58,21571.34,41791
2024-05-03 12:50:00,21572.0,21587.07,21558.93,21577.04,232131
2024-05-03 12:55:00,21580.29,21643.11,21544.66,21603.07,53300
2024-05-03 13:00:00,21603.13,21670.11,21590.16,21628.4,102302
2024-05-03 13:05:00,21628.19,21683.03,21619.72,21664.48,55384
2024-05-03 13:10:00,21661.07,21667.38,21643.1,21662.24,126457
2024-05-03 13:15:00,21665.46,21672.09,21640.15,21643.64,155087
2024-05-03 13:20:00,21640.16,21678.4,21629.48,21668.23,254571
2024-05-03 13:25:00,21669.89,21697.59,21658.09,21678.06,115190
2024-05-03 13:30:00,21673.44,21711.03,21669.2,21704.54,212304
2024-05-03 13:35:00,21708.11,21712.46,21694.09,21707.95,125193
2024-05-03 13:40:00,21704.6,21747.9,21691.58,21735.67,254380
2024-05-03 13:45:00,21738.42,21784.59,21736.54,21756.06,79507
2024-05-03 13:50:00,21750.88,21779.77,21735.66,21773.65,147619
2024-05-03 13:55:00,21772.21,21798.0,21753.74,21786.69,40607
2024-05-03 14:00:00,21790.54,21807.12,21778.59,21797.41,92490
2024-05-03 14:05:00,21794.78,21805.02,21783.03,21804.59,148466
2024-05-03 14:10:00,21804.81,21852.12,21794.93,21811.47,172643
2024-05-03 14:15:00,21809.9,21838.14,21805.09,21834.06,33660
2024-05-03 14:20:00,21826.49,21828.89,21800.3,21825.35,176204
2024-05-03 14:25:00,21826.36,21887.27,21819.97,21863.14,274880
2024-05-03 14:30:00,21864.56,21898.59,21854.7,21862.56,27288
2024-05-03 14:35:00,21858.93,21892.63,21850.98,21884.52,54565
2024-05-03 14:40:00,21886.4,21902.35,21849.14,21883.97,41873
2024-05-03 14:45:00,21881.36,21890.98,21840.99,21880.03,220357
2024-05-03 14:50:00,21876.74,21931.64,21872.04,21923.35,268685
2024-05-03 14:55:00,21923.38,21935.67,21910.2,21917.8,89132
2024-05-03 15:00:00,21915.56,21922.24,21891.5,21891.97,196946
2024-05-03 15:05:00,21899.5,21929.16,21834.95,21877.72,194766
2024-05-03 15:10:00,21872.61,21874.31,21850.45,21871.57,205761
2024-05-03 15:15:00,21873.99,21923.17,21860.27,21916.69,117514
2024-05-03 15:20:00,21919.94,21934.12,21902.59,21921.15,60820
2024-05-03 15:25:00,21914.64,21949.52,21905.96,21940.62,88488
